Location,Land Area,Bedrooms,Road Access,Land Area x Road Access,Facing,Price
"""Bhaisepati, L""",4.1,4,12,49.2,NE,38000000
"""Sitapaila, K""",6.2,5,20,124,W,47000000
"""Imadol, L""",4,4,13,52,S,34000000
"""Attarkhel, K""",3.2,8,13,41.6,E,30000000
"""Syuchatar, K""",3.2,4,14,44.8,N,22000000
"""Bhaisepati, L""",6,4,13,78,S,50000000
"""Lazimpat, K""",5.2,6,15,78,W,60000000
"""Budhanilkantha, K""",9.2,4,20,184,W,62000000
"""Lambagar, K""",4,6,11,44,S,26000000
"""Baluwakhani, K""",3.1,6,16,49.6,W,27500000
"""Mandikhatar, K""",4,4,20,80,S,42500000
"""Danchhi, K""",3.1,2,20,62,NE,12000000
"""Dhapasi, K""",9,6,12,108,E,47000000
"""Jagdol, K""",3.2,5,13,41.6,E,9000000
"""Bhaisepati, L""",4.2,5,13,54.6,SE,45000000
"""Mandikhatar, K""",3.1,6,13,40.3,W,26500000
"""Mandikhatar, K""",5,6,13,65,E,38500000
"""Pepsicola, K""",7,5,20,140,S,67500000
"""Bhaisepati, L""",4.2,6,20,84,SE,40000000
"""Khumaltar, L""",4.2,4,14,58.8,S,39000000
"""Raniban, K""",4.2,6,14,58.8,SW,31000000
"""Kusunti, L""",4.2,4,11,46.2,W,40000000
"""Sano bharyang, K""",3.3,7,13,42.9,NW,36000000
"""Aakasedhara, K""",5,6,12,60,SW,31500000
"""Hattiban, L""",4.1,7,13,53.3,NE,40000000
"""Nakhipot, L""",6.94,5,13,90.22,W,32500000
"""Tokha, K""",2.2,3,13,28.6,NW,10000000
"""Dharmasthali, K""",5,8,36,180,NE,26500000
"""Bhaisepati, L""",3.5,4,15,52.5,S,45000000
"""Golfutar, K""",4,4,13,52,E,32500000
"""Sitapaila, K""",3,2,13,39,W,14000000
"""Kapan, K""",3,2,13,39,S,13500000
"""Hepali Height, K""",4,4,13,52,NE,33500000
"""Budhanilkantha, K""",5,6,14,70,SW,36000000
"""Yetkha, K""",2.3,8,16,36.8,S,32000000
"""Sitapaila, K""",5,5,13,65,E,65000000
"""Pasikot, K""",4.4,4,15,66,NE,45000000
"""Gothatar, K""",3.3,5,28,92.4,NW,24000000
"""Nakhipot, L""",4,7,12,48,SE,36000000
"""Imadol, L""",3,3,13,39,S,21000000
"""Budhanilkantha, K""",6,4,13,78,W,46000000
"""Ekatabasti, K""",4.1,4,16,65.6,W,36000000
"""Mandikhatar, K""",4.3,5,13,55.9,E,34500000
"""Dhapasi, K""",7,5,13,91,NE,44000000
"""Lolang, K""",3,2,13,39,E,13800000
"""Ekatabasti, K""",3,5,13,39,S,18500000
"""Baluwatar, K""",8,3,10,80,S,80000000
"""Radhe Radhe, B""",2.2,4,24,52.8,N,24000000
"""Mandikhatar, K""",5,6,13,65,E,37800000
"""Pepsicola, K""",3.2,6,20,64,E,24000000
"""Kapan, K""",3.1,2,13,40.3,SE,16800000
"""Balkot, B""",6.52,4,20,130.4,S,28000000
"""Thamel, K""",3,5,13,39,SE,55000000
"""Bafal, K""",4,7,12,48,SW,36500000
"""Sipadol, B""",4,2,13,52,SE,15000000
"""Budhanilkantha, K""",4.5,7,13,58.5,N,50000000
"""Ganesh Chowk, K""",4,5,13,52,E,35000000
"""Chunikhel, K""",4,5,13,52,SW,28000000
"""Baluwatar, K""",6,5,25,150,W,35000000
"""Mhaipi, K""",4,4,20,80,N,33000000
"""Tikathali, L""",2.6,6,12,31.2,SE,22000000
"""Imadol, L""",3.2,7,20,64,NE,28500000
"""Ekatabasti, K""",4.1,2,16,65.6,E,17000000
"""Budhanilkantha, K""",5,5,13,65,W,36000000
"""Dhapasi, K""",3.1,5,12,37.2,E,21000000
"""Harisiddhi, L""",3.2,5,20,64,S,23500000
"""Rudreshwor, K""",6.3,5,14,88.2,E,68000000
"""Baluwa, K""",3.3,2,10,33,SE,6800000
"""Thapathali, K""",7,5,14,98,E,60000000
"""Maijubahal, K""",6.2,5,8,49.6,N,35000000
"""Samakhusi, K""",3,3,12,36,W,32500000
"""Budhanilkantha, K""",3,6,15,45,N,40000000
"""Kusunti, L""",3.2,5,13,41.6,S,24000000
"""Dhapakhel, L""",2.2,6,13,28.6,S,19000000
"""Sundarbasti, K""",3.2,6,12,38.4,E,25500000
"""Baluwakhani, K""",3.2,5,13,41.6,E,19500000
"""Basundhara, K""",5.2,4,16,83.2,N,35000000
"""Thankot, K""",2.3,5,13,29.9,SW,16000000
"""Imadol, L""",3.2,5,13,41.6,S,27500000
"""Wasik, K""",5.2,5,14,72.8,S,37500000
"""Khumaltar, L""",4.1,5,13,53.3,SE,31000000
"""Koteshwor, K""",4,5,26,104,E,45000000
"""Gongabu, K""",8,5,10,80,SW,51500000
"""Budhanilkantha, K""",4.2,4,13,54.6,SW,35000000
"""Ochu Height, L""",3,4,13,39,W,23000000
"""Mandikhatar, K""",5,5,16,80,E,39500000
"""Thankot, K""",3,4,13,39,N,21000000
"""Imadol, L""",7,14,18,126,SW,70000000
"""Bhaisepati, L""",4.1,4,10,41,SE,38000000
"""Makalbari, K""",8,2,13,104,NE,31000000
"""Imadol, L""",3.1,4,13,40.3,E,24000000
"""Changathali, L""",3.1,6,11,34.1,E,15000000
"""Pepsicola, K""",2.2,4,20,44,E,24000000
"""Banasthali, K""",6.2,5,20,124,E,70000000
"""Imadol, L""",3.2,5,20,64,W,27500000
"""Kusunti, L""",4,5,16,64,N,27500000
"""Soltidobato, K""",4,3,13,52,S,30000000
"""Boharatar, K""",6,4,13,78,W,48500000
"""Ekatabasti, K""",5,4,13,65,N,36500000
"""Hepali Height, K""",3,5,12,36,S,30000000
"""Baniyatar, K""",3.5,7,14,49,SW,37500000
"""Machhe Gaun, K""",3,5,16,48,N,12000000
"""Thapagaun, K""",4.2,3,12,50.4,E,43000000
"""Ekatabasti, K""",4,4,13,52,NE,29500000
"""Shankhamul, K""",3.2,8,13,41.6,S,45000000
"""Bhaisepati, L""",3.2,5,16,51.2,NW,26500000
"""Golfutar, K""",4,4,13,52,E,37500000
"""Jharuwarasi, L""",4.3,3,20,86,NW,13000000
"""Pasikot, K""",6,5,13,78,SE,35000000
"""Manabahadur Marga, K""",4,7,13,52,E,31000000
"""Sinamangal, K""",4.1,5,20,82,W,49000000
"""Manabahadur Marga, K""",4.2,5,16,67.2,NE,33000000
"""Imadol, L""",3.2,5,13,41.6,N,26500000
"""Manamaiju, K""",8.2,13,18,147.6,SE,58500000
"""Nakhu, L""",4,4,15,60,SW,28000000
"""Imadol, L""",2.3,4,13,29.9,E,19500000
"""Bhangal, K""",4,5,13,52,E,31000000
"""Bhimsengola, K""",10,6,20,200,NE,75000000
"""Manabahadur Marga, K""",4,5,20,80,W,35000000
"""Bhangal, K""",5,5,13,65,E,29500000
"""Darjeeling Height, B""",2,4,10,20,S,17500000
"""Sanepa, L""",5,5,10,50,SE,45000000
"""Dhapasi, K""",3,5,13,39,E,21000000
"""Bhelpa, L""",3.2,5,11,35.2,SW,26500000
"""Sanepa, L""",5,6,16,80,NE,65000000
"""Manamaiju, K""",4,9,12,48,S,38000000
"""Sukedhara, K""",4,7,12,48,S,29500000
"""Hattigauda, K""",5.1,5,13,66.3,N,39000000
"""Thaiba, L""",3.1,4,20,62,SE,12500000
"""Bhaisepati, L""",4.2,4,20,84,SE,45000000
"""Jawalakhel, L""",3,7,18,54,W,30000000
"""Golfutar, K""",4.1,4,13,53.3,E,37500000
"""Chunikhel, K""",3.1,5,13,40.3,SE,20500000
"""Mandikhatar, K""",3.2,5,13,41.6,E,22200000
"""Machhapokhari, K""",6.3,14,20,126,SE,48500000
"""Dallu, K""",3.2,6,20,64,E,45000000
"""Budhanilkantha, K""",5,4,13,65,S,48000000
"""Dhumbarahi, K""",6.1,7,36,219.6,SE,69000000
"""Koteshwor, K""",4,6,26,104,E,45000000
"""Bhaisepati, L""",5.2,5,18,93.6,NE,38000000
"""Budhanilkantha, K""",8.2,4,13,106.6,NE,55000000
"""Bhaisepati, L""",3,6,20,60,NW,36000000
"""Anamnagar, K""",3.3,6,11,36.3,SW,42500000
"""Phutung, K""",4.2,5,18,75.6,W,26000000
"""Bhaisepati, L""",3.2,6,20,64,SE,29500000
"""Narayanthan, K""",7,6,18,126,N,65000000
"""Aakasedhara, K""",5,5,20,100,SE,45000000
"""Gokarneswhor, K""",3.1,2,12,37.2,E,13000000
"""Kapan, K""",2.2,4,12,26.4,N,15500000
"""Baluwakhani, K""",5,7,13,65,W,38000000
"""Bhangal, K""",4,4,13,52,N,29000000
"""Mandikhatar, K""",3.2,4,32,102.4,E,27500000
"""Chhaling, B""",4,2,16,64,N,9500000
"""Sunakothi, L""",4.2,3,8,33.6,SW,12500000
"""Panga, K""",5.2,14,12,62.4,S,35000000
"""Thankot, K""",3.3,5,13,42.9,S,16000000
"""Jyotinagar, K""",3.2,7,13,41.6,S,22500000
"""Machhe Gaun, K""",3.1,7,13,40.3,E,10500000
"""Sundarbasti, K""",4,6,18,72,E,27500000
"""Thulo Bharayang, K""",3.1,4,14,43.4,W,25000000
"""Chyasal, L""",3,7,13,39,W,22500000
"""Kavresthali, K""",3.1,5,13,40.3,N,18500000
"""Imadol, L""",3.1,5,16,49.6,S,22500000
"""Budhanilkantha, K""",4,6,14,56,SE,32500000
"""Naya Basti, K""",3.3,5,12,39.6,E,25000000
"""Kalanki, K""",6.3,8,20,126,S,45000000
"""Bhaisepati, L""",3.2,4,20,64,SW,26500000
"""Kapan, K""",3.3,6,12,39.6,W,24000000
"""Bhaisepati, L""",4,6,16,64,NW,37000000
"""Balkot, B""",6,4,10,60,S,42500000
"""Mulpani, K""",4,5,20,80,N,31500000
"""Nakhudole, L""",4,3,10,40,S,27500000
"""Basundhara, K""",6,7,14,84,S,47500000
"""Kalikasthan, K""",4,8,15,60,NW,60000000
"""Sainbu, L""",3.2,4,15,48,SE,35000000
"""Bansbari, K""",10.2,5,15,153,E,62000000
"""Padmasal, K""",5,3,10,50,NE,20000000
"""Buddha Chowk, K""",5,5,13,65,W,36000000
"""Mahadevtar, K""",10.2,6,20,204,S,46500000
"""Bhangal, K""",5,3,13,65,SW,34000000
"""Dhungedhara, K""",9.2,4,20,184,E,65000000
"""Kapan, K""",4.2,6,12,50.4,S,37500000
"""Thankot, K""",3,4,13,39,N,12500000
"""Mahadevtar, K""",10.1,6,20,202,S,46500000
"""Maharajgunj, K""",5,12,12,60,W,41000000
"""Hattiban, L""",3.2,8,13,41.6,E,34000000
"""Budhanilkantha, K""",4.2,5,13,54.6,SE,28500000
"""Sitapaila, K""",4,5,13,52,W,18500000
"""Teku, K""",8.1,7,10,81,E,77500000
"""Bhutkhel, K""",4,7,20,80,W,26700000
"""Khadka Gaun, K""",3,5,13,39,SE,21900000
"""Syuchatar, K""",3,6,13,39,E,22500000
"""Goldhunga, K""",3,2,16,48,S,13000000
"""Bouddha, K""",4,6,18,72,E,29500000
"""Satungal, K""",3.2,6,13,41.6,W,18500000
"""Gurjudhara, K""",2.5,5,13,32.5,W,16500000
"""Naikap, K""",3.1,4,13,40.3,S,21000000
"""Dhungedhara, K""",3.5,5,13,45.5,N,33000000
"""Grande Hospital, K""",8.2,5,18,147.6,W,70000000
"""Golfutar, K""",5.1,6,12,61.2,E,29500000
"""Sukedhara, K""",4,4,12,48,S,30000000
"""Gatthaghar, B""",4,5,13,52,W,30000000
"""Pasikot, K""",5,5,13,65,N,36000000
"""Bhaisepati, L""",5.3,7,16,84.8,NE,49500000
"""Koteshwor, K""",9.2,7,20,184,SE,60000000
"""Nikhileshwor, K""",3.2,5,16,51.2,W,24000000
"""Gurjudhara, K""",6,5,10,60,SE,29000000
"""Naikap, K""",3.1,2,32,99.2,W,8500000
"""Baniyatar, K""",3,4,12,36,W,19500000
"""Paiyatar, K""",3.2,2,13,41.6,E,13500000
"""Padmasal, K""",3.2,5,13,41.6,W,24000000
"""Imadol, L""",2.2,3,13,28.6,S,17000000
"""Khichapokhari, K""",5.3,7,10,53,W,35500000
"""Paiyatar, K""",3,11,13,39,SE,17500000
"""Maharajgunj, K""",8.1,6,14,113.4,E,75000000
"""Lubhu, L""",3,4,20,60,S,29000000
"""Bhangal, K""",3,4,13,39,NW,17500000
"""Bhangal, K""",3.2,4,20,64,N,21000000
"""Jyotinagar, K""",5.3,4,13,68.9,W,33500000
"""Dhapasi, K""",3,5,12,36,E,19500000
"""Hattiban, L""",5.5,5,16,88,S,50000000
"""Megha City, K""",3.2,5,13,41.6,SE,29900000
"""Pasikot, K""",4,5,20,80,SE,24000000
"""Jaya Bageshwori, K""",4,5,18,72,N,38500000
"""Sallaghari, B""",6.1,4,20,122,NE,37500000
"""Dhungedhara, K""",6,5,13,78,SE,55000000
"""Dhaneshwor, K""",3,2,13,39,E,13500000
"""Bafal, K""",9.2,3,13,119.6,E,70000000
"""Srijananagar, B""",3.2,7,20,64,NW,22500000
"""Ekatabasti, K""",5.3,3,13,68.9,S,33000000
"""Mandikhatar, K""",3,6,13,39,N,21000000
"""Bhangal, K""",4,4,16,64,E,23500000
"""Kapan, K""",3,2,10,30,E,11200000
"""Bhangal, K""",3.2,2,13,41.6,NW,13500000
"""Sukedhara, K""",2.2,4,13,28.6,N,17000000
"""Lubhu, L""",3.1,5,11,34.1,S,15000000
"""Ram Mandir, K""",3.5,5,26,91,NE,37500000
"""Sano thimi, B""",8,6,20,160,E,50000000
"""Chapali, K""",5,6,18,90,N,39000000
"""Aakasedhara, K""",4,5,10,40,N,19000000
"""Paiyatar, K""",4.2,6,12,50.4,E,22000000
"""Ganesh Chowk, K""",4.2,4,13,54.6,S,32500000
"""Naya Basti, K""",5,7,10,50,E,28000000
"""Thankot, K""",4,4,13,52,N,16500000
"""Hattiban, L""",9,2,20,180,SW,38000000
"""Hattiban, L""",3.2,3,20,64,W,32500000
"""Gaurighat, K""",7,9,10,70,S,60000000
"""Lolang, K""",3,6,18,54,N,15500000
"""Goldhunga, K""",3,5,13,39,S,15000000
"""Pasikot, K""",9,6,16,144,E,60000000
"""Koteshwor, K""",2.2,6,12,26.4,E,27500000
"""Bhangal, K""",4.1,5,13,53.3,NW,22000000
"""Sai Baba chowk, K""",4,6,13,52,E,25000000
"""Greenland Chowk, K""",9,7,10,90,E,45000000
"""Sundarbasti, K""",3.2,6,12,38.4,S,20000000
"""Imadol, L""",3,5,20,60,E,21000000
"""Chapali, K""",5,5,12,60,NW,44000000
"""Bhaisepati, L""",4,3,16,64,N,40000000
"""Bhaisepati, L""",5,4,15,75,E,36000000
"""Imadol, L""",2.3,4,13,29.9,N,18000000
"""Saraswotinagar, K""",7,4,13,91,NE,40000000
"""Imadol, L""",3.2,6,16,51.2,E,23500000
"""Bhimsengola, K""",7.2,4,16,115.2,N,65000000
"""Special Court, K""",10,5,12,120,NE,62500000
"""Chandol, K""",4,4,16,64,W,34000000
"""Bhaisepati, L""",3.2,4,13,41.6,N,24500000
"""Kadaghari, K""",3,6,13,39,SW,24000000
"""Bhangal, K""",3.1,5,13,40.3,NW,18500000
"""Sundarbasti, K""",3.1,5,13,40.3,N,20000000
"""Sipadol, B""",4.1,5,13,53.3,S,22000000
"""Bansbari, K""",7.2,6,20,144,W,52000000
"""Bhatkepati, K""",6,4,20,120,N,25000000
"""Dadhikot, B""",4,12,20,80,SE,25000000
"""Dhungedhara, K""",4.1,7,13,53.3,SW,29800000
"""Kusunti, L""",4.3,4,20,86,SE,31000000
"""Chabahil, K""",4.2,8,20,84,W,32000000
"""Sitapaila, K""",3.2,4,20,64,S,27000000
"""Radhe Radhe, B""",4.3,4,20,86,E,27000000
"""Imadol, L""",4,6,13,52,SE,23000000
"""Nakhu, L""",3,3,13,39,W,23000000
"""Golfutar, K""",4,3,13,52,SE,16000000
"""Nakhu, L""",4,4,14,56,S,30000000
"""Sundarbasti, K""",4,4,12,48,SE,25000000
"""Kusunti, L""",4,5,15,60,S,27500000
"""Bhaisepati, L""",5,4,13,65,S,36000000
"""Nakhu, L""",3,3,13,39,N,23000000
"""Dhapakhel, L""",4,7,20,80,S,29000000
"""Imadol, L""",5.2,7,13,67.6,W,25000000
"""Sukedhara, K""",3.1,10,25,77.5,W,28000000
"""Imadol, L""",5.3,6,16,84.8,E,29500000
"""Bhaisepati, L""",5,5,13,65,SW,33500000
"""Dhapasi, K""",4,5,13,52,NE,37500000
"""Sallaghari, B""",4,6,13,52,SW,25000000
"""Srijananagar, B""",3.3,5,8,26.4,E,16000000
"""Dhungedhara, K""",4,5,13,52,N,27500000
"""Sukedhara, K""",2.3,5,13,29.9,N,16000000
"""Mulpani, K""",3,5,8,24,W,14000000
"""Dahachowk, K""",2.4,4,18,43.2,W,18000000
"""Thecho, L""",5.3,7,12,63.6,S,27500000
"""Nakhipot, L""",3.1,4,15,46.5,E,23500000
"""Dhapasi, K""",4,5,28,112,SW,30000000
"""Deuba Chowk, K""",6,4,15,90,N,47000000
"""Shankhamul, K""",3,12,12,36,E,51000000
"""Kamalbinayak, B""",4.2,9,13,54.6,SW,39900000
"""Mahadevtar, K""",7.2,14,12,86.4,E,42500000
"""Khumaltar, L""",5,4,13,65,NE,28500000
"""Ram Mandir, K""",5,6,16,80,N,28500000
"""Bagbazar, K""",2,4,20,40,E,26000000
"""Khusibu, K""",2.2,6,13,28.6,E,22500000
"""Chhauni, K""",4.2,4,14,58.8,N,31000000
"""Setipakha, L""",4.1,5,12,49.2,E,22500000
"""Gurjudhara, K""",3,4,13,39,W,15500000
"""Hattigauda, K""",4,5,15,60,E,32500000
"""Tinkune, K""",4.2,6,16,67.2,E,45000000
"""Hattiban, L""",4.1,6,13,53.3,S,28700000
"""Ganesh Chowk, K""",4,4,15,60,S,32000000
"""Grande Hospital, K""",3.1,3,21,65.1,NE,24500000
"""Nakhu, L""",4.1,4,15,61.5,SW,33000000
"""Kusunti, L""",4,5,15,60,S,27000000
"""Kusunti, L""",3.2,4,15,48,S,24000000
"""Mulpani, K""",4.2,8,12,50.4,W,29500000
"""Gokarneswhor, K""",4,8,11,44,S,27000000
"""Golfutar, K""",4,6,18,72,E,28000000
"""Bhaisepati, L""",3.1,4,18,55.8,NW,19900000
"""Syuchatar, K""",5,4,16,80,E,25000000
"""Ganesh Chowk, K""",5,5,13,65,S,35000000
"""Ganesh Chowk, K""",4.2,5,15,63,SW,32000000
"""Narayanthan, K""",7.2,4,13,93.6,NE,55000000
"""Narayanthan, K""",4,5,13,52,NE,35000000
"""Nakhu, L""",3,4,20,60,E,23500000
"""Nakhu, L""",3,4,16,48,S,23000000
"""Bhaisepati, L""",4.3,4,16,68.8,E,28000000
"""Kusunti, L""",3.1,4,15,46.5,NW,23500000
"""Shankhamul, K""",4,7,13,52,W,40000000
"""Hattiban, L""",4,6,12,48,E,21500000
"""Gothatar, K""",6,4,20,120,SW,40000000
"""Syuchatar, K""",3,6,13,39,S,20500000
"""Budhanilkantha, K""",7,5,20,140,E,45000000
"""Khadka Gaun, K""",4,4,13,52,NW,23000000
"""Mandikhatar, K""",5,6,18,90,E,45000000
"""Nakhipot, L""",7,8,20,140,W,80000000
"""Mahadevsthan, K""",3,2,10,30,E,10500000
"""Hattiban, L""",4,3,13,52,S,21100000
"""Kapan, K""",3.2,3,13,41.6,E,14000000
"""Thaiba, L""",6,4,20,120,NE,48500000
"""Narephate, K""",6,6,13,78,W,38500000
"""Sano bharyang, K""",5.1,7,12,61.2,S,18500000
"""Sitapaila, K""",6.5,5,14,91,S,70000000
"""Chandol, K""",6,5,18,108,N,46000000
"""Bhaisepati, L""",4,6,16,64,NW,37500000
"""Dhapasi, K""",6,6,20,120,S,33000000
"""Hepali Height, K""",4,6,14,56,N,33000000
"""Sitapaila, K""",4.2,4,16,67.2,N,24000000
"""Makalbari, K""",2.2,6,12,26.4,NE,17000000
"""Karyabinayak, L""",4,4,20,80,W,32500000
"""Syuchatar, K""",4,7,20,80,N,29500000
"""Mulpani, K""",4.1,4,14,57.4,SE,22500000
"""Bhaisepati, L""",3.2,4,20,64,N,25000000
"""Ram Mandir, K""",4.2,6,13,54.6,SW,27200000
"""Sukedhara, K""",6,5,12,72,W,40000000
"""Dhumbarahi, K""",5.5,7,12,66,E,62500000
"""Dhungedhara, K""",3.2,7,12,38.4,S,26000000
"""Thankot, K""",4.2,4,13,54.6,W,16000000
"""Imadol, L""",2.2,3,13,28.6,E,17000000
"""Golfutar, K""",5.2,5,13,67.6,S,40000000
"""Gwarko, L""",4,5,15,60,NW,19500000
"""Golfutar, K""",4,5,20,80,SE,37000000
"""Thankot, K""",3,4,13,39,E,15000000
"""Imadol, L""",3.2,4,13,41.6,N,19000000
"""Dhapasi, K""",5,3,13,65,E,32000000
"""Rudreshwor, K""",7.2,5,14,100.8,S,42000000
"""Narayanthan, K""",6,5,18,108,S,47500000
"""Deuba Chowk, K""",4.1,5,14,57.4,SW,32500000
"""Pepsicola, K""",3.3,4,20,66,SE,33000000
"""Baluwatar, K""",5,4,13,65,SE,55000000
"""Rudreshwor, K""",5,7,18,90,NW,37500000
"""Bhaisepati, L""",4,4,20,80,N,38000000
"""Sudal, B""",3,2,10,30,N,7500000
"""Bhaisepati, L""",3.2,4,20,64,E,24500000
"""Golfutar, K""",4,5,13,52,SE,27000000
"""Liwali, B""",7.2,3,13,93.6,E,35000000
"""Imadol, L""",3,4,14,42,E,18500000
"""Nakhu, L""",3.2,4,20,64,N,26500000
"""Imadol, L""",3,7,13,39,N,16000000
"""Hattigauda, K""",3,4,13,39,E,23000000
"""Hattigauda, K""",5.2,7,13,67.6,SE,26500000
"""Dholahiti, L""",4,4,20,80,W,27500000
"""Imadol, L""",3,4,13,39,E,19000000
"""Shantinagar, K""",3,10,30,90,S,39000000
"""Bafal, K""",4.2,4,13,54.6,E,25500000
"""Dhungedhara, K""",3.2,5,12,38.4,S,28000000
"""Thankot, K""",3,7,5,15,W,10500000
"""Thankot, K""",3,3,13,39,N,11500000
"""Bafal, K""",4,6,14,56,W,30000000
"""Banasthali, K""",4,5,32,128,E,30000000
"""Ramkot, K""",4,4,20,80,N,15500000
"""Ramkot, K""",5,4,20,100,N,17500000
"""Khusibu, K""",4.2,7,20,84,E,41000000
"""Hattiban, L""",4,6,13,52,N,21500000
"""Hattiban, L""",4,5,13,52,N,21000000
"""Bhaisepati, L""",5,4,15,75,N,35000000
"""Shovahiti, L""",4.2,2,10,42,S,25000000
"""Basantanagar, K""",3.2,2,13,41.6,E,13000000
"""Budhanilkantha, K""",5.1,6,13,66.3,NW,41500000
"""Grande Hospital, K""",4,4,26,104,N,26000000
"""Grande Hospital, K""",4,6,26,104,E,28000000
"""Deuba Chowk, K""",6,6,14,84,E,36000000
"""Hattigauda, K""",5,4,14,70,E,34500000
"""Gwarko, L""",4.2,5,13,54.6,S,30000000
"""Tokha, K""",7,4,20,140,W,38000000
"""Hattigauda, K""",3,5,13,39,NW,31000000
"""Kalanki, K""",4.1,5,10,41,S,29000000
"""Thulo Bharayang, K""",7,7,13,91,N,39500000
"""Chandol, K""",5.2,5,20,104,E,47500000
"""New Buspark, K""",3,4,13,39,E,26000000
"""Mahadevsthan, K""",3,2,13,39,N,9800000
"""Hepali Height, K""",4,3,13,52,S,22500000
"""Nakhu, L""",4,4,20,80,E,28000000
"""Karyabinayak, L""",6,5,16,96,SE,35000000
"""Kapan, K""",7,6,13,91,S,36000000
"""Mulpani, K""",2.5,4,10,25,SE,12500000
"""Taukhel, L""",4,3,26,104,E,25000000
"""Gothatar, K""",3.1,6,13,40.3,W,23000000
"""Balambu, K""",3.1,5,13,40.3,E,18000000
"""Bhaisepati, L""",4,6,13,52,E,25000000
"""Khadka Gaun, K""",4,5,16,64,W,21500000
"""Bhutkhel, K""",3,5,10,30,S,18000000
"""Chyasal, L""",3,7,13,39,W,24000000
"""Thulo Bharayang, K""",3.2,5,16,51.2,W,24000000
"""Dhapakhel, L""",2.2,3,20,44,E,14500000
"""Panipokhari, K""",5.2,4,20,104,E,54000000
"""Kapan, K""",4,6,14,56,E,21000000
"""Manabahadur Marga, K""",4,5,13,52,N,27000000
"""Budhanilkantha, K""",7,4,20,140,S,57500000
"""Bansbari, K""",8,6,20,160,E,45000000
"""Kavresthali, K""",4,3,10,40,N,15500000
"""Goldhunga, K""",4,4,26,104,E,18500000
"""Thankot, K""",4,5,13,52,E,30000000
"""Nakhipot, L""",4.2,5,20,84,N,25000000
"""Thankot, K""",4,4,16,64,N,19000000
"""Mitrapark, K""",4.3,6,30,129,SW,49000000
"""Gongabu, K""",4.2,5,20,84,W,35000000
"""Imadol, L""",5.1,6,13,66.3,E,32500000
"""Gyaneshwor, K""",6,4,15,90,S,35000000
"""Syuchatar, K""",4,4,13,52,E,24500000
"""Syuchatar, K""",3.3,5,13,42.9,N,22000000
"""Shankhamul, K""",4,6,15,60,S,55500000
"""Jawalakhel, L""",7,4,16,112,N,90000000
"""Hattigauda, K""",4.2,4,20,84,W,50000000
"""Bansbari, K""",3.2,6,18,57.6,E,38000000
"""Banasthali, K""",3.2,5,8,25.6,N,20000000
"""Balkumari, L""",4.2,6,18,75.6,E,50000000
"""Tikathali, L""",3,5,13,39,W,16000000
"""Thankot, K""",5,4,16,80,E,32500000
"""Thankot, K""",4,6,16,64,S,16000000
"""Thankot, K""",3.1,5,13,40.3,W,16000000
"""Siddhartha Colony, K""",9,9,12,108,S,70000000
"""Chapali, K""",3.3,7,13,42.9,E,29500000
"""Kalanki, K""",4,5,14,56,E,22000000
"""Bafal, K""",3.3,5,15,49.5,NE,31000000
"""Lubhu, L""",5,4,13,65,S,18500000
"""Nagarjun, K""",4.1,6,22,90.2,SE,22500000
"""Kumarigal, K""",6.2,4,10,62,W,35000000
"""Tenzing Chowk, K""",4,6,13,52,W,29000000
"""Bhaisepati, L""",4.1,3,20,82,N,22000000
"""Bhaisepati, L""",3,5,12,36,NE,21000000
"""Sitapaila, K""",4.2,4,15,63,S,34500000
"""Setipakha, L""",5,5,16,80,E,21000000
"""Basundhara, K""",3,6,12,36,E,26000000
"""Rudreshwor, K""",2.2,5,10,22,W,10500000
"""Imadol, L""",3,4,12,36,N,18500000
"""Imadol, L""",3,6,13,39,S,16500000
"""Imadol, L""",3.2,5,15,48,S,25000000
"""Imadol, L""",3.2,4,13,41.6,S,22000000
"""Imadol, L""",3.1,5,13,40.3,E,21500000
"""Imadol, L""",4.2,4,13,54.6,S,24500000
"""Syuchatar, K""",3.2,5,12,38.4,W,20700000
"""Syuchatar, K""",3.2,4,14,44.8,W,22000000
"""Lolang, K""",3.1,4,12,37.2,S,15500000
"""Thankot, K""",3.1,3,13,40.3,SE,11500000
"""Imadol, L""",3.1,4,13,40.3,S,21500000
"""Imadol, L""",3,5,13,39,E,17500000
"""Imadol, L""",3,5,12,36,N,18500000
"""Imadol, L""",3.1,5,13,40.3,E,19800000
"""Bhatkepati, K""",3.3,5,13,42.9,S,17500000
"""Dhapasi, K""",5,5,13,65,S,32500000
"""New Baneshwor, K""",4,4,13,52,N,42500000
"""Kadaghari, K""",3,2,13,39,W,12000000
"""Kalanki, K""",4.2,4,13,54.6,E,28000000
"""Dharmasthali, K""",5,5,11,55,NE,24000000
"""Taulung, K""",6,6,18,108,NE,42500000
"""Matatirtha, K""",5,4,13,65,N,33000000
"""Imadol, L""",3.1,5,13,40.3,N,20700000
"""Imadol, L""",3,4,13,39,S,18200000
"""Syuchatar, K""",4,6,13,52,N,22400000
"""Syuchatar, K""",4,6,12,48,NE,24500000
"""Hattigauda, K""",5,7,12,60,W,32500000
"""Budhanilkantha, K""",3,4,10,30,NE,29900000
"""Ram Mandir, K""",2.5,5,10,25,W,26500000
"""Mahadevsthan, K""",2.2,2,10,22,W,11000000
"""Mahadevsthan, K""",3.2,2,15,48,W,11500000
"""Katunje, B""",2.2,4,15,33,E,14000000
"""Katunje, B""",5,5,13,65,S,13500000
"""Balkot, B""",3.3,6,20,66,NE,25000000
"""Khumaltar, L""",4.2,3,13,54.6,NE,21000000
"""Mahadevsthan, K""",3,5,13,39,W,11500000
"""Chamati, K""",4.2,6,12,50.4,W,30000000
"""Kalimati, K""",3,6,15,45,E,50000000
"""Kalimati, K""",3,4,20,60,W,22500000
"""changu Narayan, K""",5,6,12,60,W,29000000
"""Syuchatar, K""",3.2,7,15,48,S,28500000
"""Maitidevi, K""",3.2,8,18,57.6,W,46500000
"""Grande Hospital, K""",3.2,5,12,38.4,N,24500000
"""Manamaiju, K""",3.2,6,13,41.6,N,22500000
"""Basundhara, K""",3.1,7,10,31,W,28500000
"""Samakhusi, K""",3,6,10,30,S,25000000
"""Panchetar, K""",4.2,2,10,42,E,15500000
"""Baluwakhani, K""",3.3,8,13,42.9,N,17000000
"""Imadol, L""",3,4,13,39,NE,19000000
"""Dhungedhara, K""",3.2,4,20,64,W,16000000
"""Dhungedhara, K""",3,5,20,60,E,15500000
"""Dhungedhara, K""",3,6,13,39,E,16500000
"""Tinthana, K""",3,3,20,60,N,18000000
"""Dawadi Gaun, K""",3,5,13,39,S,19000000
"""Bafal, K""",3.2,6,13,41.6,E,22500000
"""Putalisadak, K""",5,4,15,75,W,50000000
"""Thankot, K""",3,6,13,39,W,12800000
"""Mahadevsthan, K""",4,2,13,52,W,12000000
"""Thankot, K""",3.2,3,13,41.6,E,9800000
"""Thankot, K""",3,4,13,39,N,17000000
"""Gothatar, K""",7,6,14,98,W,62500000
"""Bhaisepati, L""",4,4,16,64,SE,38000000
"""Naxal, K""",4,5,15,60,E,38000000
"""Golfutar, K""",5.2,5,12,62.4,E,43000000
"""Samakhusi, K""",4,6,12,48,E,30000000
"""Bhaisepati, L""",3.2,3,20,64,W,27500000
"""Pasikot, K""",5.2,4,20,104,E,30000000
"""Nilopool, K""",4.2,8,12,50.4,SW,26000000
"""Pasikot, K""",5.5,4,14,77,E,32000000
"""Hepali Height, K""",5,6,14,70,W,41000000
"""Dhapasi, K""",4.2,11,20,84,N,25000000
"""Baluwatar, K""",5.2,9,26,135.2,W,70000000
"""Golfutar, K""",3,3,26,78,W,22000000
"""Bhangal, K""",3,6,10,30,E,19000000
"""Chunikhel, K""",3.5,2,13,45.5,E,13000000
"""Kapan, K""",4.3,5,13,55.9,N,20000000
"""Gongabu, K""",3,5,12,36,NE,18500000
"""Kapan, K""",3,4,6,18,W,12500000
"""Bhangal, K""",4,4,13,52,W,18000000
"""Chandol, K""",6.3,5,13,81.9,W,46000000
"""Chappal karkhana, K""",7,7,12,84,W,38500000
"""Sukedhara, K""",6,4,12,72,S,45000000
"""Dhapasi, K""",5,4,12,60,E,33000000
"""Bhaisepati, L""",3.2,4,24,76.8,S,28000000
"""Bhangal, K""",5,5,12,60,NE,32000000
"""Bhangal, K""",2.2,6,10,22,W,19000000
"""Swayambhu, K""",3.1,5,15,46.5,W,24500000
"""Taulung, K""",8.3,5,12,99.6,E,38000000
"""Kapan, K""",3,5,15,45,W,27500000
"""Dhapasi, K""",6,4,13,78,W,47500000
"""Dhapasi, K""",4.1,5,13,53.3,S,28000000
"""Maharajgunj, K""",4,4,20,80,N,49000000
"""Tokha, K""",4,5,12,48,N,13500000
"""Dhapasi, K""",3,5,15,45,SW,32000000
"""Golfutar, K""",4,5,10,40,E,34000000
"""Baluwatar, K""",2.2,6,12,26.4,E,22500000
"""Grande Hospital, K""",4.1,6,10,41,SW,32800000
"""Mandikhatar, K""",4,6,12,48,S,25000000
"""Dhapasi, K""",7,5,13,91,W,40000000
"""Sitapaila, K""",5,7,24,120,N,55000000
"""Tokha, K""",4,5,13,52,W,21500000
"""Hepali Height, K""",4.1,5,12,49.2,S,34500000
"""Budhanilkantha, K""",5.2,4,15,78,E,32500000
"""Golfutar, K""",4,6,13,52,S,34500000
"""Shankhamul, K""",5,6,12,60,NE,32500000
"""Banasthali, K""",5,6,14,70,W,29500000
"""Tokha, K""",3.5,4,12,42,E,24500000
"""Mandikhatar, K""",8,5,32,256,W,65000000
"""Dhapasi, K""",3,5,12,36,S,21500000
"""Banasthali, K""",6,6,13,78,N,49500000
"""Thankot, K""",2.8,6,13,36.4,SE,18000000
"""Thankot, K""",2.2,5,10,22,S,11500000
"""Kalanki, K""",2.3,4,13,29.9,SE,13000000
"""Thankot, K""",5,5,10,50,E,21000000
"""Thankot, K""",2.3,4,11,25.3,N,13500000
"""Thankot, K""",6.2,5,11,68.2,SE,17500000
"""Thankot, K""",3,4,13,39,E,12000000
"""Thankot, K""",3.2,4,13,41.6,W,14000000
"""Bansbari, K""",6,6,10,60,S,36000000
"""Chandol, K""",8,4,20,160,E,40000000
"""Sitapaila, K""",4.5,5,20,90,E,26500000
"""Chappal karkhana, K""",4,6,10,40,SE,35000000
"""Hepali Height, K""",5.5,5,16,88,NW,43000000
"""Dhapasi, K""",3,3,26,78,S,22000000
"""Ramkot, K""",4.3,4,15,64.5,S,23000000
"""Lainchaur, K""",6.2,5,15,93,S,55000000
"""Naxal, K""",8.1,6,15,121.5,S,76000000
"""Naxal, K""",4,6,15,60,S,38000000
"""Syuchatar, K""",6,4,13,78,E,32000000
"""Dhapasi, K""",3,6,12,36,S,32000000
"""Budhanilkantha, K""",3.1,6,12,37.2,E,23500000
"""Maitidevi, K""",3.5,8,20,70,W,46500000
"""Samakhusi, K""",4,6,13,52,S,32000000
"""Golfutar, K""",4,6,15,60,W,32500000
"""Budhanilkantha, K""",3.5,7,12,42,W,48000000
"""Samakhusi, K""",3.5,6,20,70,E,25000000
"""Sukedhara, K""",4,5,12,48,N,42500000
"""Hattigauda, K""",4,4,10,40,S,54000000
"""Budhanilkantha, K""",6,5,12,72,W,95000000
"""Chappal karkhana, K""",3.2,4,12,38.4,N,32000000
"""Samakhusi, K""",4,6,15,60,W,32000000
"""Thapathali, K""",10,4,18,180,W,69000000
"""Bhaisepati, L""",4.2,2,16,67.2,N,28000000
"""Nakhipot, L""",3.3,4,16,52.8,N,23000000
"""Banasthali, K""",4.5,7,15,67.5,N,45000000
"""Satdobato, L""",9,6,20,180,N,45000000
"""Sanepa, L""",7,6,15,105,N,75000000
"""Jawalakhel, L""",4,5,12,48,W,36000000
"""Hattiban, L""",3,4,12,36,E,30000000
"""Bouddha, K""",7,1,20,140,N,60000000
"""Budhanilkantha, K""",6,1,16,96,S,45000000
"""Sitapaila, K""",8,1,24,192,E,55000000
"""Dhapasi, K""",4.5,6,10,45,S,32000000
"""Hepali Height, K""",4.1,5,12,49.2,S,34000000
"""Naxal, K""",4,6,15,60,SE,38000000
"""Budhanilkantha, K""",5.5,7,12,66,S,45000000
"""Hepali Height, K""",4,1,15,60,E,32000000
"""Pasikot, K""",5,4,13,65,E,55000000
"""Budhanilkantha, K""",7.8,7,12,93.6,E,70000000
"""Budhanilkantha, K""",7,10,15,105,N,57000000
"""Nakhu, L""",4.1,5,30,123,N,25000000
"""Kupandole, L""",4,5,15,60,E,25000000
"""Hattiban, L""",3,6,20,60,E,35000000
"""Bhaisepati, L""",4.3,4,10,43,W,25000000
"""Bhaisepati, L""",3.5,6,10,35,N,24500000
"""Nakhipot, L""",3.1,4,13,40.3,W,21500000
"""Sorhakhutte, K""",5,4,10,50,N,37000000
"""Bhaisepati, L""",6.5,4,13,84.5,NW,37500000
"""Bhaisepati, L""",4,3,13,52,W,27500000
"""Hattiban, L""",3,5,22,66,N,28000000
"""Kalanki, K""",4.2,4,10,42,E,18000000
"""Basundhara, K""",4,6,10,40,W,37000000
"""Imadol, L""",3.3,6,12,39.6,N,21500000
"""Budhanilkantha, K""",6,5,20,120,E,77000000
"""Gokarneswhor, K""",4,8,11,44,W,27000000
"""Kusunti, L""",5.2,4,15,78,SW,42500000
"""Sitapaila, K""",4,5,10,40,E,22000000
"""Balambu, K""",4,4,13,52,E,22500000
"""Rai Chowk, K""",3.7,6,12,44.4,E,25000000
"""Sainbu, L""",4.7,4,13,61.1,SW,35000000
"""Sitapaila, K""",3.7,6,10,37,NE,30000000
"""Ramkot, K""",3.2,6,16,51.2,W,26000000
"""Swayambhu, K""",4.5,6,13,58.5,NE,38000000
"""Sitapaila, K""",2.5,6,13,32.5,W,22000000
"""Sitapaila, K""",2.5,4,10,25,W,20000000
"""Sitapaila, K""",4.5,6,12,54,S,27500000
"""Sitapaila, K""",3.8,4,14,53.2,W,35000000
"""Thankot, K""",3,8,13,39,E,22000000
"""Thankot, K""",3,4,12,36,W,16500000
"""Thankot, K""",4.5,8,13,58.5,E,18500000
"""Thankot, K""",3.1,3,13,40.3,E,11500000
"""Thankot, K""",3.5,7,13,45.5,E,17000000
"""Dhungedhara, K""",3,5,13,39,N,33000000
"""Sano bharyang, K""",3.5,6,12,42,E,31000000
"""Sitapaila, K""",3.1,5,14,43.4,SE,23500000
"""Bafal, K""",3.2,6,13,41.6,S,45000000
"""Sitapaila, K""",3,4,16,48,W,30000000
"""Baniyatar, K""",6,6,12,72,SE,60000000
"""Kimdol, K""",5.3,5,13,68.9,SW,61500000
"""Dallu, K""",5.3,5,13,68.9,SW,50000000
"""Sitapaila, K""",5.3,5,16,84.8,SW,38500000
"""Sano bharyang, K""",3.2,9,20,64,S,36000000
"""Bafal, K""",4,6,13,52,NW,28500000
"""Chamati, K""",3.1,7,20,62,N,35500000
"""Sitapaila, K""",6,7,18,108,SW,55000000
"""Sitapaila, K""",7,6,13,91,W,42500000
"""Swayambhu, K""",6,4,20,120,S,26700000
"""Sitapaila, K""",2.2,3,10,22,S,22500000
"""Ramkot, K""",4,6,12,48,S,28500000
"""Kalimati, K""",5.3,4,13,68.9,S,38000000
"""Ramkot, K""",7.2,9,16,115.2,E,42000000
"""Gongabu, K""",2.2,6,12,26.4,N,24500000
"""Sangam Basti, L""",6,5,13,78,N,68000000
"""Bansbari, K""",4,7,13,52,SE,45000000
"""Nagarjun, K""",3.1,7,12,37.2,N,29900000
"""Nagarjun, K""",4,8,13,52,NW,37500000
"""Dallu, K""",3.2,4,20,64,SW,28500000
"""Nagarjun, K""",10.2,6,14,142.8,NW,60000000
"""Thulo Bharayang, K""",4.2,7,13,54.6,NE,41500000
"""Sitapaila, K""",8,8,13,104,E,42000000
"""Nagarjun, K""",3,6,13,39,N,31500000
"""Radha Krishna, K""",3,5,13,39,S,26500000
"""Sano bharyang, K""",5.5,6,13,71.5,SW,37500000
"""Buddha Chowk, K""",3,6,12,36,NW,22500000
"""Sano bharyang, K""",3.1,5,13,40.3,W,26000000
"""Chamati, K""",2.5,8,20,50,E,29500000
"""Swayambhu, K""",4,4,16,64,N,33500000
"""Nagarjun, K""",4,4,13,52,E,30000000
"""Sitapaila, K""",6.7,9,10,67,W,38500000
"""Imadol, L""",3,5,13,39,E,27500000
"""Imadol, L""",3,6,13,39,N,27500000
"""Imadol, L""",5,7,13,65,E,34500000
"""Sano bharyang, K""",4.2,5,20,84,SE,49000000
"""Chamati, K""",2.5,5,20,50,S,27000000
"""Sorhakhutte, K""",2.3,12,7,16.1,E,25000000
"""Imadol, L""",3.5,6,13,45.5,E,27500000
"""Bhaisepati, L""",5,7,13,65,SW,38000000
"""Sitapaila, K""",4.5,8,13,58.5,S,39000000
"""Baneshwor, K""",5.3,3,8,42.4,S,33000000
"""Budhanilkantha, K""",2.2,3,13,28.6,S,14500000
"""Hattiban, L""",3,5,13,39,S,21500000
"""Sorhakhutte, K""",7,9,8,56,SE,65000000
"""Sitapaila, K""",3.5,4,14,49,SE,28500000
"""Bafal, K""",4,4,14,56,S,41000000
"""Nagarjun, K""",2.7,4,13,35.1,N,25500000
"""Nagarjun, K""",3,6,13,39,E,32000000
"""Chandragiri, K""",4,6,13,52,E,26500000
"""Chandragiri, K""",5,6,13,65,E,23500000
"""Chamati, K""",2.3,7,16,36.8,E,26500000
"""Sano bharyang, K""",5,6,13,65,W,39800000
"""Hattiban, L""",5.5,5,13,71.5,E,34000000
"""Kaushaltar, B""",4,5,10,40,N,32000000
"""Syuchatar, K""",4,5,13,52,NE,39500000
"""Sitapaila, K""",3.7,6,13,48.1,NW,28500000
"""Sitapaila, K""",3,6,13,39,SW,26000000
"""Sano bharyang, K""",2.3,5,14,32.2,E,30000000
"""Satungal, K""",3,5,10,30,NE,19500000
"""Satungal, K""",2.3,5,10,23,NE,18500000
"""Naikap, K""",8,11,13,104,NE,46500000
"""Bhaisepati, L""",3.1,5,13,40.3,NE,29000000
"""Gokarneswhor, K""",4.5,11,12,54,SE,35000000
"""Hattiban, L""",2.3,4,13,29.9,S,21500000
"""Godamchaur, L""",3.2,6,13,41.6,S,29000000
"""Sano bharyang, K""",3,4,13,39,N,22500000
"""Sitapaila, K""",3.2,5,13,41.6,W,28500000
"""Sitapaila, K""",9,5,16,144,N,55000000
"""Bafal, K""",4.2,4,20,84,N,40000000
"""Kuleshwor, K""",7,7,22,154,N,75000000
"""Chandragiri, K""",5.1,6,13,66.3,N,27000000
"""Bhaisepati, L""",8,6,10,80,NE,60000000
"""Bhaisepati, L""",3.3,4,14,46.2,SW,37500000
"""Imadol, L""",3.1,5,13,40.3,SE,28500000
"""Sitapaila, K""",8,5,16,128,S,60000000
"""Nagarjun, K""",3,8,13,39,E,31000000
"""Nagarjun, K""",2.2,4,13,28.6,E,27500000
"""Bafal, K""",3,5,12,36,W,28500000
"""Sitapaila, K""",3,6,16,48,N,22000000
"""Bafal, K""",4,7,13,52,N,28500000
"""Nagarjun, K""",3,6,13,39,N,20500000
"""Nagarjun, K""",2.2,4,16,35.2,S,18000000
"""Sitapaila, K""",3.5,4,13,45.5,SE,35000000
"""Nagarjun, K""",3.8,4,13,49.4,SE,24000000
"""Nakhu, L""",5.2,4,13,67.6,NE,39000000
"""Nagarjun, K""",6,9,13,78,E,47000000
"""Sitapaila, K""",7.2,5,16,115.2,NE,50000000
"""Sitapaila, K""",5,4,16,80,SE,37500000
"""Ramkot, K""",3.3,4,13,42.9,SW,24000000
"""Dallu, K""",3,4,13,39,N,29500000
"""Sitapaila, K""",4.5,6,22,99,NE,33500000
"""Raniban, K""",4.2,6,20,84,SW,42500000
"""Raniban, K""",4.3,3,20,86,E,42500000
"""Sitapaila, K""",3.5,5,13,45.5,E,29000000
"""Bafal, K""",4,5,13,52,SW,28500000
"""Lolang, K""",4.1,6,10,41,SW,18500000
"""Thulo Bharayang, K""",3,4,13,39,E,28000000
"""Thulo Bharayang, K""",3.2,5,10,32,S,32500000
"""Ramkot, K""",4,6,26,104,NE,30500000
"""Tarakeshwar, K""",3.2,6,20,64,NW,36000000
"""Sitapaila, K""",3,4,13,39,E,26000000
"""Sitapaila, K""",4,5,15,60,E,26500000
"""Sano bharyang, K""",5,8,16,80,SW,43000000
"""Sitapaila, K""",4,6,16,64,W,30500000
"""Golfutar, K""",8,7,14,112,N,77500000
"""Sitapaila, K""",3.2,7,13,41.6,E,23500000
"""Dallu, K""",4,7,13,52,S,46500000
"""Syuchatar, K""",4.5,7,10,45,S,22000000
"""Dallu, K""",4,6,13,52,S,40000000
"""Banglamukhi, K""",3.2,7,16,51.2,E,29000000
"""Sano bharyang, K""",3.2,4,14,44.8,SE,27500000
"""Nagarjun, K""",3,4,12,36,E,20000000
"""Raniban, K""",5.5,5,18,99,N,62000000
"""Magargaun, L""",3.3,4,13,42.9,W,30000000
"""Raniban, K""",3,3,13,39,W,30000000
"""Raniban, K""",5,5,22,110,S,47500000
"""Hattigauda, K""",7,7,22,154,SE,30000000
"""Hattiban, L""",5,4,22,110,E,26000000
"""Chandragiri, K""",4,4,13,52,NE,25500000
"""Syuchatar, K""",4,5,14,56,N,22000000
"""Budhanilkantha, K""",5,5,13,65,S,37500000
"""Ramkot, K""",3,5,12,36,N,18500000
"""Swayambhu, K""",2.7,6,12,32.4,N,25000000
"""Sano bharyang, K""",3.1,6,13,40.3,S,25000000
"""Sitapaila, K""",3.1,6,20,62,S,35000000
"""Nakhipot, L""",3.7,4,18,66.6,W,28500000
"""Gairgaun, K""",4.5,8,13,58.5,W,23500000
"""Tokha, K""",3,3,16,48,SE,22500000
"""Tokha, K""",4,6,13,52,NW,27000000
"""Grande Hospital, K""",3.3,4,16,52.8,SW,37000000
"""Khumaltar, L""",4,6,13,52,E,35000000
"""Khumaltar, L""",3.5,6,16,56,S,25000000
"""Jharuwarasi, L""",6,4,20,120,E,16000000
"""Bafal, K""",3,6,12,36,N,35000000
"""changu Narayan, K""",3.1,5,12,37.2,SE,27500000
"""Sitapaila, K""",4,6,10,40,W,33000000
"""Kapan, K""",4.6,5,15,69,SW,47500000
"""Tarakeshwar, K""",5,7,18,90,SE,23000000
"""Sano bharyang, K""",10,8,14,140,W,50000000
"""Nepaltar, K""",5.3,6,13,68.9,W,36500000
"""Dahachowk, K""",4,4,13,52,E,18500000
"""Budhanilkantha, K""",7.5,5,13,97.5,NE,55000000
"""Sano bharyang, K""",4.5,6,13,58.5,SW,31500000
"""Sano bharyang, K""",3.3,4,13,42.9,NE,27000000
"""Sitapaila, K""",3.5,3,12,42,S,28000000
"""Sitapaila, K""",3,5,16,48,S,23000000
"""Kusunti, L""",5.4,4,16,86.4,NW,36500000
"""Mahankal, K""",4.3,6,16,68.8,E,23000000
"""Sitapaila, K""",4.3,6,16,68.8,SE,24000000
"""Dallu, K""",4.7,5,16,75.2,W,40000000
"""Budhanilkantha, K""",6,5,16,96,N,45000000
"""Sano bharyang, K""",3.5,4,12,42,S,30000000
"""Budhanilkantha, K""",7.5,4,16,120,SW,55000000
"""Halchowk, K""",4.5,5,13,58.5,S,36000000
"""Sitapaila, K""",5.3,6,13,68.9,NE,31500000
"""Dhapasi, K""",4,6,13,52,SW,25000000
"""Sano bharyang, K""",4.3,5,13,55.9,E,34000000
"""Chhauni, K""",4.6,5,20,92,SE,27000000
"""Raniban, K""",4.5,5,20,90,W,30000000
"""Satungal, K""",3.6,5,16,57.6,E,18000000
"""Satungal, K""",3.6,5,12,43.2,E,18000000
"""Thankot, K""",3,2,16,48,E,14000000
"""Halchowk, K""",4.3,4,16,68.8,N,26000000
"""Swayambhu, K""",4,5,13,52,N,34000000
"""Tahachal, K""",4.5,7,16,72,NE,55000000
"""Tahachal, K""",4.5,7,16,72,N,52500000
"""Kalanki, K""",4.5,4,16,72,SW,30000000
"""Raniban, K""",4.5,5,16,72,N,30000000
"""Tarakeshwar, K""",4.5,5,16,72,N,21000000
"""Sitapaila, K""",4.5,4,16,72,N,26000000
"""Bhatbhateni, K""",4.5,3,16,72,S,30000000
"""Syuchatar, K""",4.7,4,16,75.2,S,16000000
"""Sano bharyang, K""",6.3,5,16,100.8,NW,35000000
"""Budhanilkantha, K""",8,5,16,128,N,48000000
"""Imadol, L""",4,5,12,48,W,29000000
"""Satdobato, L""",3,5,10,30,W,47500000
"""Imadol, L""",2.3,4,10,23,W,19900000
"""Bhaisepati, L""",7,4,12,84,NW,40000000
"""Bhaisepati, L""",3.2,4,13,41.6,NW,33000000
"""Budhanilkantha, K""",4.3,5,14,60.2,NE,40000000
"""Gyaneshwor, K""",2.2,13,10,22,W,45000000
"""Bhaisepati, L""",5,5,12,60,E,30000000
"""Imadol, L""",5.2,6,13,67.6,NE,49900000
"""Kharibot, K""",3,4,16,48,S,24500000
"""Bafal, K""",4,4,13,52,SE,25000000
"""Khumaltar, L""",4,4,20,80,SE,42500000
"""Bhaisepati, L""",6.2,4,12,74.4,SE,65000000
"""Bhaisepati, L""",4.2,4,13,54.6,SW,36000000
"""Khumaltar, L""",5,6,14,70,NW,58000000
"""Bhaisepati, L""",3.2,5,12,38.4,SE,25000000
"""Bhaisepati, L""",5.2,4,16,83.2,SE,48000000
"""Tahachal, K""",4.1,4,20,82,N,66500000
"""Thecho, L""",7,5,12,84,E,85000000
"""Bhaisepati, L""",5,4,12,60,NE,55000000
"""Bhaisepati, L""",3.1,4,20,62,S,47500000
"""Imadol, L""",3.2,5,13,41.6,S,29500000
"""Sanepa, L""",5,5,10,50,NW,63500000
"""Bhaisepati, L""",7,5,13,91,W,85000000
"""Bhaisepati, L""",7,4,26,182,E,64000000
"""Sunakothi, L""",4,3,20,80,N,35000000
"""Kapan, K""",3,6,16,48,S,22000000
"""Dhobighat, L""",3,4,16,48,S,37500000
"""Hattiban, L""",6,5,20,120,S,80000000
"""Satdobato, L""",4.2,6,13,54.6,SE,55000000
"""Bhaisepati, L""",3.3,4,13,42.9,SW,55000000
"""Sanepa, L""",9,5,20,180,SW,77500000
"""Imadol, L""",4.1,5,13,53.3,S,31900000
"""Sitapaila, K""",3,4,13,39,W,25000000
"""Bhaisepati, L""",6.4,5,13,83.2,NW,62500000
"""Hattiban, L""",2.2,4,12,26.4,N,28000000
"""Bhaisepati, L""",5,6,25,125,S,48000000
"""Imadol, L""",3.1,5,13,40.3,N,25000000
"""Sanepa, L""",5,4,19,95,W,33500000
"""Sanepa, L""",5,4,19,95,NW,35000000
"""Bhaisepati, L""",4,4,18,72,NE,40000000
"""Nakhipot, L""",7,5,13,91,E,60000000
"""Imadol, L""",3.5,4,12,42,W,25000000
"""Imadol, L""",3.3,5,12,39.6,E,27000000
"""Gwarko, L""",3,5,12,36,N,27500000
"""Hattiban, L""",3.3,6,15,49.5,NE,32500000
"""Hattiban, L""",3.1,5,13,40.3,SW,28000000
"""Imadol, L""",3.2,6,12,38.4,W,31000000
"""Baneshwor, K""",5,4,13,65,S,40000000
"""Tokha, K""",6,3,15,90,N,35000000
"""Imadol, L""",5.2,6,20,104,E,31500000
"""Ochu Height, L""",3.2,6,13,41.6,S,29000000
"""Imadol, L""",4.2,5,20,84,E,42500000
"""Bhaisepati, L""",4,4,12,48,SE,46500000
"""Bhaisepati, L""",4,5,20,80,N,40000000
"""Sanepa, L""",5,6,16,80,NE,59500000
"""Nakhu, L""",5,4,13,65,E,39000000
"""Setipakha, L""",4,8,13,52,E,32000000
"""Setipakha, L""",4,8,13,52,E,32500000
"""Sunakothi, L""",7.1,4,20,142,S,51500000
"""Kalanki, K""",4,8,10,40,S,35000000
"""Imadol, L""",4.3,4,20,86,E,32500000
"""Bhangal, K""",3.1,5,13,40.3,N,32000000
"""Sukedhara, K""",5.2,5,13,67.6,S,55000000
"""Setipakha, L""",2.3,5,13,29.9,E,23000000
"""Chandragiri, K""",3.3,3,20,66,E,17000000
"""Imadol, L""",2.3,5,13,29.9,S,24000000
"""Tikathali, L""",4,4,13,52,S,27500000
"""Tikathali, L""",3.2,4,13,41.6,S,22500000
"""Lubhu, L""",4.2,4,13,54.6,E,18000000
"""Imadol, L""",3.2,3,14,44.8,S,25000000
"""Setipakha, L""",3.1,1,13,40.3,NE,16500000
"""Bhaisepati, L""",6.3,5,12,75.6,S,51000000
"""Imadol, L""",7,5,20,140,E,59900000
"""Bhaisepati, L""",3.2,5,13,41.6,N,27500000
"""Sudal, B""",4,2,13,52,E,12700000
"""Baluwatar, K""",4,4,20,80,SE,22500000
"""Bhaisepati, L""",6,6,18,108,S,61000000
"""Hattiban, L""",4.1,5,18,73.8,S,36900000
"""Sunakothi, L""",2.3,3,20,46,E,23000000
"""Budhanilkantha, K""",4,5,14,56,S,32000000
"""Nil Barahi Mandir, B""",3.2,6,20,64,SW,15500000
"""Dhapasi, K""",4.2,7,13,54.6,W,42500000
"""Katyani Chowk, K""",7,9,24,168,E,65000000
"""Gaurighat, K""",4,6,15,60,N,35000000
"""Budhanilkantha, K""",3.2,6,16,51.2,S,28000000
"""Lubhu, L""",3,2,13,39,S,13300000
"""Imadol, L""",2.2,4,13,28.6,S,16000000
"""Harisiddhi, L""",3.1,4,13,40.3,W,25000000
"""Harisiddhi, L""",3,5,20,60,W,28000000
"""Imadol, L""",3.2,5,14,44.8,SW,27000000
"""Bhaisepati, L""",4.2,5,16,67.2,S,39900000
"""Bhaisepati, L""",5,4,16,80,S,49900000
"""Lubhu, L""",4.2,5,10,42,E,17000000
"""Bhaisepati, L""",3.3,4,20,66,SW,42500000
"""Sanagaun, L""",3,4,13,39,W,17000000
"""Balkot, B""",5,5,20,100,SE,52500000
"""Bageshwori, B""",5,7,13,65,S,25000000
"""Bhangal, K""",4.2,7,13,54.6,W,32000000
"""Tikathali, L""",3.2,6,18,57.6,S,25000000
"""Imadol, L""",3.2,4,13,41.6,W,23500000
"""Muhanpokhari, K""",3.2,7,20,64,S,20000000
"""Samakhusi, K""",3,3,13,39,W,39000000
"""Budhanilkantha, K""",6,5,12,72,N,33000000
"""Chandol, K""",9.3,6,20,186,E,85000000
"""Hepali Height, K""",5,4,16,80,N,60300000
"""Imadol, L""",3.1,4,16,49.6,S,16500000
"""Imadol, L""",3.1,4,20,62,NW,22500000
"""Hepali Height, K""",6.2,6,13,80.6,S,33000000
"""Mandikhatar, K""",9.1,8,16,145.6,SW,75000000
"""Imadol, L""",3.1,5,13,40.3,W,27500000
"""Bojepokhari, L""",3.2,6,12,38.4,E,28500000
"""Hattigauda, K""",4,6,14,56,E,31500000
"""Tikathali, L""",4,7,13,52,N,27500000
"""Imadol, L""",3,6,13,39,E,23500000
"""Thaiba, L""",5.2,6,20,104,NE,29000000
"""Tikathali, L""",3,6,13,39,N,25500000
"""Imadol, L""",4,3,20,80,N,32500000
"""Imadol, L""",3.3,5,13,42.9,E,27000000
"""Imadol, L""",3.1,4,13,40.3,W,24500000
"""Imadol, L""",4.2,5,13,54.6,N,29500000
"""Lasuntar, K""",4,5,12,48,NE,25000000
"""Khumaltar, L""",6,6,13,78,S,45000000
"""Imadol, L""",2.3,4,13,29.9,E,24000000
"""Imadol, L""",2.2,4,13,28.6,N,23000000
"""Imadol, L""",4,4,13,52,SW,26500000
"""Tikathali, L""",4.1,5,13,53.3,NW,32000000
"""Imadol, L""",3,5,13,39,E,29000000
"""Imadol, L""",3,6,20,60,W,27500000
"""Tikathali, L""",3.2,6,13,41.6,NE,25500000
"""Imadol, L""",3.1,5,13,40.3,W,27500000
"""Imadol, L""",3.2,5,26,83.2,W,34000000
"""Nakhu, L""",3.2,4,20,64,E,27500000
"""Imadol, L""",4.1,5,20,82,NE,42500000
"""Sanagaun, L""",5.2,4,13,67.6,NE,16000000
"""Samakhusi, K""",3.2,6,13,41.6,N,35500000
"""Imadol, L""",3,6,13,39,NE,27500000
"""Lubhu, L""",7.1,6,20,142,E,59000000
"""Bhaisepati, L""",4,4,20,80,NW,28500000
"""Taukhel, L""",4,5,12,48,W,27500000
"""Hattiban, L""",3.1,6,13,40.3,S,28000000
"""Hattiban, L""",4,6,14,56,NW,32500000
"""Sundarbasti, K""",4.2,6,13,54.6,E,39000000
"""Narayanthan, K""",4,4,20,80,W,42500000
"""Katunje, B""",4.1,5,13,53.3,SW,34000000
"""Dhapasi, K""",7,4,20,140,E,47500000
"""Sundarbasti, K""",3.3,4,13,42.9,NE,34500000
"""Nayapati, K""",6.1,11,20,122,W,29000000
"""Imadol, L""",2.9,5,13,37.7,SW,26500000
"""Satdobato, L""",6,4,15,90,S,15000000
"""Nakhipot, L""",4.2,7,16,67.2,SE,42500000
"""Khumaltar, L""",4.2,6,12,50.4,S,42000000
"""Basundhara, K""",3.2,7,20,64,S,27500000
"""Jyotinagar, K""",4.2,5,16,67.2,N,29500000
"""Kuleshwor, K""",2.2,7,27,59.4,E,45000000
"""Bansbari, K""",7,4,14,98,S,21000000
"""Khumaltar, L""",4.3,6,16,68.8,N,39000000
"""Dhapasi, K""",7.2,4,13,93.6,S,46000000
"""Bhangal, K""",3.2,6,13,41.6,E,24000000
"""Mahadevtar, K""",10.2,8,13,132.6,SW,60000000
"""Budhanilkantha, K""",4.2,6,13,54.6,E,38500000
"""Pasikot, K""",4,5,13,52,W,28000000
"""Bhaisepati, L""",4.2,5,14,58.8,E,30000000
"""Imadol, L""",2.3,3,13,29.9,N,23000000
"""Satdobato, L""",3,5,20,60,E,26000000
"""Budhanilkantha, K""",3,5,12,36,E,25500000
"""Banasthali, K""",8,5,20,160,E,50000000
"""Hattigauda, K""",5.2,4,13,67.6,E,33000000
"""Phutung, K""",2.2,4,13,28.6,W,16000000
"""Gurjudhara, K""",4,5,13,52,S,32500000
"""Pasikot, K""",5.2,5,20,104,E,39000000
"""Balkumari, L""",9,6,13,117,E,55000000
"""Bhaisepati, L""",4.2,5,16,67.2,NW,42500000
"""Imadol, L""",4,4,13,52,S,31000000
"""Sitapaila, K""",5,5,13,65,S,35000000
"""Balkhu, K""",3.2,4,20,64,E,37000000
"""Tikathali, L""",3,6,13,39,E,28500000
"""Imadol, L""",4,7,13,52,E,36500000
"""Grande Hospital, K""",3.2,6,13,41.6,S,33000000
"""Hattigauda, K""",6,5,20,120,S,62500000
"""Hattigauda, K""",8,7,13,104,S,75000000
"""Imadol, L""",3.1,3,30,93,W,35000000
"""Imadol, L""",3.2,4,13,41.6,E,31000000
"""Gwarko, L""",3,6,13,39,NE,23500000
"""Gwarko, L""",3,4,13,39,W,29500000
"""Budhanilkantha, K""",5,6,13,65,E,46500000
"""Budhanilkantha, K""",4,6,13,52,S,31500000
"""Uttardhoka, K""",4,5,20,80,S,15000000
"""Budhanilkantha, K""",9,2,13,117,SE,22500000
"""Imadol, L""",2.3,4,13,29.9,E,19000000
"""Satdobato, L""",3.3,4,13,42.9,W,31000000
"""Bhaisepati, L""",4.2,4,20,84,E,43500000
"""Gwarko, L""",3.1,5,12,37.2,N,22000000
"""Imadol, L""",4,5,13,52,E,31000000
"""Sitapaila, K""",6,6,20,120,W,55000000
"""Gongabu, K""",7.1,10,12,85.2,N,60000000
"""Imadol, L""",3,5,13,39,N,28000000
"""Ochu Height, L""",3.1,6,13,40.3,N,27500000
"""Gwarko, L""",3.2,5,13,41.6,S,29500000
"""Lubhu, L""",2.3,5,23,52.9,W,19500000
"""Imadol, L""",4,6,16,64,E,28000000
"""Imadol, L""",3,3,14,42,E,29000000
"""Imadol, L""",3.2,5,13,41.6,E,29000000
"""Imadol, L""",3.2,4,13,41.6,E,29000000
"""Bhaisepati, L""",5,4,13,65,E,45000000
"""Dhapasi, K""",2.3,4,13,29.9,NW,22500000
"""Golfutar, K""",3,5,14,42,E,26000000
"""Dadhikot, B""",4.3,8,13,55.9,SW,33000000
"""Harisiddhi, L""",3,3,20,60,S,27000000
"""Imadol, L""",4.1,5,13,53.3,S,27500000
"""Mulpani, K""",2.2,5,12,26.4,E,16000000
"""Bafal, K""",7,6,14,98,W,47000000
"""Imadol, L""",3.1,4,13,40.3,S,25000000
"""Imadol, L""",3.2,4,13,41.6,W,25000000
"""Sanepa, L""",7.2,6,13,93.6,S,90000000
"""Sitapaila, K""",4,9,12,48,N,23000000
"""Lainchaur, K""",8,8,8,64,S,35000000
"""Greenhill City, K""",4,8,11,44,W,27000000
"""Sunakothi, L""",9,5,20,180,S,85000000
"""Hattiban, L""",5,5,20,100,NW,70000000
"""Hattiban, L""",3.3,3,22,72.6,NW,35000000
"""Lolang, K""",3,11,10,30,W,18000000
"""Dhapakhel, L""",3,6,16,48,N,25000000
"""Shantinagar, K""",3,9,13,39,S,45000000
"""Dakshindhoka, K""",3,3,20,60,NE,26000000
"""Budhanilkantha, K""",4,6,13,52,W,34500000
"""Budhanilkantha, K""",5,6,14,70,SW,37500000
"""Mhaipi, K""",5.1,4,20,102,N,42500000
"""Dadhikot, B""",5,4,10,50,E,30000000
"""Mandikhatar, K""",8,6,13,104,NE,65000000
"""Pasikot, K""",4.2,8,14,58.8,E,30000000
"""Lolang, K""",3,11,12,36,SE,17500000
"""Satungal, K""",4.2,4,13,54.6,NW,29500000
"""Dhapakhel, L""",6,6,13,78,N,43000000
"""Imadol, L""",3.1,6,13,40.3,E,31000000
"""Imadol, L""",6.3,7,13,81.9,S,45000000
"""Imadol, L""",3,5,13,39,S,26500000
"""Imadol, L""",3.2,5,13,41.6,S,29500000
"""Greenland Chowk, K""",5,5,20,100,SE,37500000
"""Tikathali, L""",3,4,13,39,S,25500000
"""Sanagaun, L""",2.3,5,20,46,S,22500000
"""Tikathali, L""",3,9,13,39,E,28500000
"""Deuba Chowk, K""",6,8,13,78,W,60000000
"""Kageshwori, K""",2.2,3,13,28.6,E,16500000
"""Budhanilkantha, K""",4,10,13,52,N,33500000
"""Wasik, K""",5,9,13,65,W,27500000
"""Bojepokhari, L""",3,7,13,39,N,22500000
"""Imadol, L""",3,7,13,39,E,25000000
"""Sanagaun, L""",5.3,6,15,79.5,E,28000000
"""Imadol, L""",2.2,5,13,28.6,S,26000000
"""Imadol, L""",3,4,13,39,W,28000000
"""Imadol, L""",3.2,5,13,41.6,W,27000000
"""Imadol, L""",3.3,5,16,52.8,NW,32500000
"""Deuba Chowk, K""",7,4,14,98,S,65000000
"""Imadol, L""",3,7,13,39,SW,27500000
"""Thamel, K""",2.3,5,10,23,E,23000000
"""Budhanilkantha, K""",5.2,4,13,67.6,SE,57500000
"""Sitapaila, K""",4,4,13,52,W,50000000
"""Mid Baneshwor, K""",3,5,14,42,S,17500000
"""Narayanthan, K""",5,7,10,50,E,55000000
"""Hepali Height, K""",4.3,6,13,55.9,W,46500000
"""Sanepa, L""",2.5,3,13,32.5,SE,35000000
"""Baluwatar, K""",6,8,10,60,S,76000000
"""Manamaiju, K""",9.1,4,13,118.3,SE,73500000
"""Greenhill City, K""",3,5,13,39,SE,23000000
"""Budhanilkantha, K""",6,6,14,84,SW,39000000
"""Sainbu, L""",4,7,18,72,SE,35000000
"""Thali, K""",2.2,5,12,26.4,E,16000000
"""Balkot, B""",3.3,5,13,42.9,W,28000000
"""Budhanilkantha, K""",4,10,16,64,W,40000000
"""Pasikot, K""",3.2,4,20,64,S,22500000
"""Bhaisepati, L""",4,4,15,60,S,29000000
"""Jyotinagar, K""",3,4,20,60,S,26500000
"""Bagdurbar, K""",4,6,13,52,S,30000000
"""Pepsicola, K""",6.2,6,20,124,S,55500000
"""Bijulibajar, K""",6,8,12,72,SE,85000000
"""Sundarbasti, K""",3.2,4,13,41.6,E,33800000
"""Pepsicola, K""",5,5,13,65,N,29000000
"""Harisiddhi, L""",3.2,5,13,41.6,E,26000000
"""Ghattekulo, K""",3.2,6,18,57.6,E,32500000
"""Bhangal, K""",5.1,7,13,66.3,SW,45000000
"""Nakhudole, L""",4.2,4,4,16.8,S,15500000
"""Baluwakhani, K""",3.2,6,10,32,W,27500000
"""Lele, L""",6.4,4,20,128,SE,73000000
"""Kapan, K""",4,5,13,52,SE,32000000
"""Khusibu, K""",4,4,26,104,W,39000000
"""Imadol, L""",9,6,13,117,E,60000000
"""Nakhipot, L""",7,6,13,91,SE,46000000
"""Sitapaila, K""",8.2,8,12,98.4,SE,49500000
"""Pasikot, K""",5,8,13,65,S,28000000
"""Samakhusi, K""",6,10,24,144,E,60000000
"""Imadol, L""",2.3,3,13,29.9,E,21500000
"""Baluwakhani, K""",3,4,12,36,SE,21500000
"""Mahadevtar, K""",10.2,5,13,132.6,SW,60000000
"""Sampang Chowk, L""",4.2,7,13,54.6,NE,38000000
"""Ganesh Chowk, K""",6,8,20,120,N,58000000
"""Bhaisepati, L""",5,7,20,100,S,42500000
"""Makalbari, K""",3.3,8,12,39.6,SE,27500000
"""Thaiba, L""",6,3,20,120,S,50000000
"""Icimod, L""",4.3,6,13,55.9,W,39000000
"""Imadol, L""",4,3,14,56,S,42500000
"""Tahachal, K""",4.1,4,20,82,N,56500000
"""Lasuntar, K""",4.1,4,13,53.3,E,31000000
"""Imadol, L""",3,6,16,48,E,22500000
"""Imadol, L""",7,4,16,112,S,45000000
"""Lubhu, L""",3,5,13,39,S,22000000
"""Imadol, L""",4.2,4,13,54.6,E,45000000
"""Thecho, L""",9.3,6,12,111.6,S,85000000
"""Nakhipot, L""",2.5,4,13,32.5,E,20000000
"""Naxal, K""",4,3,13,52,W,55000000
"""Bafal, K""",3.2,4,14,44.8,NE,37000000
"""Banasthali, K""",4,6,13,52,E,34000000
"""Budhanilkantha, K""",9,4,12,108,S,57500000
"""Chundevi, K""",6,5,15,90,N,67500000
"""Thankot, K""",5,6,10,50,W,22000000
"""Sampang Chowk, L""",2.3,5,13,29.9,S,23000000
"""Danchhi, K""",3.1,2,10,31,S,15000000
"""New Baneshwor, K""",1.1,3,20,22,E,16800000
"""Kadaghari, K""",3,1,15,45,S,17300000
"""Hattigauda, K""",6.2,4,30,186,W,77000000
"""Mahadevsthan, K""",5,6,10,50,S,22000000
"""Pasikot, K""",3.8,5,13,49.4,E,31000000
"""Pasikot, K""",4,5,13,52,SE,29900000
"""Gothatar, K""",3,5,10,30,S,21000000
"""Dharmasthali, K""",4.2,2,13,54.6,NE,13000000
"""Dulal Gaun, K""",5.2,2,16,83.2,N,18500000
"""Narayanthan, K""",4,2,20,80,S,17000000
"""Dhalmal, K""",3.2,6,13,41.6,N,26500000
"""Imadol, L""",4,5,13,52,S,19500000
"""Sainbu, L""",7.3,5,17,124.1,NE,85000000
"""Saraswotinagar, K""",3,3,27,81,W,23000000
"""Thecho, L""",4,5,13,52,N,32500000
"""Thecho, L""",4,4,10,40,S,26000000
"""Imadol, L""",3.2,8,13,41.6,N,29500000
"""Baluwatar, K""",8.2,6,14,114.8,E,68000000
"""Dhapasi, K""",2.2,4,15,33,S,15500000
"""Budhanilkantha, K""",3.2,6,13,41.6,E,34500000
"""Hattigauda, K""",3.2,6,13,41.6,E,25000000
"""Sainbu, L""",5.1,5,14,71.4,NE,36500000
"""Golfutar, K""",7,5,13,91,NE,54900000
"""Dhapasi, K""",9.2,6,13,119.6,E,75000000
"""Chhauni, K""",6,4,12,72,W,37000000
"""Dhapakhel, L""",4,6,20,80,S,38000000
"""Mid Baneshwor, K""",7,5,26,182,E,67500000
"""Gatthaghar, B""",5.2,5,13,67.6,W,40000000
"""Hepali Height, K""",5.2,5,15,78,NE,55000000
"""Kapan, K""",4.3,6,13,55.9,SE,31000000
"""Thulo Bharayang, K""",3.3,4,13,42.9,SE,22000000
"""Nakhipot, L""",3.2,6,20,64,S,33000000
"""Nakhipot, L""",3,6,20,60,S,29000000
"""Satdobato, L""",7.2,8,18,129.6,N,52500000
"""Imadol, L""",3.4,6,16,54.4,NW,39900000
"""Hattiban, L""",7,5,20,140,S,55000000
"""Imadol, L""",3.1,7,20,62,S,27500000
"""Naya Basti, K""",5,5,20,100,W,35000000
"""Sukedhara, K""",4,4,13,52,S,38500000
"""Kapan, K""",3,6,13,39,W,25000000
"""Mandikhatar, K""",5,6,20,100,S,27500000
"""Grande Hospital, K""",4,3,14,56,W,32500000
"""Matatirtha, K""",3,2,12,36,NE,12000000
"""Grande Hospital, K""",3.2,3,10,32,N,19000000
"""Lambagar, K""",2.5,4,8,20,SE,16000000
"""Budhanilkantha, K""",3.3,3,13,42.9,W,24500000
"""Satungal, K""",3,7,13,39,SE,21000000
"""Kapan, K""",3.2,6,12,38.4,E,39000000
"""Bhaisepati, L""",3.8,5,14,53.2,W,45000000
"""Ekatabasti, K""",3,6,13,39,E,31000000
"""Sitapaila, K""",2.2,3,13,28.6,SE,23500000
"""Balkumari, L""",4.3,5,13,55.9,S,47000000
"""Birendra Chowk, K""",4.2,5,13,54.6,S,30500000
"""Dhaneshwor, K""",3.2,7,12,38.4,S,20000000
"""Kaushaltar, B""",3,4,12,36,S,30000000
"""Nakhu, L""",4.1,4,13,53.3,SW,36000000
"""Pasikot, K""",3.2,4,13,41.6,SE,28500000
"""Gairgaun, K""",3.3,5,13,42.9,SE,22000000
"""Dhalmal, K""",3.1,5,12,37.2,E,22000000
"""Sanagaun, L""",4,6,16,64,W,19000000
"""Gurjudhara, K""",4,8,26,104,SE,30000000
"""Bansbari, K""",5,3,13,65,N,10000000
"""Hattiban, L""",3,4,14,42,SE,20000000
"""Aarubari, K""",4,5,12,48,E,35000000
"""Imadol, L""",3.2,4,13,41.6,E,24000000
"""Tokha, K""",3,6,13,39,W,26500000
"""Imadol, L""",3.5,5,12,42,NE,26000000
"""Bhangal, K""",5,5,20,100,E,40000000
"""Matatirtha, K""",4.2,5,13,54.6,NW,29000000
"""Dharmasthali, K""",3.2,3,13,41.6,W,13000000
"""Gongabu, K""",4,5,12,48,S,35000000
"""Kapan, K""",4.1,5,13,53.3,W,35500000
"""Hattiban, L""",6.1,5,20,122,N,55000000
"""Imadol, L""",5,4,13,65,N,36000000
"""Goldhunga, K""",3,2,10,30,E,12000000
"""Lubhu, L""",2.2,6,13,28.6,NE,17000000
"""Imadol, L""",3.1,5,20,62,E,27500000
"""Hattiban, L""",8,7,16,128,N,65000000
"""Budhanilkantha, K""",4,6,13,52,E,36500000
"""Nagarjun, K""",4,7,30,120,NE,38700000
"""Tokha, K""",5.2,5,12,62.4,NE,45000000
"""Hattigauda, K""",4,4,13,52,SE,30000000
"""Kalopool, K""",3.8,2,15,57,SE,22000000
"""Sitapaila, K""",3.3,6,20,66,W,26500000
"""Kapan, K""",3,2,12,36,E,16500000
"""Bhaisepati, L""",5,7,20,100,SW,36000000
"""Pasikot, K""",3,5,18,54,W,23000000
"""Chunikhel, K""",3,4,12,36,E,16000000
"""Naikap, K""",8.2,7,13,106.6,N,47500000
"""Thulo Bharayang, K""",4,5,12,48,S,29000000
"""Khusibu, K""",3.1,5,15,46.5,E,34000000
"""Narayantar, K""",3,5,13,39,E,24500000
"""Bafal, K""",4,7,13,52,E,37500000
"""Khumaltar, L""",4.2,6,20,84,E,42500000
"""Imadol, L""",2.3,5,12,27.6,N,21500000
"""Imadol, L""",4,5,13,52,N,37500000
"""Gwarko, L""",4,7,13,52,NW,47500000
"""Imadol, L""",2.3,4,13,29.9,S,23500000
"""Koteshwor, K""",4.2,7,25,105,E,47000000
"""Bafal, K""",8,6,20,160,S,90000000
"""Nepaltar, K""",3.2,8,13,41.6,S,22400000
"""Kapan, K""",3.3,7,13,42.9,S,26500000
"""Dhapasi, K""",4,6,15,60,S,39900000
"""Kuleshwor, K""",3,6,18,54,E,33500000
"""Sano thimi, B""",4,6,18,72,S,49000000
"""Makalbari, K""",6.1,5,12,73.2,N,37000000
"""Imadol, L""",3,5,20,60,NW,27500000
"""Bhaisepati, L""",6,4,20,120,S,64000000
"""Durbar Marga, K""",7,12,14,98,W,40000000
"""Taulung, K""",5,2,14,70,E,40000000
"""Phutung, K""",4,4,20,80,S,29900000
"""Bouddha, K""",6.2,7,20,124,E,45000000
"""Budhanilkantha, K""",4,7,13,52,NE,38500000
"""Narayantar, K""",3.2,7,16,51.2,SW,37500000
"""Imadol, L""",3,4,20,60,E,25000000
"""Nepaltar, K""",3,11,9,27,E,19600000
"""Jarankhu, K""",5,5,22,110,E,28400000
"""Nepaltar, K""",3,9,9,27,E,16200000
"""Maitrinagar, K""",6,10,13,78,NE,55000000
"""Thimi, B""",5,8,20,100,NW,50000000
"""Bhangal, K""",4,4,12,48,W,27500000
"""Kharibot, K""",5,7,16,80,E,42500000
"""Dharmasthali, K""",4,4,20,80,N,21000000
"""Imadol, L""",2.3,4,13,29.9,E,23000000
"""Imadol, L""",3.3,5,20,66,S,42500000
"""Setipakha, L""",3.1,4,13,40.3,NE,26500000
"""Bhaisepati, L""",6,4,13,78,W,70000000
"""Kapan, K""",4,2,15,60,S,24000000
"""Ochu Height, L""",5,8,13,65,E,41000000
"""Thapathali, K""",6.2,6,12,74.4,S,44500000
"""Kharibot, K""",10.3,6,13,133.9,NE,45000000
"""Manamaiju, K""",3,6,22,66,S,27500000
"""Imadol, L""",3.2,4,20,64,E,45000000
"""Budhanilkantha, K""",8,5,20,160,SW,68000000
"""Jyotinagar, K""",5.1,4,13,66.3,E,46500000
"""Hattigauda, K""",4.2,5,13,54.6,W,34500000
"""Basundhara, K""",4.2,6,16,67.2,SE,42000000
"""Imadol, L""",3.2,4,14,44.8,E,43000000
"""Imadol, L""",3,5,13,39,W,25500000
"""Imadol, L""",3,5,13,39,S,27500000
"""Harisiddhi, L""",3,4,20,60,W,27000000
"""Thaiba, L""",3.2,4,13,41.6,E,24000000
"""Dhapasi, K""",3.2,4,14,44.8,N,29000000
"""Chandol, K""",5,7,12,60,N,36000000
"""Tyanglafat, K""",7.2,4,20,144,E,57000000
"""Ganesh Chowk, K""",4,4,13,52,W,41700000
"""Budhanilkantha, K""",3.1,6,13,40.3,E,29900000
"""Imadol, L""",3.2,6,12,38.4,E,20000000
"""Setipakha, L""",4,8,13,52,W,26500000
"""Budhanilkantha, K""",8,9,13,104,N,55000000
"""Sanagaun, L""",5,7,20,100,E,33500000
"""Imadol, L""",2.5,1,10,25,S,14000000
"""Tikathali, L""",3,5,13,39,S,25500000
"""Imadol, L""",4,6,15,60,W,32500000
"""Sitapaila, K""",3.1,4,18,55.8,N,22500000
"""Tikathali, L""",3,7,13,39,S,23000000
"""Pasikot, K""",4,5,13,52,SE,35000000
"""Imadol, L""",3.1,4,20,62,S,26500000
"""Sanagaun, L""",4,6,13,52,NE,29500000
"""Tikathali, L""",3.1,2,13,40.3,NE,16000000
"""Chapali, K""",2.3,6,13,29.9,E,27000000
"""Tikathali, L""",3,4,13,39,S,23000000
"""Sundarbasti, K""",4.2,6,13,54.6,NE,38800000
"""Mandikhatar, K""",4.1,7,13,53.3,E,39800000
"""Budhanilkantha, K""",5,5,13,65,W,43500000
"""Syuchatar, K""",3,4,10,30,NW,23000000
"""Kalanki, K""",3,5,10,30,S,23000000
"""Pepsicola, K""",3.1,4,20,62,N,34000000
"""Satungal, K""",2.2,3,4,8.8,E,15000000
"""Baneshwor, K""",3,6,20,60,SW,38000000
"""Mandikhatar, K""",4,6,13,52,S,37500000
"""Tikathali, L""",4.2,8,13,54.6,N,42500000
"""Imadol, L""",4.1,5,13,53.3,N,34500000
"""Imadol, L""",3,5,13,39,N,26500000
"""Imadol, L""",3.1,5,13,40.3,S,31500000
"""Tikathali, L""",3.3,5,13,42.9,S,37500000
"""Buddha Chowk, K""",5.2,5,13,67.6,E,39000000
"""New Buspark, K""",6,6,4,24,W,40000000
"""Chhauni, K""",3.2,5,13,41.6,S,35000000
"""Bhaisepati, L""",4.1,4,20,82,W,58600000
"""Balkot, B""",9,5,26,234,N,45000000
"""Dhumbarahi, K""",5.2,8,13,67.6,NW,55000000
"""Bansbari, K""",4.2,5,12,50.4,S,51000000
"""Naya Basti, K""",3.2,5,10,32,N,26000000
"""Dhapasi, K""",3,5,13,39,N,27000000
"""Megha City, K""",3.2,3,13,41.6,N,12000000
"""Imadol, L""",5.2,7,18,93.6,E,38500000
"""Bansbari, K""",4.3,4,12,51.6,S,52000000
"""Thaiba, L""",4.1,2,13,53.3,S,26000000
"""Imadol, L""",3.2,5,13,41.6,E,31000000
"""Imadol, L""",3,6,13,39,N,25500000
"""Bojepokhari, L""",3.2,4,12,38.4,E,28500000
"""Koteshwor, K""",5,10,27,135,E,85000000
"""Sunakothi, L""",7,4,20,140,N,51500000
"""Baniyatar, K""",3.3,7,13,42.9,SW,27000000
"""Kapan, K""",3.2,6,13,41.6,N,29500000
"""Budhanilkantha, K""",3,6,13,39,N,28000000
"""Mandikhatar, K""",6.2,4,13,80.6,NW,43500000
"""Kalanki, K""",3.1,5,13,40.3,E,23500000
"""Bouddha, K""",4,4,8,32,SE,25000000
"""Dhapasi, K""",6,4,20,120,E,51000000
"""Sanepa, L""",6.7,5,14,93.8,NW,63500000
"""Bhaisepati, L""",7,5,13,91,N,78000000
"""Bhaisepati, L""",7,5,13,91,E,85000000
"""Imadol, L""",3,5,13,39,E,25000000
"""Tikathali, L""",3,2,13,39,N,16500000
"""Budhanilkantha, K""",4,6,13,52,E,34500000
"""Bafal, K""",2.2,6,12,26.4,N,23500000
"""Kalanki, K""",4.2,4,13,54.6,N,38500000
"""Tikathali, L""",2.3,9,13,29.9,E,21500000
"""Dhapasi, K""",7,7,12,84,E,39000000
"""Imadol, L""",3,5,20,60,W,27500000
"""Mandikhatar, K""",3.1,6,13,40.3,N,29500000
"""Chandragiri, K""",4,2,10,40,SE,16000000
"""Maharajgunj, K""",10,6,13,130,NE,72500000
"""Sundarbasti, K""",4.5,6,13,58.5,N,38500000
"""Golfutar, K""",4,4,16,64,S,29500000
"""Dhapasi, K""",4,6,15,60,E,25000000
"""Imadol, L""",3,3,13,39,E,26000000
"""Imadol, L""",3.3,6,23,75.9,W,32500000
"""Imadol, L""",3.5,5,12,42,E,22500000
"""Imadol, L""",4.2,6,13,54.6,S,40000000
"""Imadol, L""",3.1,4,13,40.3,W,31500000
"""Imadol, L""",3.2,5,13,41.6,W,33000000
"""Tikathali, L""",4.1,7,13,53.3,NW,27000000
"""Setipakha, L""",2.3,4,13,29.9,E,22500000
"""Ochu Height, L""",3.3,6,16,52.8,S,33000000
"""Raniban, K""",3,6,20,60,E,36000000
"""Ochu Height, L""",4,6,16,64,W,37500000
"""Nakhu, L""",5,4,13,65,E,39900000
"""Changathali, L""",4,7,10,40,E,17000000
"""Ochu Height, L""",3.2,5,13,41.6,S,24500000
"""Imadol, L""",4,5,13,52,W,35000000
"""Pasikot, K""",3,4,20,60,NW,32000000
"""Sitapaila, K""",6,6,13,78,E,38000000
"""Budhanilkantha, K""",3,6,13,39,W,28000000
"""changu Narayan, K""",3.3,4,10,33,N,31000000
"""Sitapaila, K""",5.1,4,13,66.3,E,38000000
"""Pepsicola, K""",4,4,20,80,E,32500000
"""Pasikot, K""",5.1,5,10,51,E,32500000
"""Kharibot, K""",3.2,6,13,41.6,N,29000000
"""Pasikot, K""",3,6,20,60,SE,28000000
"""Balkumari, L""",4.5,3,16,72,NE,66000000
"""Nepaltar, K""",3,7,11,33,E,21900000
"""Nakhipot, L""",3.2,5,13,41.6,S,28000000
"""Ramkot, K""",3.3,3,10,33,SE,17500000
"""Nakhipot, L""",3.5,5,20,70,SW,27000000
"""Hattiban, L""",3.2,6,13,41.6,S,25500000
"""Tenzing Chowk, K""",4,5,13,52,E,36500000
"""Mandikhatar, K""",3.1,6,13,40.3,W,29500000
"""Old Baneshwor, K""",3,6,16,48,E,45000000
"""Dhobikhola, K""",3.5,5,27,94.5,NE,46000000
"""Hattigauda, K""",5,7,13,65,N,34500000
"""Imadol, L""",4,4,13,52,W,35000000
"""Kapan, K""",2.2,4,12,26.4,E,18800000
"""Imadol, L""",3,5,10,30,E,27000000
"""Phutung, K""",3,3,13,39,W,15000000
"""Lolang, K""",3,8,10,30,W,25500000
"""Balkumari, L""",2.3,5,25,57.5,N,33000000
"""Tikathali, L""",3.1,6,13,40.3,N,25000000
"""Imadol, L""",5,6,13,65,SW,37000000
"""Kusunti, L""",5.2,4,13,67.6,E,39500000
"""Imadol, L""",3,5,13,39,W,27500000
"""Imadol, L""",2.3,4,10,23,N,22000000
"""Dhapasi, K""",3,4,20,60,W,12000000
"""Bagbazar, K""",5.1,4,12,61.2,NE,70000000
"""Sukedhara, K""",5.2,4,13,67.6,S,55000000
"""Satdobato, L""",6.1,5,13,79.3,W,45000000
"""Bistachhap, L""",4,8,13,52,S,13500000
"""Imadol, L""",3.3,5,13,42.9,S,32500000
"""Imadol, L""",4,4,16,64,E,37500000
"""Thankot, K""",3,2,10,30,NE,14500000
"""Maharajgunj, K""",4,4,14,56,E,24000000
"""Dhumbarahi, K""",4,3,10,40,E,38000000
"""Kapan, K""",4,6,13,52,W,29500000
"""Kalanki, K""",4.2,5,20,84,NE,25500000
"""Kapan, K""",4,8,12,48,N,31000000
"""Imadol, L""",4,4,20,80,SE,42500000
"""Maharajgunj, K""",3,4,20,60,W,30000000
"""Budhanilkantha, K""",4,6,13,52,S,34500000
"""Sunakothi, L""",3.2,4,20,64,SE,37500000
"""Bhaisepati, L""",5,5,14,70,S,85000000
"""Hattigauda, K""",6.1,7,14,85.4,NE,34500000
"""Panipokhari, K""",3.2,7,18,57.6,NE,65000000
"""Gokarneswhor, K""",4,6,32,128,W,30000000
"""Pasikot, K""",4,5,13,52,E,34000000
"""Dhumbarahi, K""",8,9,12,96,SE,67500000
"""Budhanilkantha, K""",6,6,16,96,S,47000000
"""Gongabu, K""",4,6,20,80,W,60000000
"""Khadka Gaun, K""",4,5,13,52,W,33000000
"""Budhanilkantha, K""",4,6,13,52,N,34000000
"""Lazimpat, K""",4.3,6,12,51.6,NE,42000000
"""Sunakothi, L""",5,3,20,100,NE,37500000
"""Bhaisepati, L""",6,4,13,78,NE,78000000
"""Hattigauda, K""",6.2,4,20,124,W,77000000
"""Syuchatar, K""",4,4,18,72,SE,38000000
"""Gwarko, L""",2.3,2,13,29.9,S,15500000
"""Imadol, L""",3,4,13,39,E,23500000
"""Thaiba, L""",3.3,4,20,66,S,18000000
"""Ochu Height, L""",3.2,5,13,41.6,S,27000000
"""Koteshwor, K""",4,5,6,24,S,41500000
"""Bhaisepati, L""",6,4,13,78,W,78000000
"""Chardobato, B""",4.2,6,20,84,S,41000000
"""Mandikhatar, K""",4.3,4,13,55.9,W,40000000
"""Deuba Chowk, K""",6,6,13,78,N,43500000
"""Dhapasi, K""",10,4,13,130,E,58000000
"""Gothatar, K""",4,8,10,40,N,38000000
"""Grande Hospital, K""",3.2,12,13,41.6,NW,30000000
"""Sainbu, L""",4,5,15,60,N,30000000
"""Thali, K""",3.5,4,10,35,N,15500000
"""Kapan, K""",4.1,6,13,53.3,NE,29500000
"""Khumaltar, L""",5,3,13,65,S,55000000
"""Gaurighat, K""",3,4,13,39,W,23000000
"""Gwarko, L""",3.1,4,13,40.3,S,27000000
"""Imadol, L""",4,5,13,52,N,29000000
"""Imadol, L""",3.2,4,13,41.6,E,27500000
"""Narayantar, K""",4.2,12,12,50.4,E,35000000
"""Thali, K""",3.2,2,10,32,W,13300000
"""Dhapasi, K""",10,4,13,130,E,61000000
"""Suryabinayak, B""",6,8,10,60,SE,82000000
"""Budhanilkantha, K""",5.3,6,27,143.1,NE,46000000
"""Lubhu, L""",2.2,5,13,28.6,NE,17000000
"""Jarankhu, K""",3.2,4,10,32,SW,16000000
"""Katunje, B""",8,5,13,104,N,35000000
"""Chyau Danda, L""",3,4,20,60,S,24000000
"""Naya Basti, K""",4,5,10,40,N,33000000
"""Nagdaha, L""",4,4,20,80,S,41500000
"""Thecho, L""",4,4,16,64,N,19000000
"""Mandikhatar, K""",8,5,13,104,NE,65000000
"""Icimod, L""",4,5,13,52,W,30500000
"""Imadol, L""",4,3,26,104,N,40000000
"""Godawari, L""",5,5,20,100,N,41900000
"""Chunikhel, K""",3,7,10,30,S,25000000
"""Gairgaun, K""",5,4,12,60,N,51000000
"""Chabahil, K""",6.2,4,8,49.6,W,35000000
"""Matatirtha, K""",4,3,13,52,NE,18000000
"""Bansbari, K""",6.2,6,13,80.6,SE,55000000
"""Bhaisepati, L""",4.2,3,10,42,SE,55000000
"""Swayambhu, K""",2.2,5,20,44,S,27500000
"""Bafal, K""",5,5,13,65,S,36500000
"""Chapali, K""",6,5,13,78,S,61500000
"""Chandragiri, K""",3.2,6,10,32,SE,17000000
"""Imadol, L""",3,4,13,39,W,25500000
"""Imadol, L""",4,5,13,52,E,32500000
"""Imadol, L""",3.5,6,13,45.5,S,26500000
"""Hattiban, L""",3.2,5,13,41.6,SE,20500000
"""Manamaiju, K""",4.2,6,12,50.4,SW,25000000
"""Tripureshwor, K""",5,4,8,40,N,32000000
"""Budhanilkantha, K""",8.3,5,13,107.9,SW,51500000
"""Dhapasi, K""",10,4,13,130,E,58000000
"""Kupandole, L""",5,10,20,100,E,64000000
"""Banasthali, K""",2.5,3,13,32.5,E,23500000
"""Kumaripati, L""",6,7,15,90,S,45000000
"""Swayambhu, K""",3.1,6,10,31,NW,31500000
"""Swayambhu, K""",3,6,10,30,N,29500000
"""Shantinagar, K""",5.3,11,9,47.7,S,49800000
"""Sundarbasti, K""",3.2,8,13,41.6,S,27000000
"""Taukhel, L""",4.2,5,20,84,W,38000000
"""Tahachal, K""",2.2,2,10,22,E,13500000
"""Sundarbasti, K""",5,6,20,100,N,39500000
"""Kapan, K""",5.3,6,13,68.9,SE,32500000
"""Imadol, L""",3.2,5,20,64,W,27000000
"""Imadol, L""",3.3,4,13,42.9,NW,28500000
"""Imadol, L""",4.2,6,13,54.6,NE,25000000
"""Imadol, L""",3,5,13,39,SE,27500000
"""Bhangal, K""",3.3,5,13,42.9,S,29000000
"""Sundarbasti, K""",4,5,20,80,E,29800000
"""Jhaukhel, B""",4.1,2,10,41,NE,14000000
"""Imadol, L""",3.2,4,13,41.6,S,27500000
"""Imadol, L""",3.1,5,13,40.3,N,26000000
"""Tyanglafat, K""",3,7,10,30,NE,24500000
"""Kageshwori, K""",3,5,13,39,W,25500000
"""Chandragiri, K""",4,4,13,52,E,22500000
"""Chandragiri, K""",3,6,12,36,S,13100000
"""Nayapati, K""",4,4,20,80,W,33000000
"""Thaiba, L""",3.1,5,13,40.3,E,22000000
"""Imadol, L""",3.1,4,13,40.3,N,23500000
"""Imadol, L""",4,6,13,52,S,42500000
"""Chandragiri, K""",3,5,10,30,W,19000000
"""Tokha, K""",3.3,5,10,33,W,23000000
"""Budhanilkantha, K""",5,6,15,75,SE,40000000
"""Thulo Bharayang, K""",3,4,13,39,W,30000000
"""Chappal karkhana, K""",10,4,14,140,SE,62000000
"""Pasikot, K""",5.1,5,14,71.4,S,38000000
"""Nakhipot, L""",3.2,9,20,64,E,25500000
"""Imadol, L""",2.3,6,13,29.9,W,21000000
"""Dhobighat, L""",9,5,12,108,S,76500000
"""Budhanilkantha, K""",2,6,12,24,W,25000000
"""Gairgaun, K""",3.1,6,10,31,N,25000000
"""changu Narayan, K""",2.3,6,13,29.9,NW,25000000
"""Gongabu, K""",3,5,13,39,NE,29000000
"""Bhaisepati, L""",3.3,5,15,49.5,SW,31000000
"""Budhanilkantha, K""",9,5,18,162,N,45000000
"""Goldhunga, K""",2.2,5,13,28.6,E,15000000
"""Bhaisepati, L""",5.2,5,16,83.2,SE,55000000
"""Bhaisepati, L""",3.3,4,13,42.9,SE,32500000
"""Lolang, K""",4.3,8,10,43,E,25000000
"""Thado Dhunga, L""",9,5,20,180,SW,77500000
"""Sunakothi, L""",6,3,20,120,SE,42500000
"""Bhaisepati, L""",3.3,5,22,72.6,N,35000000
"""Bagdol, L""",5.3,7,20,106,SE,54000000
"""Budhanilkantha, K""",5,5,15,75,NW,45000000
"""Pasikot, K""",5.1,5,14,71.4,SW,38000000
"""Bhangal, K""",3.3,4,13,42.9,W,29500000
"""Baluwakhani, K""",4,6,13,52,E,34500000
"""Aakasedhara, K""",3.1,4,13,40.3,N,28500000
"""Katunje, B""",3,6,20,60,SE,20500000
"""Rudreshwor, K""",5.1,4,13,66.3,S,50000000
"""Golfutar, K""",3.2,5,16,51.2,W,29000000
"""Bhaisepati, L""",4.2,4,15,63,SW,31000000
"""Bauthali, K""",4.1,6,12,49.2,W,25000000
"""Raniban, K""",3.5,6,14,49,SW,31000000
"""Goldhunga, K""",3,4,12,36,N,29500000
"""Tikathali, L""",3.2,5,13,41.6,E,29500000
"""Kalopool, K""",4.2,2,4,16.8,S,30000000
"""Bhaisepati, L""",5.3,3,16,84.8,SW,62500000
"""Sitapaila, K""",4,5,13,52,SE,31000000
"""Nakhudole, L""",4,3,20,80,W,29000000
"""Imadol, L""",3.1,4,13,40.3,N,26000000
"""Bhaisepati, L""",4,5,13,52,SW,41000000
"""Mandikhatar, K""",5,5,14,70,E,44500000
"""Jyotinagar, K""",3.5,6,13,45.5,S,31500000
"""Budhanilkantha, K""",4.3,5,13,55.9,W,40000000
"""Naya Basti, K""",6.1,8,20,122,SW,50000000
"""Bhaisepati, L""",3.3,4,13,42.9,SW,32500000
"""High Vision Colony, K""",3.5,4,10,35,E,26000000
"""Sitapaila, K""",7,4,13,91,S,37500000
"""Bhaisepati, L""",3.3,5,22,72.6,W,35000000
"""Kupandole, L""",5,8,22,110,E,48000000
"""Syuchatar, K""",5.2,6,13,67.6,E,32500000
"""Sunakothi, L""",4.1,5,20,82,E,35000000
"""Bhaisepati, L""",5,4,20,100,E,41000000
"""Gahana Pokhari, K""",6.3,6,11,69.3,S,70000000
"""Hattiban, L""",8,4,32,256,N,85000000
"""Bistachhap, L""",9.2,4,20,184,E,22000000
"""Battisputali, K""",10,5,13,130,S,95000000
"""Sundarbasti, K""",5,5,13,65,NE,39000000
"""Besigaun, K""",3.1,6,13,40.3,SE,27000000
"""Gokarneswhor, K""",3,2,13,39,E,13000000
"""Kusunti, L""",5.5,4,13,71.5,NE,40500000
"""Khusibu, K""",2.2,6,26,57.2,E,32500000
"""Pasikot, K""",6,6,13,78,SE,33000000
"""Budhanilkantha, K""",6.2,6,15,93,NE,62500000
"""Baniyatar, K""",3,4,10,30,W,20500000
"""Bansbari, K""",7,4,13,91,S,50000000
"""Imadol, L""",3.3,5,13,42.9,NE,26000000
"""Imadol, L""",3.1,3,13,40.3,N,23500000
"""Satdobato, L""",9.1,12,10,91,E,70000000
"""Gaushala, K""",4,11,13,52,E,32500000
"""Goldhunga, K""",4,4,20,80,N,32000000
"""Dhumbarahi, K""",3.5,5,20,70,S,25000000
"""Ganesh Chowk, K""",3.5,5,14,49,SW,32500000
"""Nagarjun, K""",3.1,4,16,49.6,NE,25000000
"""Pepsicola, K""",2.3,5,20,46,E,29000000
"""Wasik, K""",5.2,5,13,67.6,SW,41000000
"""Thaiba, L""",5.2,4,20,104,SW,50000000
"""Basundhara, K""",6.3,7,20,126,S,87500000
"""Bhaisepati, L""",5,8,10,50,E,35000000
"""Narayantar, K""",8.1,8,12,97.2,NW,53500000
"""Sukedhara, K""",4,6,14,56,S,39000000
"""Ranibari, K""",4,6,22,88,W,35000000
"""Goldhunga, K""",3.2,5,10,32,W,25000000
"""Bhaisepati, L""",6,6,20,120,SE,75000000
"""Baluwakhani, K""",4,3,13,52,E,31500000
"""Tenzing Chowk, K""",3.3,6,13,42.9,E,26500000
"""Sukedhara, K""",5,6,14,70,W,35000000
"""Rudreshwor, K""",5.1,5,13,66.3,E,49000000
"""Bafal, K""",4,7,13,52,W,28500000
"""changu Narayan, K""",2.2,4,9,19.8,W,21500000
"""Basanti Chowk, K""",3,4,10,30,S,22000000
"""Tindhara, K""",3,6,26,78,N,22000000
"""Buddha Chowk, K""",3,4,10,30,W,24000000
"""Hattigauda, K""",6.2,4,13,80.6,NE,36500000
"""Dhapakhel, L""",3.3,6,13,42.9,E,27000000
"""Gwarko, L""",3.1,5,13,40.3,S,27000000
"""Matatirtha, K""",5.1,3,26,132.6,S,20000000
"""Imadol, L""",7,5,20,140,NE,36000000
"""Sitapaila, K""",4,5,10,40,N,27000000
"""Bhaisepati, L""",3,5,12,36,W,30000000
"""Bhaisepati, L""",5,5,20,100,W,51000000
"""Kapan, K""",4.1,6,13,53.3,E,29800000
"""Imadol, L""",3,5,13,39,E,23500000
"""Satdobato, L""",10,13,13,130,S,70000000
"""Syuchatar, K""",3.2,6,13,41.6,S,25000000
"""Sitapaila, K""",4.1,4,16,65.6,SE,27500000
"""Sitapaila, K""",4.2,4,16,67.2,S,29500000
"""Purano Naikap, K""",6.2,7,13,80.6,NE,48000000
"""Battisputali, K""",3.5,7,20,70,W,32000000
"""Sitapaila, K""",5,5,13,65,E,31500000
"""Thulo Bharayang, K""",2.2,3,10,22,S,15000000
"""Jorpati, K""",3.2,5,10,32,S,23000000
"""Balaju, K""",9.1,6,10,91,W,57500000
"""Sitapaila, K""",2.3,3,4,9.2,NE,12000000
"""Naikap, K""",3.1,4,10,31,N,20000000
"""Machhapokhari, K""",4,4,10,40,E,30000000
"""Gothatar, K""",3.2,6,10,32,SE,26800000
"""Dhapakhel, L""",4,6,20,80,SW,30000000
"""Kageshwori, K""",3.2,6,20,64,E,31000000
"""Pepsicola, K""",4.2,3,36,151.2,NE,50000000
"""Budhanilkantha, K""",8,13,13,104,W,53500000
"""Satdobato, L""",3,4,13,39,E,26000000
"""Bafal, K""",3.1,5,13,40.3,W,24000000
"""Maharajgunj, K""",3.7,2,12,44.4,SE,30000000
"""Budhanilkantha, K""",4,4,15,60,W,36000000
"""Manamaiju, K""",4,6,12,48,N,27500000
"""Dhapasi, K""",5,6,18,90,S,42500000
"""Maharajgunj, K""",4,5,16,64,S,45000000
"""Kadaghari, K""",3.2,6,13,41.6,N,27000000
"""Dhapasi, K""",3.2,4,16,51.2,E,28500000
"""Lolang, K""",3,4,12,36,NE,35500000
"""Tokha, K""",4.2,4,13,54.6,E,29000000
"""Nakhipot, L""",4.2,5,20,84,W,32000000
"""Goldhunga, K""",4.2,4,20,84,E,30000000
"""Italitar, K""",8.1,5,20,162,E,77500000
"""Machhe Gaun, K""",3,8,13,39,W,14000000
"""Rudreshwor, K""",5.1,4,16,81.6,E,50000000
"""Imadol, L""",3,2,13,39,S,16500000
"""Nakhipot, L""",3,4,13,39,S,24000000
"""Chapali, K""",3.3,5,13,42.9,NE,28000000
"""Phulbari Colony, K""",10,6,20,200,SE,92000000
"""Jarankhu, K""",4,7,13,52,W,35000000
"""Koteshwor, K""",3,6,26,78,N,27500000
"""Charkhal, K""",4,8,13,52,SE,28500000
"""Hattigauda, K""",6.1,7,14,85.4,S,36500000
"""Hattigauda, K""",5,6,15,75,NE,45000000
"""Matatirtha, K""",8,8,16,128,S,20000000
"""Balkhu, K""",8,7,20,160,W,72000000
"""Golfutar, K""",3.2,4,16,51.2,S,25000000
"""Taukhel, L""",4.2,4,8,33.6,N,30000000
"""Chhauni, K""",3.2,5,13,41.6,E,26000000
"""Mandikhatar, K""",2.7,6,13,35.1,S,18500000
"""Deuba Chowk, K""",4.3,5,13,55.9,S,45000000
"""Hattigauda, K""",5,6,13,65,N,45000000
"""Nakhu, L""",5,4,13,65,E,39500000
"""Hepali Height, K""",4.2,3,20,84,SW,45000000
"""Bhadrabas, K""",3,2,20,60,W,12500000
"""Dhapasi, K""",4,5,20,80,SE,41000000
"""Bhaisepati, L""",3.3,4,13,42.9,E,38000000
"""Dhapasi, K""",4,6,13,52,E,37500000
"""Hattigauda, K""",6.2,6,14,86.8,E,65000000
"""Hattiban, L""",8,4,20,160,S,90000000
"""Balkhu, K""",2.3,3,20,46,N,24900000
"""Bhaisepati, L""",5,4,16,80,S,45000000
"""Rudreshwor, K""",6,5,13,78,S,59500000
"""Jarankhu, K""",4,8,13,52,N,35000000
"""Paiyatar, K""",4.3,5,12,51.6,W,30000000
"""Budhanilkantha, K""",5.1,4,15,76.5,E,50000000
"""Ganesh Chowk, K""",5.2,5,13,67.6,SW,45000000
"""Hattiban, L""",4.2,4,20,84,SW,46500000
"""Kalikasthan, K""",1.3,4,30,39,E,25000000
"""Budhanilkantha, K""",4.1,5,13,53.3,S,29800000
"""Dhapasi, K""",4,4,13,52,NE,23000000
"""Bhadrabas, K""",4,2,20,80,N,12500000
"""Bagdol, L""",6,7,16,96,E,55000000
"""Ganesh Chowk, K""",6.1,6,12,73.2,NE,67500000
"""Kapan, K""",5,6,13,65,N,36000000
"""Siddhartha Colony, K""",3,6,20,60,E,35000000
"""Narayanthan, K""",3.3,5,16,52.8,S,42500000
"""Nakhu, L""",5.2,4,13,67.6,SW,53000000
"""Bhaisepati, L""",5,5,20,100,W,40000000
"""Hattigauda, K""",6.2,5,15,93,E,36500000
"""Bhaisepati, L""",5,4,15,75,E,39900000
"""Sundarbasti, K""",4.2,6,20,84,SE,38500000
"""Sundarbasti, K""",5,6,13,65,NE,38500000
"""Sitapaila, K""",10.2,4,20,204,NW,67400000
"""Gothatar, K""",3.2,2,20,64,E,14000000
"""Gongabu, K""",4,11,13,52,S,31500000
"""Bhaisepati, L""",4.2,5,13,54.6,SE,47500000
"""Thaiba, L""",4.5,6,22,99,N,37000000
"""Jarankhu, K""",4,5,12,48,SE,25000000
"""Dhapakhel, L""",4.2,4,26,109.2,W,18500000
"""Sudal, B""",3.3,10,10,33,E,21000000
"""Khumaltar, L""",6,6,22,132,NE,35000000
"""Baluwa, K""",3.2,5,13,41.6,N,19000000
"""Deuba Chowk, K""",8,8,12,96,E,52500000
"""Machhe Gaun, K""",8,5,13,104,NE,45000000
"""Imadol, L""",3.2,4,11,35.2,NW,26500000
"""Satdobato, L""",6.1,6,12,73.2,W,45000000
"""Imadol, L""",3.2,6,20,64,SW,27500000
"""Sinamangal, K""",5.2,5,13,67.6,W,45000000
"""Khumaltar, L""",5.2,7,18,93.6,W,42500000
"""Radhe Radhe, B""",8,6,16,128,SE,62500000
"""Dhapakhel, L""",8.2,4,13,106.6,NE,42000000
"""Chunikhel, K""",3,4,20,60,S,15500000
"""Dhapakhel, L""",3,3,26,78,SE,29000000
"""Budhanilkantha, K""",4,4,20,80,S,32000000
"""Bhaisepati, L""",5,3,18,90,E,55000000
"""Sanepa, L""",9.2,4,16,147.2,E,77500000
"""Boharatar, K""",3,5,13,39,E,20000000
"""Budhanilkantha, K""",4,6,25,100,NE,48000000
"""Jhamsikhel, L""",3,4,20,60,E,40000000
"""Bhaisepati, L""",3.2,5,20,64,N,36500000
"""Grande Hospital, K""",5.2,5,21,109.2,E,53500000
"""Bhaisepati, L""",5,4,20,100,SW,55000000
"""Budhanilkantha, K""",3.2,6,20,64,E,35000000
"""Pepsicola, K""",3,8,10,30,N,26000000
"""Sano bharyang, K""",5,4,20,100,N,45000000
"""Sukedhara, K""",7,4,12,84,E,70000000
"""Thulo Bharayang, K""",3,5,13,39,N,35000000
"""Imadol, L""",2.2,4,13,28.6,N,20500000
"""Thankot, K""",4,4,13,52,S,30000000
"""Lazimpat, K""",2.2,4,10,22,N,22500000
"""Tokha, K""",3,5,11,33,S,24000000
"""Khumaltar, L""",4,4,26,104,E,40000000
"""Kapan, K""",3.1,4,13,40.3,E,16000000
"""Budhanilkantha, K""",5,6,20,100,NW,39000000
"""Bansbari, K""",9.2,4,13,119.6,S,62500000
"""Bansbari, K""",10,3,13,130,S,62500000
"""Budhanilkantha, K""",8,6,20,160,W,70000000
"""Golfutar, K""",3.2,5,20,64,NE,31500000
"""Rudreshwor, K""",6,5,15,90,S,57500000
"""Budhanilkantha, K""",8,5,15,120,SE,67500000
"""Pasikot, K""",5,5,13,65,S,33500000
"""Nepaltar, K""",3,5,10,30,S,21000000
"""Thankot, K""",4,6,13,52,N,26000000
"""Setipakha, L""",4,4,15,60,S,31000000
"""Ekatabasti, K""",2.2,4,12,26.4,S,16000000
"""Budhanilkantha, K""",4,6,13,52,E,33500000
"""Sorhakhutte, K""",3.2,15,12,38.4,E,45000000
"""Bhaisepati, L""",6,5,15,90,S,14000000
"""Thado Dhunga, L""",10,3,15,150,N,18000000
"""Imadol, L""",4,5,13,52,E,34500000
"""Imadol, L""",3,4,11,33,N,14500000
"""Budhanilkantha, K""",3.2,4,13,41.6,S,18500000
"""Bhaisepati, L""",3.3,4,20,66,N,44000000
"""Imadol, L""",4.1,7,20,82,NE,36000000
"""Budhanilkantha, K""",7.3,4,24,175.2,S,75000000
"""Budhanilkantha, K""",5,7,13,65,SE,39500000
"""Sitapaila, K""",4.2,6,12,50.4,N,30000000
"""Kapan, K""",4.2,6,13,54.6,N,33800000
"""Kapan, K""",3,5,12,36,S,18500000
"""Manbhawan, L""",3,5,26,78,S,20000000
"""Kapan, K""",3,2,12,36,SW,14000000
"""Budhanilkantha, K""",4,5,13,52,N,26000000
"""Grande Hospital, K""",4.3,4,16,68.8,N,39000000
"""Nakhipot, L""",2.9,4,20,58,S,29000000
"""Lubhu, L""",2.5,4,13,32.5,S,17500000
"""Budhanilkantha, K""",4.5,6,13,58.5,N,33500000
"""Panga, K""",4,13,12,48,N,27500000
"""Budhanilkantha, K""",6,6,15,90,SE,60000000
"""Anamnagar, K""",3,4,4,12,W,13000000
"""Greenhill City, K""",4,5,13,52,S,25500000
"""Golfutar, K""",5.2,4,13,67.6,SE,39000000
"""Budhanilkantha, K""",7,5,14,98,SE,75000000
"""Khumaltar, L""",3.2,3,13,41.6,E,36500000
"""Thaiba, L""",6,4,20,120,SE,45000000
"""Bhaisepati, L""",3.3,4,20,66,N,41000000
"""Naya Basti, K""",3,7,10,30,S,20500000
"""Gongabu, K""",3.1,8,10,31,W,37500000
"""Golfutar, K""",4.2,3,16,67.2,W,43500000
"""Dhapasi, K""",3.3,5,13,42.9,SW,31000000
"""Banasthali, K""",4,4,14,56,S,31000000
"""Manjushree Marga, L""",4,5,13,52,S,27500000
"""Budhanilkantha, K""",3,6,15,45,NW,32000000
"""Handigaun, K""",7.2,7,15,108,S,52500000
"""Chakupat, L""",6,5,13,78,S,60000000
"""Deuba Chowk, K""",7.1,8,13,92.3,E,70000000
"""Satungal, K""",4.3,2,14,60.2,E,21500000
"""Hattigauda, K""",6,6,15,90,E,57500000
"""Naxal, K""",10,6,12,120,E,82000000
"""Bansbari, K""",6.2,6,13,80.6,N,55000000
"""Mandikhatar, K""",3.1,4,13,40.3,E,28500000
"""Samakhusi, K""",3.3,5,15,49.5,N,30500000
"""Budhanilkantha, K""",5,8,20,100,N,69000000
"""Budhanilkantha, K""",6,4,15,90,S,47000000
"""Budhanilkantha, K""",3.2,4,13,41.6,SE,19000000
"""Mahankal, K""",4,4,20,80,N,33500000
"""Narayantar, K""",3.2,6,13,41.6,S,30000000
"""Budhanilkantha, K""",5,5,16,80,S,46500000
"""Narayantar, K""",3,6,11,33,S,24000000
"""Budhanilkantha, K""",4,6,13,52,N,32000000
"""Nagdaha, L""",3.2,4,20,64,N,33000000
"""Sorhakhutte, K""",5,9,12,60,S,47500000
"""Raniban, K""",3.5,6,20,70,S,28000000
"""Budhanilkantha, K""",3.2,6,12,38.4,N,29000000
"""Gongabu, K""",5,4,10,50,W,37000000
"""Sampang Chowk, L""",5.2,5,13,67.6,S,38500000
"""Ganesh Chowk, K""",6.1,6,15,91.5,S,62000000
"""Budhanilkantha, K""",5,6,13,65,W,45000000
"""Budhanilkantha, K""",4.2,5,13,54.6,S,37500000
"""Gwarko, L""",4.2,6,14,58.8,S,35500000
"""Gothatar, K""",7,7,14,98,W,56000000
"""Kalimati, K""",9.2,5,13,119.6,SE,92500000
"""Nalinchwok, B""",3,3,8,24,N,11000000
"""Samakhusi, K""",4,6,13,52,N,33000000
"""Dhumbarahi, K""",6,5,20,120,SE,65000000
"""Kharibot, K""",3,6,13,39,E,23500000
"""Nakhu, L""",4.1,5,10,41,NE,36000000
"""Ochu Height, L""",3.2,4,13,41.6,W,22500000
"""Imadol, L""",3.1,4,16,49.6,N,25000000
"""Tikathali, L""",3,6,13,39,SE,23000000
"""Tikathali, L""",3,2,13,39,N,15000000
"""Imadol, L""",3.2,4,13,41.6,W,30000000
"""Hattiban, L""",3.2,4,22,70.4,N,35000000
"""Hattiban, L""",3.2,5,13,41.6,S,25000000
"""Tikathali, L""",2.2,5,13,28.6,S,19500000
"""Imadol, L""",4,4,13,52,S,37500000
"""Tikathali, L""",2.2,4,13,28.6,S,19500000
"""Kapan, K""",5.1,6,13,66.3,SE,38500000
"""Chabahil, K""",5.2,5,5,26,SE,21500000
"""Chapali, K""",4.1,5,15,61.5,SW,33500000
"""Budhanilkantha, K""",3.1,4,18,55.8,N,26500000
"""Budhanilkantha, K""",6,6,13,78,N,37000000
"""Lamatar, L""",3,2,13,39,SE,12000000
"""Bafal, K""",8.3,4,13,107.9,E,60000000
"""Budhanilkantha, K""",10,4,15,150,S,82000000
"""Hattiban, L""",4.1,7,13,53.3,NE,39500000
"""Karyabinayak, L""",3,3,20,60,S,35000000
"""Gwarko, L""",2.1,6,13,27.3,W,25000000
"""Mulpani, K""",4,6,12,48,W,15500000
"""Sano bharyang, K""",4.2,4,20,84,E,39500000
"""Bhaisepati, L""",6.2,5,13,80.6,SW,62500000
"""Kapan, K""",3.1,5,13,40.3,N,24000000
"""Deuba Chowk, K""",8,8,13,104,E,49500000
"""Pasikot, K""",5,6,13,65,NE,34000000
"""Golfutar, K""",5,5,15,75,W,44500000
"""Gurjudhara, K""",3.2,6,13,41.6,E,22000000
"""Chunikhel, K""",4.1,6,13,53.3,S,28500000
"""Bhaisepati, L""",4,5,13,52,S,27500000
"""Baluwakhani, K""",3.2,2,13,41.6,E,17000000
"""Hasantar, K""",8,4,20,160,SE,48500000
"""Golfutar, K""",6.1,5,14,85.4,W,65000000
"""Bhaisepati, L""",4,4,13,52,SE,49500000
"""Jyotinagar, K""",5,5,18,90,E,35000000
"""Balkumari, L""",5.2,8,12,62.4,N,55000000
"""Baluwakhani, K""",3,5,20,60,W,24500000
"""Goldhunga, K""",3.3,5,10,33,S,17000000
"""Bhaisepati, L""",3,4,16,48,SE,25000000
"""Sitapaila, K""",4,7,12,48,S,30000000
"""Pingalasthan, K""",5,7,20,100,SE,45000000
"""Budhanilkantha, K""",5,7,13,65,NE,44800000
"""Rudreshwor, K""",5,5,13,65,W,35000000
"""Budhanilkantha, K""",9.1,4,13,118.3,SW,60000000
"""Syuchatar, K""",4.1,7,20,82,S,85000000
"""Sundarbasti, K""",3.2,7,13,41.6,E,24900000
"""Nikhileshwor, K""",3.1,5,16,49.6,W,27500000
"""Chunikhel, K""",4.1,5,13,53.3,E,31500000
"""Tokha, K""",4,7,20,80,N,19000000
"""Jyotinagar, K""",3.5,6,13,45.5,S,22500000
"""Bafal, K""",4.2,4,13,54.6,S,27500000
"""Suryabinayak, B""",5.2,5,12,62.4,S,32200000
"""Mhaipi, K""",4.2,5,20,84,N,35000000
"""Vinayak Colony, L""",4.3,4,20,86,W,51000000
"""Bhaisepati, L""",3.2,4,20,64,S,27500000
"""Dhapakhel, L""",4,4,27,108,SW,40000000
"""Budhanilkantha, K""",6,6,15,90,NE,61000000
"""Kadaghari, K""",3,5,13,39,SW,26000000
"""Syuchatar, K""",4,4,20,80,S,39000000
"""Makalbari, K""",3,5,13,39,W,19500000
"""Kapan, K""",4.2,6,13,54.6,E,28500000
"""Tenzing Chowk, K""",8.2,6,12,98.4,SE,65500000
"""Dhapasi, K""",4.1,7,16,65.6,SE,36000000
"""Nardevi, K""",1.1,7,5,5.5,E,18000000
"""Paiyatar, K""",3.1,7,10,31,W,18500000
"""Dhapakhel, L""",3,5,20,60,NE,27000000
"""Changathali, L""",4.3,4,13,55.9,S,28500000
"""Imadol, L""",4,5,13,52,SE,33000000
"""Imadol, L""",3.3,6,20,66,W,36500000
"""Imadol, L""",4.2,5,13,54.6,E,36500000
"""Balkot, B""",3.2,4,13,41.6,S,25000000
"""Tikathali, L""",4,4,13,52,E,22000000
"""Imadol, L""",3,4,12,36,E,23000000
"""Sanagaun, L""",3.1,4,16,49.6,S,22000000
"""Imadol, L""",3.3,4,13,42.9,SW,25000000
"""Imadol, L""",4,6,13,52,N,35000000
"""Imadol, L""",4,7,13,52,N,35000000
"""Imadol, L""",3,4,20,60,W,22000000
"""Imadol, L""",3.1,5,10,31,SE,23000000
"""Imadol, L""",3.3,4,13,42.9,E,28500000
"""Imadol, L""",3,4,13,39,W,26000000
"""Balkhu, K""",6,8,15,90,SW,42500000
"""Khumaltar, L""",5.1,5,12,61.2,E,24000000
"""Balkhu, K""",3,3,16,48,N,22300000
"""Mandikhatar, K""",4,6,13,52,E,27500000
"""Pepsicola, K""",4.2,7,36,151.2,E,50000000
"""Pasikot, K""",4.3,5,20,86,S,30000000
"""Goldhunga, K""",4.5,8,10,45,W,29900000
"""Goldhunga, K""",3,8,10,30,W,29900000
"""Chunikhel, K""",3,2,12,36,S,13300000
"""Imadol, L""",2.2,4,10,22,S,19000000
"""Kapan, K""",3.3,6,22,72.6,S,33000000
"""Patan, L""",2,3,12,24,S,18000000
"""Dhapasi, K""",6,5,10,60,E,32500000
"""Budhanilkantha, K""",5.2,6,15,78,E,45000000
"""Hattigauda, K""",6,7,14,84,NE,37500000
"""Baluwakhani, K""",5.1,7,13,66.3,E,34500000
"""Jorpati, K""",2.2,3,12,26.4,S,14300000
"""New Buspark, K""",9,6,13,117,E,85000000
"""Mitrapark, K""",10,7,13,130,E,95000000
"""Boharatar, K""",3.1,4,13,40.3,E,23000000
"""Chappal karkhana, K""",8.3,5,13,107.9,S,75000000
"""Sitapaila, K""",4,3,13,52,E,27500000
"""Imadol, L""",3.2,4,13,41.6,E,26000000
"""Imadol, L""",2.2,6,13,28.6,N,17500000
"""Dhapasi, K""",4,3,13,52,S,29500000
"""Dholahiti, L""",4,4,27,108,SW,40000000
"""Jyotinagar, K""",4,7,14,56,SE,35000000
"""Imadol, L""",3.1,6,13,40.3,N,22500000
"""Imadol, L""",2.3,4,13,29.9,N,21000000
"""Ochu Height, L""",3,4,13,39,W,22500000
"""Imadol, L""",3.3,6,20,66,W,25500000
"""Bhangal, K""",4,6,18,72,SE,27000000
"""Sitapaila, K""",5,4,13,65,N,29500000
"""Goldhunga, K""",3,4,16,48,E,20500000
"""Mandikhatar, K""",3,10,13,39,SE,25000000
"""Lolang, K""",3,2,13,39,E,13800000
"""Bhangal, K""",5,5,13,65,E,29500000
"""Mandikhatar, K""",3.2,5,13,41.6,E,22200000
"""Megha City, K""",3.2,5,13,41.6,SE,29900000
"""Kapan, K""",3,2,10,30,E,11200000
"""Ram Mandir, K""",4.2,6,13,54.6,SW,27200000
"""Syuchatar, K""",4,6,13,52,N,22400000
"""Budhanilkantha, K""",3,4,10,30,NE,29900000
"""Grande Hospital, K""",4.1,6,10,41,SW,32800000
"""Mandikhatar, K""",4,6,12,48,S,25000000
"""Mandikhatar, K""",8,5,32,256,W,65000000
"""Balambu, K""",4,4,13,52,E,22500000
"""Sainbu, L""",4.7,4,13,61.1,SW,35000000
"""Ramkot, K""",3.2,6,16,51.2,W,26000000
"""Sitapaila, K""",3.8,4,14,53.2,W,35000000
"""Thankot, K""",3,8,13,39,E,22000000
"""Bafal, K""",3.2,6,13,41.6,S,45000000
"""Ramkot, K""",7.2,9,16,115.2,E,42000000
"""Raniban, K""",3.2,4,20,64,N,32000000
"""Sitapaila, K""",7.2,5,16,115.2,NE,50000000
"""Raniban, K""",4.2,6,20,84,SW,42500000
"""Raniban, K""",4.3,3,20,86,E,42500000
"""Golfutar, K""",8,7,14,112,N,77500000
"""Kapan, K""",4.6,5,15,69,SW,47500000
"""Sano bharyang, K""",10,8,14,140,W,50000000
"""Sano bharyang, K""",6.3,5,16,100.8,NW,35000000
"""Budhanilkantha, K""",1,6,20,20,W,90000000
"""Dhapasi, K""",1,5,20,20,E,70000000
"""Lubhu, L""",3,3,11,33,SE,11000000
"""Budhanilkantha, K""",8,5,20,160,E,50000000
"""Sukedhara, K""",4,6,12,48,SE,32500000
"""Chapali, K""",4,5,14,56,NW,39900000
"""Budhanilkantha, K""",5,2,12,60,S,15000000
"""Budhanilkantha, K""",8,5,20,160,SE,52500000
"""Budhanilkantha, K""",4,6,13,52,E,26500000
"""Sitapaila, K""",4,6,13,52,E,25500000
"""Narephate, K""",6,6,20,120,E,33000000
"""Sipadol, B""",3,7,10,30,E,20500000
"""Sitapaila, K""",4,4,13,52,E,24000000
"""Dhapasi, K""",6.1,6,32,195.2,SE,37000000
"""Imadol, L""",4,7,13,52,S,22000000
"""Pepsicola, K""",6.5,6,16,104,E,58500000
"""Imadol, L""",3,4,13,39,E,18500000
"""Imadol, L""",3,4,13,39,E,21000000
"""Imadol, L""",3,5,13,39,S,17500000
"""Kapan, K""",4,6,16,64,E,27500000
"""Mandikhatar, K""",7,7,15,105,E,40000000
"""Hattigauda, K""",5,6,14,70,W,26500000
"""Budhanilkantha, K""",3.1,6,18,55.8,NE,22500000
"""Tokha, K""",9,9,13,117,E,40000000
"""Sukedhara, K""",3.5,6,15,52.5,E,30000000
"""Budhanilkantha, K""",5,5,13,65,N,33000000
"""Budhanilkantha, K""",4,5,13,52,W,30500000
"""Mandikhatar, K""",3.1,2,13,40.3,SW,14000000
"""Budhanilkantha, K""",4,6,13,52,SE,28000000
"""Tokha, K""",4,10,26,104,SE,41000000
"""Budhanilkantha, K""",4.5,6,14,63,E,27000000
"""Tokha, K""",3.1,5,13,40.3,E,22000000
"""Budhanilkantha, K""",8,5,15,120,SE,37000000
"""Baluwatar, K""",6,4,13,78,SW,46000000
"""Naikap, K""",4,5,13,52,E,22500000
"""Balkot, B""",4.5,3,20,90,N,29000000
"""Bazar, K""",3,3,20,60,E,31000000
"""Jorpati, K""",1,5,12,12,SW,21000000
"""Makalbari, K""",4,7,10,40,W,20000000
"""Sipadol, B""",3,7,20,60,W,19000000
"""Dhapasi, K""",2.4,8,12,28.8,S,40000000
"""Imadol, L""",3,2,20,60,W,12500000
"""Imadol, L""",3,5,20,60,E,19500000
"""Imadol, L""",3,5,20,60,W,22000000
"""Imadol, L""",4,4,20,80,E,21500000
"""Imadol, L""",3,4,20,60,NE,19500000
"""Imadol, L""",3,4,13,39,S,19000000
"""Imadol, L""",3,4,13,39,S,18000000
"""Swayambhu, K""",5,8,12,60,S,37000000
"""Swayambhu, K""",4,6,12,48,S,34000000
"""Manamaiju, K""",4,8,16,64,S,26000000
"""Imadol, L""",3.3,6,10,33,N,23500000
"""Kalanki, K""",4,4,10,40,NW,17000000
"""Imadol, L""",3,2,13,39,S,12500000
"""Tikathali, L""",3,2,13,39,S,12500000
"""Imadol, L""",3,4,13,39,NW,19000000
"""Kadaghari, K""",4,2,20,80,SW,15500000
"""Bhaisepati, L""",3.51,3,40,140.4,E,16500000
"""Manamaiju, K""",3,5,14,42,W,17000000
"""Godawari, L""",5,3,16,80,W,12500000
"""Imadol, L""",4,5,10,40,NW,22000000
"""Tikathali, L""",3,2,13,39,W,11000000
"""Imadol, L""",3,4,13,39,NE,13000000
"""Hattisar, K""",5,3,20,100,S,50000000
"""Tokha, K""",5,6,14,70,N,30000000
"""Bhaisepati, L""",4.3,4,12,51.6,S,31500000
"""Harisiddhi, L""",3,3,18,54,SE,18000000
"""Budhanilkantha, K""",8,4,20,160,SW,57500000
"""Shankhamul, K""",3,7,12,36,W,35000000
"""Chabahil, K""",2.5,6,20,50,E,25000000
"""Golfutar, K""",4,5,20,80,S,37000000
"""Budhanilkantha, K""",5,5,20,100,E,36500000
"""Sano bharyang, K""",3,5,14,42,E,22500000
"""Bharyang, K""",3,5,15,45,E,23500000
"""Budhanilkantha, K""",3,4,15,45,E,22500000
"""Budhanilkantha, K""",4,5,15,60,E,32500000
"""Thankot, K""",4,10,3,12,E,11000000
"""Sukedhara, K""",5,5,12,60,E,42500000
"""Budhanilkantha, K""",6,5,18,108,E,35000000
"""Sukedhara, K""",6,6,20,120,E,45000000
"""Manamaiju, K""",3.75,5,12,45,E,17000000
"""Goldhunga, K""",3,6,10,30,SE,16500000
"""Sitapaila, K""",3,4,13,39,E,20500000
"""Imadol, L""",4.75,7,13,61.75,NE,25000000
"""Imadol, L""",4,4,20,80,SW,21000000
"""Kapan, K""",1.26,6,13,16.38,S,18000000
"""Gairgaun, K""",5,4,14,70,E,55000000
"""Budhanilkantha, K""",6,5,13,78,NE,45000000
"""Sano bharyang, K""",3.1,6,14,43.4,E,22500000
"""Swayambhu, K""",3,6,13,39,E,23500000
"""Bhaisepati, L""",4,4,40,160,NE,28200000
"""Kadaghari, K""",3,2,10,30,E,13000000
"""Budhanilkantha, K""",4,5,13,52,E,32500000
"""Satungal, K""",5,11,13,65,N,26000000
"""Chapali, K""",5,7,13,65,SE,24000000
"""Dhapakhel, L""",2,3,12,24,W,17700000
"""Pasikot, K""",3,5,14,42,NE,16800000
"""Budhanilkantha, K""",5.5,6,30,165,NE,34000000
"""Budhanilkantha, K""",3,5,14,42,SE,22500000
"""Baluwatar, K""",5,7,10,50,N,41000000
"""Bhaisepati, L""",7,8,12,84,NW,37500000
"""Tinthana, K""",3,5,13,39,E,16000000
"""Tikathali, L""",4,6,20,80,W,21500000
"""Baluwatar, K""",6,5,13,78,S,60000000
"""Thankot, K""",3,6,23,69,W,13000000
"""Nagarjun, K""",3.25,5,15,48.75,N,17500000
"""Bafal, K""",4,7,10,40,S,31000000
"""Imadol, L""",3,5,20,60,NE,19500000
"""Budhanilkantha, K""",8,5,20,160,E,65000000
"""Budhanilkantha, K""",6,6,16,96,E,37000000
"""Budhanilkantha, K""",3,4,15,45,E,19000000
"""Dhapasi, K""",8,5,22,176,SE,65000000
"""Imadol, L""",3,5,20,60,W,19500000
"""Sitapaila, K""",4,8,14,56,W,24000000
"""Tikathali, L""",1.1,5,15,16.5,E,20000000
"""Imadol, L""",4,6,13,52,W,23500000
"""Jorpati, K""",3,4,18,54,S,24000000
"""Tikathali, L""",9,4,15,135,S,40000000
"""Balkot, B""",5,4,28,140,S,39999999
"""Shantinagar, K""",7,7,13,91,W,43500000
"""Basundhara, K""",2.5,4,16,40,E,22500000
"""Golfutar, K""",6,6,15,90,E,45000000
"""Chabahil, K""",4.5,5,14,63,E,49500000
"""Baniyatar, K""",3.5,6,15,52.5,NE,24000000
"""Basundhara, K""",8,6,20,160,SW,45000000
"""Basundhara, K""",10,7,15,150,S,60000000
"""Basundhara, K""",2.5,5,14,35,E,22500000
"""Sukedhara, K""",6,8,20,120,SE,42000000
"""Imadol, L""",3,2,10,30,NE,13000000
"""Imadol, L""",3,2,10,30,N,12700000
"""Imadol, L""",2,2,16,32,W,11000000
"""Imadol, L""",3,2,13,39,W,12000000
"""Tikathali, L""",3,2,13,39,E,12500000
"""Budhanilkantha, K""",3,8,10,30,N,19000000
"""Tikathali, L""",3,2,13,39,S,11500000
"""Tikathali, L""",4,2,16,64,NE,15000000
"""Tikathali, L""",3,2,13,39,E,11000000
"""Bhangal, K""",4,5,13,52,W,23000000
"""Baluwatar, K""",5.5,7,14,77,E,60000000
"""Baluwatar, K""",5.5,5,13,71.5,E,60000000
"""Basundhara, K""",4,7,14,56,E,25500000
"""Samakhusi, K""",7,5,14,98,SE,55000000
"""Kapan, K""",3.3,5,13,42.9,E,24000000
"""Samakhusi, K""",7,5,14,98,S,55000000
"""Basundhara, K""",3.75,7,14,52.5,SW,25500000
"""Mandikhatar, K""",4,6,15,60,E,27500000
"""Budhanilkantha, K""",10,5,16,160,E,63000000
"""Budhanilkantha, K""",6,6,30,180,E,34500000
"""Baluwatar, K""",5.2,3,15,78,E,39500000
"""Imadol, L""",5,4,4,20,NE,12000000
"""Tikathali, L""",3,2,13,39,E,12500000
"""Imadol, L""",3.75,4,13,48.75,W,23500000
"""Imadol, L""",3,6,13,39,E,27000000
"""Mandikhatar, K""",4,7,13,52,E,27600000
"""Chabahil, K""",4.5,4,16,72,E,50000000
"""Banasthali, K""",3,4,15,45,E,22500000
"""Baluwatar, K""",6,6,15,90,SE,42500000
"""Budhanilkantha, K""",3.1,5,13,40.3,N,18000000
"""Bhangal, K""",4,6,14,56,E,27500000
"""Shantinagar, K""",5,5,15,75,W,33000000
"""Satdobato, L""",5,5,8,40,S,3700000
"""Imadol, L""",4,4,20,80,SW,21000000
"""Bhaisepati, L""",4,5,13,52,SE,28500000
"""Chapali, K""",8.5,7,13,110.5,E,42000000
"""Gwarko, L""",3,3,13,39,S,21000000
"""Gothatar, K""",3,3,14,42,E,18500000
"""Kapan, K""",3,4,16,48,W,17000000
"""Mandikhatar, K""",4,8,20,80,SE,32500000
"""Budhanilkantha, K""",4,5,15,60,E,29800000
"""Hattigauda, K""",5.5,5,14,77,NW,33500000
"""Budhanilkantha, K""",5,7,20,100,SW,29900000
"""Basundhara, K""",5.3,6,14,74.2,S,49000000
"""Buddhanagar, K""",3,5,10,30,S,29900000
"""Tokha, K""",3,6,13,39,E,21000000
"""Hattigauda, K""",6,5,13,78,N,45000000
"""Tokha, K""",4,6,14,56,SE,33500000
"""Hattigauda, K""",4,5,15,60,N,28500000
"""Bazar, K""",5,5,20,100,E,35000000
"""Budhanilkantha, K""",8.5,5,13,110.5,W,49000000
"""Bharyang, K""",7,5,15,105,E,39000000
"""Tokha, K""",4,6,13,52,E,29000000
"""Budhanilkantha, K""",5,5,16,80,S,44500000
"""Basundhara, K""",4.1,5,16,65.6,E,29800000
"""Baneshwor, K""",4,6,15,60,E,38700000
"""Baneshwor, K""",4,6,13,52,E,39000000
"""Syuchatar, K""",4,4,18,72,S,15000000
"""Tinkune, K""",5.75,4,11,63.25,E,32500000
"""Sitapaila, K""",4,6,14,56,E,21000000
"""Imadol, L""",3,5,20,60,S,21500000
"""Imadol, L""",3,6,20,60,S,22500000
"""Golfutar, K""",7,4,20,140,E,35000000
"""Basundhara, K""",5,4,15,75,E,36500000
"""Hattigauda, K""",5,4,15,75,SE,37500000
"""Tokha, K""",3.1,4,12,37.2,E,25000000
"""Budhanilkantha, K""",4,4,14,56,E,24000000
"""Basundhara, K""",4.75,4,15,71.25,E,35500000
"""Hattigauda, K""",5.5,4,15,82.5,E,35500000
"""Tokha, K""",4,4,13,52,E,29500000
"""Kapan, K""",4.5,4,14,63,SE,28000000
"""Dhapasi, K""",5,4,15,75,E,35000000
"""Golfutar, K""",9,4,20,180,SE,55000000
"""Maharajgunj, K""",8,4,14,112,SE,55000000
"""Samakhusi, K""",5,6,15,75,E,35000000
"""Budhanilkantha, K""",6,5,15,90,NE,36000000
"""Kapan, K""",4,4,14,56,NE,26000000
"""Golfutar, K""",9,5,16,144,SE,47500000
"""Kapan, K""",3.2,5,13,41.6,E,18200000
"""Kapan, K""",4,6,14,56,E,26000000
"""Swayambhu, K""",7,5,14,98,E,39000000
"""Hattigauda, K""",5.5,5,13,71.5,NW,33500000
"""Basundhara, K""",7,5,14,98,E,39900000
"""Mandikhatar, K""",4,8,20,80,SE,32500000
"""Budhanilkantha, K""",5,5,14,70,S,29000000
"""Budhanilkantha, K""",6,5,13,78,E,36000000
"""Golfutar, K""",9,4,15,135,E,47500000
"""Imadol, L""",2,5,13,26,W,15000000
"""Imadol, L""",3,6,13,39,N,20000000
"""Samakhusi, K""",3.5,6,13,45.5,NW,23000000
"""Imadol, L""",3,5,13,39,W,18500000
"""Hattigauda, K""",4,6,22,88,NE,24500000
"""Bhangal, K""",4,6,18,72,E,23800000
"""Budhanilkantha, K""",4.5,5,14,63,SW,31000000
"""Tokha, K""",4,6,13,52,S,29000000
"""Maharajgunj, K""",8,5,15,120,S,56000000
"""Maharajgunj, K""",9,5,20,180,SE,67500000
"""Samakhusi, K""",3.75,6,13,48.75,E,37500000
"""Samakhusi, K""",4.75,6,13,61.75,E,35000000
"""Imadol, L""",3,5,20,60,E,22000000
"""Imadol, L""",3,5,13,39,E,19500000
"""Lubhu, L""",3,5,20,60,S,17000000
"""Imadol, L""",3,6,16,48,S,17500000
"""Imadol, L""",3,5,13,39,SE,17500000
"""Naikap, K""",6,11,11,66,S,22000000
"""Narephate, K""",3,5,13,39,E,22000000
"""Nagarjun, K""",3.1,5,15,46.5,N,17500000
"""Tokha, K""",4,4,12,48,E,21000000
"""Imadol, L""",3,4,13,39,S,17000000
"""Imadol, L""",3,8,13,39,S,17000000
"""Imadol, L""",3,10,13,39,S,22000000
"""Tarakeshwar, K""",4,2,13,52,NE,11500000
"""Imadol, L""",3.5,4,13,45.5,S,19700000
"""Baniyatar, K""",4,6,20,80,E,29000000
"""Hattigauda, K""",5.5,6,13,71.5,E,45000000
"""Golfutar, K""",7,4,30,210,W,36000000
"""Hattigauda, K""",5.5,5,13,71.5,NW,35500000
"""Bharyang, K""",2.75,3,13,35.75,SW,24100000
"""Budhanilkantha, K""",7.5,5,20,150,E,40000000
"""Thaiba, L""",3,3,20,60,S,20000000
"""Imadol, L""",3.1,5,13,40.3,W,18000000
"""Gongabu, K""",3.2,4,13,41.6,N,26000000
"""Dhapasi, K""",3.5,5,13,45.5,E,25500000
"""Chapali, K""",3.5,5,15,52.5,E,68000000
"""Mandikhatar, K""",3,6,13,39,W,18200000
"""Bhangal, K""",3.1,6,12,37.2,SW,19900000
"""Baluwatar, K""",6,5,13,78,NE,60000000
"""Ekatabasti, K""",4,7,13,52,SW,29900000
"""Ekatabasti, K""",5,7,13,65,SE,29900000
"""Dhapasi, K""",5,4,20,100,NE,33500000
"""Balkhu, K""",4.5,3,20,90,E,23000000
"""Swayambhu, K""",3.1,5,13,40.3,NE,20600000
"""Manohara, K""",4,5,26,104,W,26000000
"""Budhanilkantha, K""",7,4,15,105,SE,45000000
"""Guheshwori, K""",4,8,16,64,NE,28500000
"""Imadol, L""",2.3,2,13,29.9,E,11000000
"""Imadol, L""",3.1,4,20,62,E,19200000
"""Ekatabasti, K""",5.5,5,13,71.5,E,36000000
"""Sitapaila, K""",3.1,4,13,40.3,N,18000000
"""Tokha, K""",4,6,13,52,E,23000000
"""Mandikhatar, K""",3.14,6,13,40.82,SE,19900000
"""Samakhusi, K""",4,7,14,56,E,40000000
"""Bhangal, K""",3.5,5,13,45.5,S,21500000
"""Dhumbarahi, K""",8,7,13,104,E,62000000
"""Budhanilkantha, K""",5.5,4,15,82.5,E,32500000
"""Golfutar, K""",7,4,15,105,E,35000000
"""Budhanilkantha, K""",4.2,4,14,58.8,E,31000000
"""Sukedhara, K""",3.3,4,18,59.4,E,32500000
"""Mandikhatar, K""",3.1,4,15,46.5,E,20000000
"""Golfutar, K""",4,4,30,120,E,32500000
"""Budhanilkantha, K""",5,10,15,75,N,22000000
"""Budhanilkantha, K""",6,4,33,198,E,35000000
"""Banasthali, K""",5,7,16,80,S,37000000
"""Imadol, L""",3,2,5,15,W,6500000
"""Ekatabasti, K""",4.5,7,13,58.5,E,27500000
"""Golfutar, K""",3,6,13,39,E,18000000
"""Kusunti, L""",5.2,4,13,67.6,NW,38500000
"""Mulpani, K""",4,4,22,88,E,35000000
"""Pepsicola, K""",2.5,4,13,32.5,SE,13500000
"""Kapan, K""",2.05,6,12,24.6,E,32500000
"""Satdobato, L""",10,3,20,200,E,70000000
"""Shantinagar, K""",9.2,4,20,184,E,70000000
"""Imadol, L""",2.3,3,10,23,NE,13500000
"""Imadol, L""",3,2,12,36,NE,12000000
"""Mandikhatar, K""",5,6,13,65,E,27800000
"""Golfutar, K""",10,6,20,200,E,56000000
"""Budhanilkantha, K""",8.1,6,15,121.5,SE,44500000
"""Banasthali, K""",3,8,10,30,S,19000000
"""Kadaghari, K""",2.2,3,4,8.8,N,7500000
"""Imadol, L""",3.3,7,13,42.9,S,22500000
"""Baneshwor, K""",7,7,10,70,SE,50000000
"""Balaju, K""",3,7,13,39,N,25000000
"""Kaushaltar, B""",7.2,5,15,108,E,30000000
"""Bansbari, K""",5,2,13,65,S,28000000
"""Bhangal, K""",3.5,5,13,45.5,E,21500000
"""Budhanilkantha, K""",5,7,20,100,E,25500000
"""Banasthali, K""",5.3,5,20,106,N,39500000
"""Chabahil, K""",5.1,2,12,61.2,S,18000000
"""Sitapaila, K""",3,3,14,42,E,22000000
"""Maharajgunj, K""",6.5,5,15,97.5,E,62500000
"""Dhapasi, K""",8,6,20,160,SW,45000000
"""Kapan, K""",5,6,14,70,E,22000000
"""Tikathali, L""",4,3,13,52,W,17000000
"""Budhanilkantha, K""",4,10,30,120,S,30000000
"""Thaiba, L""",4,4,13,52,E,19000000
"""Tarakeshwar, K""",2.2,1,10,22,NW,12000000
"""Harisiddhi, L""",3,8,20,60,N,15500000
"""Samakhusi, K""",4,5,15,60,E,44000000
"""Bhangal, K""",4.5,6,20,90,E,28500000
"""Samakhusi, K""",5,11,13,65,N,30000000
"""Maharajgunj, K""",6.5,5,15,97.5,E,65000000
"""Dhapasi, K""",6.2,6,32,198.4,W,35000000
"""Anamnagar, K""",5,5,12,60,E,33000000
"""Samakhusi, K""",3,9,13,39,S,22500000
"""Samakhusi, K""",4,6,13,52,W,27500000
"""Imadol, L""",4,6,13,52,SE,23800000
"""Swayambhu, K""",4,10,12,48,S,23000000
"""Nakhu, L""",1.1,4,16,17.6,SW,26500000
"""Budhanilkantha, K""",8.1,5,13,105.3,E,41000000
"""Budhanilkantha, K""",4.5,6,13,58.5,E,25500000
"""Pepsicola, K""",1.1,6,30,33,S,32000000
"""Gothatar, K""",2.2,8,13,28.6,W,14000000
"""Kadaghari, K""",3,5,12,36,E,17000000
"""Imadol, L""",3,2,13,39,NE,10000000
"""Imadol, L""",3.2,9,33,105.6,NW,30000000
"""Kadaghari, K""",5,11,15,75,W,22000000
"""Kadaghari, K""",2.2,7,13,28.6,N,13200000
"""Imadol, L""",3.2,5,13,41.6,N,19500000
"""Kapan, K""",4,11,13,52,E,26500000
"""Kapan, K""",4,11,13,52,N,25500000
"""Naikap, K""",6.3,5,15,94.5,S,29500000
"""Imadol, L""",2.2,4,13,28.6,S,15000000
"""Imadol, L""",3,4,10,30,SE,19000000
"""Imadol, L""",3.3,4,20,66,S,23500000
"""Imadol, L""",3,5,11,33,NW,18000000
"""Imadol, L""",3.1,3,13,40.3,S,18500000
"""Tokha, K""",4.2,7,10,42,SE,24500000
"""Sanepa, L""",3,2,13,39,W,4800000
"""Baghdol, L""",1,4,20,20,W,19500000
"""Nakhu, L""",4,4,16,64,E,26500000
"""Budhanilkantha, K""",3,2,12,36,W,15000000
"""Bazar, K""",3,3,20,60,E,40000000
"""Manamaiju, K""",2.2,4,10,22,E,13500000
"""Imadol, L""",3,3,14,42,N,11000000
"""Maharajgunj, K""",9,5,13,117,N,70000000
"""Bhangal, K""",3.5,5,14,49,E,17900000
"""Bhangal, K""",7,5,15,105,SW,34500000
"""Basundhara, K""",7,7,20,140,E,41000000
"""Koteshwor, K""",1.5,7,26,39,E,18500000
"""Hattigauda, K""",6,9,14,84,S,36500000
"""Bhangal, K""",3.5,5,13,45.5,W,21000000
"""Kapan, K""",3.5,2,12,42,N,7500000
"""Imadol, L""",3.3,2,13,42.9,E,13000000
"""Tokha, K""",3.1,5,12,37.2,S,17800000
"""Budhanilkantha, K""",3.5,5,12,42,NE,21800000
"""Basundhara, K""",3.1,4,15,46.5,S,23000000
"""Kadaghari, K""",4,5,12,48,W,29000000
"""Dhapasi, K""",1,3,20,20,N,70000000
"""Shantinagar, K""",6.2,6,10,62,N,42500000
"""Pasikot, K""",4,5,20,80,W,30000000
"""Jhamsikhel, L""",1.9,2,20,38,E,12000000
"""Kirtipur, K""",4.2,6,12,50.4,S,25000000
"""Gurjudhara, K""",4.1,6,11,45.1,SE,17000000
"""Sanepa, L""",4,4,13,52,N,30000000
"""Bhangal, K""",4,6,15,60,NW,24000000
"""Bhangal, K""",4,6,14,56,SE,24000000
"""Imadol, L""",3,5,13,39,E,21000000
"""Tokha, K""",4,5,26,104,S,27500000
"""Nepaltar, K""",4,11,13,52,N,24000000
"""Bhaisepati, L""",4.2,3,18,75.6,SW,28500000
"""Budhanilkantha, K""",10,4,15,150,E,62000000
"""Basundhara, K""",6,6,15,90,S,42500000
"""Hattigauda, K""",4,5,30,120,E,24500000
"""Basundhara, K""",8,6,15,120,SW,45000000
"""Baluwatar, K""",4,5,15,60,S,34000000
"""Jorpati, K""",7.89,4,12,94.68,E,21500000
"""Joranku, K""",3,5,8,24,W,15900000
"""Gurjudhara, K""",3.1,2,10,31,W,8500000
"""Budhanilkantha, K""",5,4,15,75,NE,30500000
"""Sukedhara, K""",3,6,14,42,N,21000000
"""Tikathali, L""",3.2,6,12,38.4,E,22500000
"""Budhanilkantha, K""",3.3,3,20,66,E,33000000
"""Sukedhara, K""",6,5,15,90,S,40000000
"""Kapan, K""",3,2,10,30,S,10600000
"""Bhaisepati, L""",5.5,4,15,82.5,E,19000000
"""Basundhara, K""",5,5,14,70,S,39000000
"""Budhanilkantha, K""",10,4,13,130,S,39000000
"""Banasthali, K""",10,4,12,120,S,70000000
"""Budhanilkantha, K""",8.31,5,12,99.72,E,35000000
"""Makalbari, K""",3.2,2,12,38.4,SW,10500000
"""Kapan, K""",3,3,10,30,N,12500000
"""Khumaltar, L""",4,6,14,56,S,19500000
"""Kalanki, K""",6.1,7,14,85.4,E,38000000
"""Sitapaila, K""",7,4,20,140,SE,29500000
"""Bouddha, K""",3.1,10,20,62,S,22000000
"""Dadhikot, B""",4,12,20,80,SE,22500000
"""Sitapaila, K""",3.5,3,13,45.5,S,18000000
"""Sukedhara, K""",6.3,9,12,75.6,E,34500000
"""Tokha, K""",3,2,13,39,N,11500000
"""Basundhara, K""",5,2,14,70,N,37500000
"""Bhangal, K""",4.2,4,26,109.2,S,32500000
"""Balkot, B""",7,2,13,91,E,25000000
"""Budhanilkantha, K""",7,4,20,140,S,57500000
"""Dallu, K""",3.1,8,20,62,W,29000000
"""Budhanilkantha, K""",3.1,7,15,46.5,N,17800000
"""Golfutar, K""",4,5,15,60,SW,29000000
"""Tokha, K""",3.1,4,13,40.3,W,14200000
"""Kapan, K""",5,2,11,55,S,15000000
"""Baniyatar, K""",3.1,6,10,31,S,16500000
"""Tokha, K""",7.5,6,15,112.5,W,53000000
"""Tokha, K""",8,6,12,96,SE,43000000
"""Baniyatar, K""",4,10,16,64,N,35000000
"""Nakhu, L""",4.2,4,14,58.8,NW,25500000
"""Imadol, L""",3.5,5,13,45.5,S,16500000
"""Sukedhara, K""",5.1,10,14,71.4,E,31800000
"""Sukedhara, K""",3.1,3,24,74.4,SW,19000000
"""Bhaisepati, L""",6.5,5,16,104,N,44500000
"""Hattigauda, K""",5,5,15,75,S,32000000
"""Golfutar, K""",4.1,5,12,49.2,NE,28500000
"""Basundhara, K""",4.3,5,12,51.6,E,26000000
"""Nagdaha, L""",3.2,4,15,48,W,9500000
"""Sitapaila, K""",5,6,13,65,N,25000000
"""Thankot, K""",4,5,16,64,S,17500000
"""Goldhunga, K""",2.5,3,10,25,W,6500000
"""Kadaghari, K""",3,3,13,39,NE,12500000
"""Imadol, L""",3.5,2,20,70,E,14200000
"""Budhanilkantha, K""",3.2,2,12,38.4,W,12800000
"""Jorpati, K""",3,9,36,108,E,39000000
"""Budhanilkantha, K""",4,10,13,52,S,27500000
"""Jorpati, K""",3,9,10,30,SW,16500000
"""Budhanilkantha, K""",5,5,13,65,SE,32000000
"""Dhapasi, K""",3.1,4,13,40.3,E,17000000
"""Budhanilkantha, K""",3.2,3,13,41.6,S,13000000
"""Kaushaltar, B""",3.5,10,20,70,E,19500000
"""Sitapaila, K""",5,4,20,100,S,23000000
"""Jhamsikhel, L""",3,5,20,60,S,35000000
"""Bhaisepati, L""",10,5,13,130,SW,70000000
"""Dhapasi, K""",4,3,20,80,E,23500000
"""Imadol, L""",3.3,7,13,42.9,SW,22500000
"""Khumaltar, L""",10,5,20,200,S,60000000
"""Bharyang, K""",3.5,5,12,42,W,22700000
"""Basundhara, K""",3.5,9,12,42,SE,19800000
"""Raniban, K""",6,7,14,84,E,33500000
"""Budhanilkantha, K""",4.5,6,13,58.5,W,25000000
"""Samakhusi, K""",4.2,10,20,84,S,34500000
"""Bhaisepati, L""",8,4,16,128,S,39077000
"""Khumaltar, L""",1.78,6,13,23.14,SW,37500000
"""Chundevi, K""",4,8,14,56,SW,31000000
"""Ekantakuna, L""",3,5,22,66,W,27000000
"""Dhobighat, L""",8,4,20,160,E,40000000
"""Budhanilkantha, K""",4,4,13,52,W,21500000
"""Jorpati, K""",3.2,4,12,38.4,E,12000000
"""Tikathali, L""",3.1,10,10,31,E,14500000
"""Kapan, K""",4,7,16,64,S,24000000
"""Kapan, K""",4,11,20,80,S,20400000
"""Mulpani, K""",3.1,7,14,43.4,SE,16000000
"""Tikathali, L""",3.2,4,10,32,W,9000000
"""Basundhara, K""",2.3,3,12,27.6,SE,19500000
"""Kapan, K""",3.2,4,13,41.6,E,17000000
"""Kapan, K""",3.2,1,13,41.6,W,20000000
"""Pasikot, K""",3.2,6,12,38.4,N,17500000
"""Bhangal, K""",4,4,13,52,E,25000000
"""Bafal, K""",4.5,4,13,58.5,W,26500000
"""Dhumbarahi, K""",4.1,8,13,53.3,S,32500000
"""Makalbari, K""",3.1,7,14,43.4,SW,21500000
"""Mhaipi, K""",7,8,15,105,NW,38000000
"""Dhapasi, K""",4.3,7,12,51.6,N,25000000
"""Dallu, K""",3,15,20,60,N,24000000
"""Tokha, K""",3.2,8,20,64,W,17000000
"""Gongabu, K""",4.3,5,16,68.8,N,26000000
"""Kalanki, K""",3,3,12,36,SW,13500000
"""Budhanilkantha, K""",4,6,20,80,E,22800000
"""Basundhara, K""",1,3,12,12,E,26000000
"""Sukedhara, K""",4,6,12,48,S,27500000
"""Mandikhatar, K""",3.13,4,12,37.56,E,22500000
"""Hattigauda, K""",6.5,5,15,97.5,W,30000000
"""Baluwatar, K""",6,6,12,72,NE,51500000
"""Sitapaila, K""",1,11,20,20,W,15000000
"""Basundhara, K""",9.6,11,14,134.4,S,45000000
"""Sukedhara, K""",5,11,15,75,E,33000000
"""Dhumbarahi, K""",7,12,13,91,E,40000000
"""Bhangal, K""",3.1,9,13,40.3,S,18200000
"""Budhanilkantha, K""",1.17,5,13,15.21,E,19200000
"""Budhanilkantha, K""",3.5,12,13,45.5,E,17700000
"""Budhanilkantha, K""",6,10,13,78,W,29800000
"""Budhanilkantha, K""",3.5,9,13,45.5,NW,21000000
"""Budhanilkantha, K""",6,6,13,78,SE,34000000
"""Chandol, K""",1.75,6,14,24.5,SE,40000000
"""Budhanilkantha, K""",3,10,13,39,SW,16800000
"""Dhapakhel, L""",3,3,10,30,S,12500000
"""Balaju, K""",3.2,5,13,41.6,NW,14200000
"""Satdobato, L""",3,5,16,48,N,20000000
"""Sundarbasti, K""",3.2,5,13,41.6,E,19500000
"""Swayambhu, K""",3.1,4,18,55.8,S,21000000
"""Samakhusi, K""",3,6,10,30,N,22500000
"""Chabahil, K""",4,5,12,48,SW,37000000
"""Ramkot, K""",3,4,20,60,E,19000000
"""Sitapaila, K""",9,5,12,108,E,45000000
"""Tarakeshwar, K""",4,6,12,48,S,16500000
"""Gongabu, K""",4.2,10,10,42,W,29000000
"""Kadaghari, K""",3.2,6,13,41.6,SE,36000000
"""Pepsicola, K""",3.2,10,13,41.6,E,24000000
"""Kadaghari, K""",3,4,13,39,E,12000000
"""Joranku, K""",3.2,3,10,32,S,15000000
"""Sitapaila, K""",5,4,13,65,E,20000000
"""Imadol, L""",3,4,13,39,SE,16000000
"""Gongabu, K""",2.2,9,9,19.8,N,31000000
"""Samakhusi, K""",2.2,5,16,35.2,S,20500000
"""Bharyang, K""",4,4,12,48,E,26000000
"""Lazimpat, K""",4.6,3,20,92,S,17500000
"""Dhapakhel, L""",4,4,13,52,S,25000000
"""Budhanilkantha, K""",4,3,18,72,SW,28500000
"""Lubhu, L""",5,4,13,65,SE,14500000
"""Sundarbasti, K""",5,6,13,65,SE,27500000
"""Chabahil, K""",4.5,10,20,90,W,35000000
"""Syuchatar, K""",3,5,20,60,N,20000000
"""Tripureshwor, K""",8.5,3,13,110.5,SE,25000000
"""Balkhu, K""",9,7,10,90,S,49500000
"""Kirtipur, K""",6,4,20,120,SE,18000000
"""Hattisar, K""",3,6,20,60,W,43500000
"""Lokanthali, B""",7.1,14,14,99.4,E,35000000
"""Bharyang, K""",6,3,20,120,NW,70000000
"""Kalanki, K""",7,8,14,98,E,41500000
"""Thapathali, K""",4,5,14,56,E,40100000
"""Mulpani, K""",3,5,10,30,N,16500000
"""Dhapasi, K""",5,4,15,75,W,26000000
"""Harisiddhi, L""",7.1,8,10,71,E,33000000
"""Hattigauda, K""",7,4,13,91,E,55000000
"""Jhamsikhel, L""",2,2,20,40,E,12500000
"""Bhaisepati, L""",1.9,3,28,53.2,NW,13000000
"""Lokanthali, B""",7,6,18,126,NE,35000000
"""Sitapaila, K""",2.5,4,13,32.5,NE,12000000
"""Budhanilkantha, K""",8,5,12,96,E,27000000
