Location,District,District_PriceCode,Area,Area_PriceCode,Land Area,Bedrooms,Facing,Facing_PriceCode,Road Access,Price
"Bhaisepati, L'",L,31597883.37,Bhaisepati,39830061.41,4.1,4,NE,35380083.03,12,38000000
"Sitapaila, K'",K,33377333.82,Sitapaila,31149607.91,6.2,5,W,31258615.52,20,47000000
"Imadol, L'",L,31597883.37,Imadol,25687202.2,4,4,S,32245048.02,13,34000000
"Attarkhel, K'",K,33377333.82,Attarkhel,33070303.47,3.2,8,E,32747439.5,13,30000000
"Syuchatar, K'",K,33377333.82,Syuchatar,27880494.01,3.2,4,N,30729924.74,14,22000000
"Bhaisepati, L'",L,31597883.37,Bhaisepati,39830061.41,6,4,S,32245048.02,13,50000000
"Lazimpat, K'",K,33377333.82,Lazimpat,33983809.87,5.2,6,W,31258615.52,15,60000000
"Budhanilkantha, K'",K,33377333.82,Budhanilkantha,39650175.48,9.2,4,W,31258615.52,20,62000000
"Lambagar, K'",K,33377333.82,Lambagar,31314444.85,4,6,S,32245048.02,11,26000000
"Baluwakhani, K'",K,33377333.82,Baluwakhani,31485833.64,3.1,6,W,31258615.52,16,27500000
"Mandikhatar, K'",K,33377333.82,Mandikhatar,33778245.74,4,4,S,32245048.02,20,42500000
"Danchhi, K'",K,33377333.82,Danchhi,33377333.82,3.1,2,NE,35380083.03,20,12000000
"Dhapasi, K'",K,33377333.82,Dhapasi,35561025.73,9,6,E,32747439.5,12,47000000
"Jagdol, K'",K,33377333.82,Jagdol,31161212.56,3.2,5,E,32747439.5,13,9000000
"Bhaisepati, L'",L,31597883.37,Bhaisepati,39830061.41,4.2,5,SE,33504792.57,13,45000000
"Mandikhatar, K'",K,33377333.82,Mandikhatar,33778245.74,3.1,6,W,31258615.52,13,26500000
"Mandikhatar, K'",K,33377333.82,Mandikhatar,33778245.74,5,6,E,32747439.5,13,38500000
"Pepsicola, K'",K,33377333.82,Pepsicola,36370158.96,7,5,S,32245048.02,20,67500000
"Bhaisepati, L'",L,31597883.37,Bhaisepati,39830061.41,4.2,6,SE,33504792.57,20,40000000
"Khumaltar, L'",L,31597883.37,Khumaltar,35811618.07,4.2,4,S,32245048.02,14,39000000
"Raniban, K'",K,33377333.82,Raniban,35515185.46,4.2,6,SW,37155594.23,14,31000000
"Kusunti, L'",L,31597883.37,Kusunti,31340991.25,4.2,4,W,31258615.52,11,40000000
"Sano bharyang, K'",K,33377333.82,Sano Bharyang,33485287.52,3.3,7,NW,34218387,13,36000000
"Aakasedhara, K'",K,33377333.82,Aakasedhara,31751795.25,5,6,SW,37155594.23,12,31500000
"Hattiban, L'",L,31597883.37,Hattiban,35023601.02,4.1,7,NE,35380083.03,13,40000000
"Nakhipot, L'",L,31597883.37,Nakhipot,33737087.32,6.94,5,W,31258615.52,13,32500000
"Tokha, K'",K,33377333.82,Tokha,28346274.65,2.2,3,NW,34218387,13,10000000
"Dharmasthali, K'",K,33377333.82,Dharmasthali,29876667.01,5,8,NE,35380083.03,36,26500000
"Bhaisepati, L'",L,31597883.37,Bhaisepati,39830061.41,3.5,4,S,32245048.02,15,45000000
"Golfutar, K'",K,33377333.82,Golfutar,37927521.49,4,4,E,32747439.5,13,32500000
"Sitapaila, K'",K,33377333.82,Sitapaila,31149607.91,3,2,W,31258615.52,13,14000000
"Kapan, K'",K,33377333.82,Kapan,25155878.88,3,2,S,32245048.02,13,13500000
"Hepali Height, K'",K,33377333.82,Hepali Height,36051111.34,4,4,NE,35380083.03,13,33500000
"Budhanilkantha, K'",K,33377333.82,Budhanilkantha,39650175.48,5,6,SW,37155594.23,14,36000000
"Yetkha, K'",K,33377333.82,Yetkha,33377333.82,2.3,8,S,32245048.02,16,32000000
"Sitapaila, K'",K,33377333.82,Sitapaila,31149607.91,5,5,E,32747439.5,13,65000000
"Pasikot, K'",K,33377333.82,Pasikot,31132444.61,4.4,4,NE,35380083.03,15,45000000
"Gothatar, K'",K,33377333.82,Gothatar,32267017.8,3.3,5,NW,34218387,28,24000000
"Nakhipot, L'",L,31597883.37,Nakhipot,33737087.32,4,7,SE,33504792.57,12,36000000
"Imadol, L'",L,31597883.37,Imadol,25687202.2,3,3,S,32245048.02,13,21000000
"Budhanilkantha, K'",K,33377333.82,Budhanilkantha,39650175.48,6,4,W,31258615.52,13,46000000
"Ekatabasti, K'",K,33377333.82,Ekatabasti,31739608.13,4.1,4,W,31258615.52,16,36000000
"Mandikhatar, K'",K,33377333.82,Mandikhatar,33778245.74,4.3,5,E,32747439.5,13,34500000
"Dhapasi, K'",K,33377333.82,Dhapasi,35561025.73,7,5,NE,35380083.03,13,44000000
"Lolang, K'",K,33377333.82,Lolang,26742083.64,3,2,E,32747439.5,13,13800000
"Ekatabasti, K'",K,33377333.82,Ekatabasti,31739608.13,3,5,S,32245048.02,13,18500000
"Baluwatar, K'",K,33377333.82,Baluwatar,43077101.66,8,3,S,32245048.02,10,80000000
"Radhe Radhe, B'",B,30105180.59,Radhe Radhe,31888600.45,2.2,4,N,30729924.74,24,24000000
"Mandikhatar, K'",K,33377333.82,Mandikhatar,33778245.74,5,6,E,32747439.5,13,37800000
"Pepsicola, K'",K,33377333.82,Pepsicola,36370158.96,3.2,6,E,32747439.5,20,24000000
"Kapan, K'",K,33377333.82,Kapan,25155878.88,3.1,2,SE,33504792.57,13,16800000
"Balkot, B'",B,30105180.59,Balkot,31371147.63,6.52,4,S,32245048.02,20,28000000
"Thamel, K'",K,33377333.82,Thamel,32433939.84,3,5,SE,33504792.57,13,55000000
"Bafal, K'",K,33377333.82,Bafal,37063333.51,4,7,SW,37155594.23,12,36500000
"Sipadol, B'",B,30105180.59,Sipadol,26967986.13,4,2,SE,33504792.57,13,15000000
"Budhanilkantha, K'",K,33377333.82,Budhanilkantha,39650175.48,4.5,7,N,30729924.74,13,50000000
"Ganesh Chowk, K'",K,33377333.82,Ganesh Chowk,38723666.91,4,5,E,32747439.5,13,35000000
"Chunikhel, K'",K,33377333.82,Chunikhel,28784889.21,4,5,SW,37155594.23,13,28000000
"Baluwatar, K'",K,33377333.82,Baluwatar,43077101.66,6,5,W,31258615.52,25,35000000
"Mhaipi, K'",K,33377333.82,Mhaipi,33481111.52,4,4,N,30729924.74,20,33000000
"Tikathali, L'",L,31597883.37,Tikathali,24394856.6,2.6,6,SE,33504792.57,12,22000000
"Imadol, L'",L,31597883.37,Imadol,25687202.2,3.2,7,NE,35380083.03,20,28500000
"Ekatabasti, K'",K,33377333.82,Ekatabasti,31739608.13,4.1,2,E,32747439.5,16,17000000
"Budhanilkantha, K'",K,33377333.82,Budhanilkantha,39650175.48,5,5,W,31258615.52,13,36000000
"Dhapasi, K'",K,33377333.82,Dhapasi,35561025.73,3.1,5,E,32747439.5,12,21000000
"Harisiddhi, L'",L,31597883.37,Harisiddhi,28943268.54,3.2,5,S,32245048.02,20,23500000
"Rudreshwor, K'",K,33377333.82,Rudreshwor,41074902.25,6.3,5,E,32747439.5,14,68000000
"Baluwa, K'",K,33377333.82,Baluwa,29964444.85,3.3,2,SE,33504792.57,10,6800000
"Thapathali, K'",K,33377333.82,Thapathali,37490256.78,7,5,E,32747439.5,14,60000000
"Maijubahal, K'",K,33377333.82,Maijubahal,33524848.93,6.2,5,N,30729924.74,8,35000000
"Samakhusi, K'",K,33377333.82,Samakhusi,34209111.27,3,3,W,31258615.52,12,32500000
"Budhanilkantha, K'",K,33377333.82,Budhanilkantha,39650175.48,3,6,N,30729924.74,15,40000000
"Kusunti, L'",L,31597883.37,Kusunti,31340991.25,3.2,5,S,32245048.02,13,24000000
"Dhapakhel, L'",L,31597883.37,Dhapakhel,28586036.25,2.2,6,S,32245048.02,13,19000000
"Sundarbasti, K'",K,33377333.82,Sundarbasti,32107222.42,3.2,6,E,32747439.5,12,25500000
"Baluwakhani, K'",K,33377333.82,Baluwakhani,31485833.64,3.2,5,E,32747439.5,13,19500000
"Basundhara, K'",K,33377333.82,Basundhara,33996041.82,5.2,4,N,30729924.74,16,35000000
"Thankot, K'",K,33377333.82,Thankot,20753333.46,2.3,5,SW,37155594.23,13,16000000
"Imadol, L'",L,31597883.37,Imadol,25687202.2,3.2,5,S,32245048.02,13,27500000
"Wasik, K'",K,33377333.82,Wasik,33522778.18,5.2,5,S,32245048.02,14,37500000
"Khumaltar, L'",L,31597883.37,Khumaltar,35811618.07,4.1,5,SE,33504792.57,13,31000000
"Koteshwor, K'",K,33377333.82,Koteshwor,38518222.55,4,5,E,32747439.5,26,45000000
"Gongabu, K'",K,33377333.82,Gongabu,35322539.91,8,5,SW,37155594.23,10,51500000
"Budhanilkantha, K'",K,33377333.82,Budhanilkantha,39650175.48,4.2,4,SW,37155594.23,13,35000000
"Ochu Height, L'",L,31597883.37,Ochu Height,31410519.63,3,4,W,31258615.52,13,23000000
"Mandikhatar, K'",K,33377333.82,Mandikhatar,33778245.74,5,5,E,32747439.5,16,39500000
"Thankot, K'",K,33377333.82,Thankot,20753333.46,3,4,N,30729924.74,13,21000000
"Imadol, L'",L,31597883.37,Imadol,25687202.2,7,14,SW,37155594.23,18,70000000
"Bhaisepati, L'",L,31597883.37,Bhaisepati,39830061.41,4.1,4,SE,33504792.57,10,38000000
"Makalbari, K'",K,33377333.82,Makalbari,29184889.21,8,2,NE,35380083.03,13,31000000
"Imadol, L'",L,31597883.37,Imadol,25687202.2,3.1,4,E,32747439.5,13,24000000
"Changathali, L'",L,31597883.37,Changathali,28959910.28,3.1,6,E,32747439.5,11,15000000
"Pepsicola, K'",K,33377333.82,Pepsicola,36370158.96,2.2,4,E,32747439.5,20,24000000
"Banasthali, K'",K,33377333.82,Banasthali,36538666.91,6.2,5,E,32747439.5,20,70000000
"Imadol, L'",L,31597883.37,Imadol,25687202.2,3.2,5,W,31258615.52,20,27500000
"Kusunti, L'",L,31597883.37,Kusunti,31340991.25,4,5,N,30729924.74,16,27500000
"Soltidobato, K'",K,33377333.82,Soltidobato,33070303.47,4,3,S,32245048.02,13,30000000
"Boharatar, K'",K,33377333.82,Boharatar,32433939.84,6,4,W,31258615.52,13,48500000
"Ekatabasti, K'",K,33377333.82,Ekatabasti,31739608.13,5,4,N,30729924.74,13,36500000
"Hepali Height, K'",K,33377333.82,Hepali Height,36051111.34,3,5,S,32245048.02,12,30000000
"Baniyatar, K'",K,33377333.82,Baniyatar,30735833.64,3.5,7,SW,37155594.23,14,37500000
"Machhe Gaun, K'",K,33377333.82,Machhe Gaun,28482564.48,3,5,N,30729924.74,16,12000000
"Thapagaun, K'",K,33377333.82,Thapagaun,33377333.82,4.2,3,E,32747439.5,12,43000000
"Ekatabasti, K'",K,33377333.82,Ekatabasti,31739608.13,4,4,NE,35380083.03,13,29500000
"Shankhamul, K'",K,33377333.82,Shankhamul,35367179.86,3.2,8,S,32245048.02,13,45000000
"Bhaisepati, L'",L,31597883.37,Bhaisepati,39830061.41,3.2,5,NW,34218387,16,26500000
"Golfutar, K'",K,33377333.82,Golfutar,37927521.49,4,4,E,32747439.5,13,37500000
"Jharuwarasi, L'",L,31597883.37,Jharuwarasi,28748236.14,4.3,3,NW,34218387,20,13000000
"Pasikot, K'",K,33377333.82,Pasikot,31132444.61,6,5,SE,33504792.57,13,35000000
"Manabahadur Marga, K'",K,33377333.82,Manabahadur Marga,32840952.73,4,7,E,32747439.5,13,31000000
"Sinamangal, K'",K,33377333.82,Sinamangal,34433939.84,4.1,5,W,31258615.52,20,49000000
"Manabahadur Marga, K'",K,33377333.82,Manabahadur Marga,32840952.73,4.2,5,NE,35380083.03,16,33000000
"Imadol, L'",L,31597883.37,Imadol,25687202.2,3.2,5,N,30729924.74,13,26500000
"Manamaiju, K'",K,33377333.82,Manamaiju,34339608.13,8.2,13,SE,33504792.57,18,58500000
"Nakhu, L'",L,31597883.37,Nakhu,31374118.07,4,4,SW,37155594.23,15,28000000
"Imadol, L'",L,31597883.37,Imadol,25687202.2,2.3,4,E,32747439.5,13,19500000
"Bhangal, K'",K,33377333.82,Bhangal,27786495.85,4,5,E,32747439.5,13,31000000
"Bhimsengola, K'",K,33377333.82,Bhimsengola,33377333.82,10,6,NE,35380083.03,20,75000000
"Manabahadur Marga, K'",K,33377333.82,Manabahadur Marga,32840952.73,4,5,W,31258615.52,20,35000000
"Bhangal, K'",K,33377333.82,Bhangal,27786495.85,5,5,E,32747439.5,13,29500000
"Darjeeling Height, B'",B,30105180.59,Darjeeling Height,28959255.08,2,4,S,32245048.02,10,17500000
"Sanepa, L'",L,31597883.37,Sanepa,44394230.18,5,5,SE,33504792.57,10,45000000
"Dhapasi, K'",K,33377333.82,Dhapasi,35561025.73,3,5,E,32747439.5,13,21000000
"Bhelpa, L'",L,31597883.37,Bhelpa,31134439.43,3.2,5,SW,37155594.23,11,26500000
"Sanepa, L'",L,31597883.37,Sanepa,44394230.18,5,6,NE,35380083.03,16,65000000
"Manamaiju, K'",K,33377333.82,Manamaiju,34339608.13,4,9,S,32245048.02,12,38000000
"Sukedhara, K'",K,33377333.82,Sukedhara,35285287.52,4,7,S,32245048.02,12,29500000
"Hattigauda, K'",K,33377333.82,Hattigauda,40129495.1,5.1,5,N,30729924.74,13,39000000
"Thaiba, L'",L,31597883.37,Thaiba,31469343.16,3.1,4,SE,33504792.57,20,12500000
"Bhaisepati, L'",L,31597883.37,Bhaisepati,39830061.41,4.2,4,SE,33504792.57,20,45000000
"Jawalakhel, L'",L,31597883.37,Jawalakhel,36831569.47,3,7,W,31258615.52,18,30000000
"Golfutar, K'",K,33377333.82,Golfutar,37927521.49,4.1,4,E,32747439.5,13,37500000
"Chunikhel, K'",K,33377333.82,Chunikhel,28784889.21,3.1,5,SE,33504792.57,13,20500000
"Mandikhatar, K'",K,33377333.82,Mandikhatar,33778245.74,3.2,5,E,32747439.5,13,22200000
"Machhapokhari, K'",K,33377333.82,Machhapokhari,34356111.52,6.3,14,SE,33504792.57,20,48500000
"Dallu, K'",K,33377333.82,Dallu,36074902.25,3.2,6,E,32747439.5,20,45000000
"Budhanilkantha, K'",K,33377333.82,Budhanilkantha,39650175.48,5,4,S,32245048.02,13,48000000
"Dhumbarahi, K'",K,33377333.82,Dhumbarahi,38251555.88,6.1,7,SE,33504792.57,36,69000000
"Koteshwor, K'",K,33377333.82,Koteshwor,38518222.55,4,6,E,32747439.5,26,45000000
"Bhaisepati, L'",L,31597883.37,Bhaisepati,39830061.41,5.2,5,NE,35380083.03,18,38000000
"Budhanilkantha, K'",K,33377333.82,Budhanilkantha,39650175.48,8.2,4,NE,35380083.03,13,55000000
"Bhaisepati, L'",L,31597883.37,Bhaisepati,39830061.41,3,6,NW,34218387,20,36000000
"Anamnagar, K'",K,33377333.82,Anamnagar,34106111.52,3.3,6,SW,37155594.23,11,42500000
"Phutung, K'",K,33377333.82,Phutung,31639444.85,4.2,5,W,31258615.52,18,26000000
"Bhaisepati, L'",L,31597883.37,Bhaisepati,39830061.41,3.2,6,SE,33504792.57,20,29500000
"Narayanthan, K'",K,33377333.82,Narayanthan,37084889.21,7,6,N,30729924.74,18,65000000
"Aakasedhara, K'",K,33377333.82,Aakasedhara,31751795.25,5,5,SE,33504792.57,20,45000000
"Gokarneswhor, K'",K,33377333.82,Gokarneswhor,31126667.01,3.1,2,E,32747439.5,12,13000000
"Kapan, K'",K,33377333.82,Kapan,25155878.88,2.2,4,N,30729924.74,12,15500000
"Baluwakhani, K'",K,33377333.82,Baluwakhani,31485833.64,5,7,W,31258615.52,13,38000000
"Bhangal, K'",K,33377333.82,Bhangal,27786495.85,4,4,N,30729924.74,13,29000000
"Mandikhatar, K'",K,33377333.82,Mandikhatar,33778245.74,3.2,4,E,32747439.5,32,27500000
"Chhaling, B'",B,30105180.59,Chhaling,28231982.35,4,2,N,30729924.74,16,9500000
"Sunakothi, L'",L,31597883.37,Sunakothi,34811177.11,4.2,3,SW,37155594.23,8,12500000
"Panga, K'",K,33377333.82,Panga,32843030.74,5.2,14,S,32245048.02,12,35000000
"Thankot, K'",K,33377333.82,Thankot,20753333.46,3.3,5,S,32245048.02,13,16000000
"Jyotinagar, K'",K,33377333.82,Jyotinagar,32457255.19,3.2,7,S,32245048.02,13,22500000
"Machhe Gaun, K'",K,33377333.82,Machhe Gaun,28482564.48,3.1,7,E,32747439.5,13,10500000
"Sundarbasti, K'",K,33377333.82,Sundarbasti,32107222.42,4,6,E,32747439.5,18,27500000
"Thulo Bharayang, K'",K,33377333.82,Thulo Bharayang,30892083.64,3.1,4,W,31258615.52,14,25000000
"Chyasal, L'",L,31597883.37,Chyasal,30907166.7,3,7,W,31258615.52,13,22500000
"Kavresthali, K'",K,33377333.82,Kavresthali,31752121.65,3.1,5,N,30729924.74,13,18500000
"Imadol, L'",L,31597883.37,Imadol,25687202.2,3.1,5,S,32245048.02,16,22500000
"Budhanilkantha, K'",K,33377333.82,Budhanilkantha,39650175.48,4,6,SE,33504792.57,14,32500000
"Naya Basti, K'",K,33377333.82,Naya Basti,33184889.21,3.3,5,E,32747439.5,12,25000000
"Kalanki, K'",K,33377333.82,Kalanki,29237407.68,6.3,8,S,32245048.02,20,45000000
"Bhaisepati, L'",L,31597883.37,Bhaisepati,39830061.41,3.2,4,SW,37155594.23,20,26500000
"Kapan, K'",K,33377333.82,Kapan,25155878.88,3.3,6,W,31258615.52,12,24000000
"Bhaisepati, L'",L,31597883.37,Bhaisepati,39830061.41,4,6,NW,34218387,16,37000000
"Balkot, B'",B,30105180.59,Balkot,31371147.63,6,4,S,32245048.02,10,42500000
"Mulpani, K'",K,33377333.82,Mulpani,27382807.27,4,5,N,30729924.74,20,31500000
"Nakhudole, L'",L,31597883.37,Nakhudole,29844525.67,4,3,S,32245048.02,10,27500000
"Basundhara, K'",K,33377333.82,Basundhara,33996041.82,6,7,S,32245048.02,14,47500000
"Kalikasthan, K'",K,33377333.82,Kalikasthan,34897778.18,4,8,NW,34218387,15,60000000
"Sainbu, L'",L,31597883.37,Sainbu,35731922.25,3.2,4,SE,33504792.57,15,35000000
"Bansbari, K'",K,33377333.82,Bansbari,37830175.69,10.2,5,E,32747439.5,15,62000000
"Padmasal, K'",K,33377333.82,Padmasal,32524848.93,5,3,NE,35380083.03,10,20000000
"Buddha Chowk, K'",K,33377333.82,Buddha Chowk,33174872.17,5,5,W,31258615.52,13,36000000
"Mahadevtar, K'",K,33377333.82,Mahadevtar,38769524.16,10.2,6,S,32245048.02,20,46500000
"Bhangal, K'",K,33377333.82,Bhangal,27786495.85,5,3,SW,37155594.23,13,34000000
"Dhungedhara, K'",K,33377333.82,Dhungedhara,29226296.57,9.2,4,E,32747439.5,20,65000000
"Kapan, K'",K,33377333.82,Kapan,25155878.88,4.2,6,S,32245048.02,12,37500000
"Thankot, K'",K,33377333.82,Thankot,20753333.46,3,4,N,30729924.74,13,12500000
"Mahadevtar, K'",K,33377333.82,Mahadevtar,38769524.16,10.1,6,S,32245048.02,20,46500000
"Maharajgunj, K'",K,33377333.82,Maharajgunj,44988666.91,5,12,W,31258615.52,12,41000000
"Hattiban, L'",L,31597883.37,Hattiban,35023601.02,3.2,8,E,32747439.5,13,34000000
"Budhanilkantha, K'",K,33377333.82,Budhanilkantha,39650175.48,4.2,5,SE,33504792.57,13,28500000
"Sitapaila, K'",K,33377333.82,Sitapaila,31149607.91,4,5,W,31258615.52,13,18500000
"Teku, K'",K,33377333.82,Teku,37388485.29,8.1,7,E,32747439.5,10,77500000
"Bhutkhel , K'",K,33377333.82,Bhutkhel,31979394.38,4,7,W,31258615.52,20,26700000
"Khadka Gaun, K'",K,33377333.82,Khadka Gaun,31636410.63,3,5,SE,33504792.57,13,21900000
"Syuchatar, K'",K,33377333.82,Syuchatar,27880494.01,3,6,E,32747439.5,13,22500000
"Goldhunga, K'",K,33377333.82,Goldhunga,25889697.19,3,2,S,32245048.02,16,13000000
"Bouddha, K'",K,33377333.82,Bouddha,36021026.01,4,6,E,32747439.5,18,29500000
"Satungal, K'",K,33377333.82,Satungal,29184889.21,3.2,6,W,31258615.52,13,18500000
"Gurjudhara, K'",K,33377333.82,Gurjudhara,28584889.21,2.5,5,W,31258615.52,13,16500000
"Naikap, K'",K,33377333.82,Naikap,29692549.31,3.1,4,S,32245048.02,13,21000000
"Dhungedhara, K'",K,33377333.82,Dhungedhara,29226296.57,3.5,5,N,30729924.74,13,33000000
"Grande Hospital, K'",K,33377333.82,Grande Hospital,33809123.06,8.2,5,W,31258615.52,18,70000000
"Golfutar, K'",K,33377333.82,Golfutar,37927521.49,5.1,6,E,32747439.5,12,29500000
"Sukedhara, K'",K,33377333.82,Sukedhara,35285287.52,4,4,S,32245048.02,12,30000000
"Gatthaghar, B'",B,30105180.59,Gatthaghar,31004709.63,4,5,W,31258615.52,13,30000000
"Pasikot, K'",K,33377333.82,Pasikot,31132444.61,5,5,N,30729924.74,13,36000000
"Bhaisepati, L'",L,31597883.37,Bhaisepati,39830061.41,5.3,7,NE,35380083.03,16,49500000
"Koteshwor, K'",K,33377333.82,Koteshwor,38518222.55,9.2,7,SE,33504792.57,20,60000000
"Nikhileshwor, K'",K,33377333.82,Nikhileshwor,32106111.52,3.2,5,W,31258615.52,16,24000000
"Gurjudhara, K'",K,33377333.82,Gurjudhara,28584889.21,6,5,SE,33504792.57,10,29000000
"Naikap, K'",K,33377333.82,Naikap,29692549.31,3.1,2,W,31258615.52,32,8500000
"Baniyatar, K'",K,33377333.82,Baniyatar,30735833.64,3,4,W,31258615.52,12,19500000
"Paiyatar, K'",K,33377333.82,Paiyatar,28948095.59,3.2,2,E,32747439.5,13,13500000
"Padmasal, K'",K,33377333.82,Padmasal,32524848.93,3.2,5,W,31258615.52,13,24000000
"Imadol, L'",L,31597883.37,Imadol,25687202.2,2.2,3,S,32245048.02,13,17000000
"Khichapokhari, K'",K,33377333.82,Khichapokhari,33570303.47,5.3,7,W,31258615.52,10,35500000
"Paiyatar, K'",K,33377333.82,Paiyatar,28948095.59,3,11,SE,33504792.57,13,17500000
"Maharajgunj, K'",K,33377333.82,Maharajgunj,44988666.91,8.1,6,E,32747439.5,14,75000000
"Lubhu, L'",L,31597883.37,Lubhu,27393622.83,3,4,S,32245048.02,20,29000000
"Bhangal, K'",K,33377333.82,Bhangal,27786495.85,3,4,NW,34218387,13,17500000
"Bhangal, K'",K,33377333.82,Bhangal,27786495.85,3.2,4,N,30729924.74,20,21000000
"Jyotinagar, K'",K,33377333.82,Jyotinagar,32457255.19,5.3,4,W,31258615.52,13,33500000
"Dhapasi, K'",K,33377333.82,Dhapasi,35561025.73,3,5,E,32747439.5,12,19500000
"Hattiban, L'",L,31597883.37,Hattiban,35023601.02,5.5,5,S,32245048.02,16,50000000
"Megha City, K'",K,33377333.82,Megha City,31197949.09,3.2,5,SE,33504792.57,13,29900000
"Pasikot, K'",K,33377333.82,Pasikot,31132444.61,4,5,SE,33504792.57,20,24000000
"Jaya Bageshwori, K'",K,33377333.82,Jaya Bageshwori,33377333.82,4,5,N,30729924.74,18,38500000
"Sallaghari, B'",B,30105180.59,Sallaghari,30295983.82,6.1,4,NE,35380083.03,20,37500000
"Dhungedhara, K'",K,33377333.82,Dhungedhara,29226296.57,6,5,SE,33504792.57,13,55000000
"Dhaneshwor, K'",K,33377333.82,Dhaneshwor,31570303.47,3,2,E,32747439.5,13,13500000
"Bafal, K'",K,33377333.82,Bafal,37063333.51,9.2,3,E,32747439.5,13,70000000
"Srijananagar, B'",B,30105180.59,Srijananagar,29413800.53,3.2,7,NW,34218387,20,22500000
"Ekatabasti, K'",K,33377333.82,Ekatabasti,31739608.13,5.3,3,S,32245048.02,13,33000000
"Mandikhatar, K'",K,33377333.82,Mandikhatar,33778245.74,3,6,N,30729924.74,13,21000000
"Bhangal, K'",K,33377333.82,Bhangal,27786495.85,4,4,E,32747439.5,16,23500000
"Kapan, K'",K,33377333.82,Kapan,25155878.88,3,2,E,32747439.5,10,11200000
"Bhangal, K'",K,33377333.82,Bhangal,27786495.85,3.2,2,NW,34218387,13,13500000
"Sukedhara, K'",K,33377333.82,Sukedhara,35285287.52,2.2,4,N,30729924.74,13,17000000
"Lubhu, L'",L,31597883.37,Lubhu,27393622.83,3.1,5,S,32245048.02,11,15000000
"Ram Mandir, K'",K,33377333.82,Ram Mandir,32390952.73,3.5,5,NE,35380083.03,26,37500000
"Sano thimi, B'",B,30105180.59,Sano Thimi,33337650.49,8,6,E,32747439.5,20,50000000
"Chapali, K'",K,33377333.82,Chapali,36408666.91,5,6,N,30729924.74,18,39000000
"Aakasedhara, K'",K,33377333.82,Aakasedhara,31751795.25,4,5,N,30729924.74,10,19000000
"Paiyatar, K'",K,33377333.82,Paiyatar,28948095.59,4.2,6,E,32747439.5,12,22000000
"Ganesh Chowk, K'",K,33377333.82,Ganesh Chowk,38723666.91,4.2,4,S,32245048.02,13,32500000
"Naya Basti, K'",K,33377333.82,Naya Basti,33184889.21,5,7,E,32747439.5,10,28000000
"Thankot, K'",K,33377333.82,Thankot,20753333.46,4,4,N,30729924.74,13,16500000
"Hattiban, L'",L,31597883.37,Hattiban,35023601.02,9,2,SW,37155594.23,20,38000000
"Hattiban, L'",L,31597883.37,Hattiban,35023601.02,3.2,3,W,31258615.52,20,32500000
"Gaurighat, K'",K,33377333.82,Gaurighat,34751795.25,7,9,S,32245048.02,10,60000000
"Lolang, K'",K,33377333.82,Lolang,26742083.64,3,6,N,30729924.74,18,15500000
"Goldhunga, K'",K,33377333.82,Goldhunga,25889697.19,3,5,S,32245048.02,13,15000000
"Pasikot, K'",K,33377333.82,Pasikot,31132444.61,9,6,E,32747439.5,16,60000000
"Koteshwor, K'",K,33377333.82,Koteshwor,38518222.55,2.2,6,E,32747439.5,12,27500000
"Bhangal, K'",K,33377333.82,Bhangal,27786495.85,4.1,5,NW,34218387,13,22000000
"Sai Baba chowk, K'",K,33377333.82,Sai Baba Chowk,32615758.02,4,6,E,32747439.5,13,25000000
"Greenland Chowk, K'",K,33377333.82,Greenland Chowk,33752121.65,9,7,E,32747439.5,10,45000000
"Sundarbasti, K'",K,33377333.82,Sundarbasti,32107222.42,3.2,6,S,32245048.02,12,20000000
"Imadol, L'",L,31597883.37,Imadol,25687202.2,3,5,E,32747439.5,20,21000000
"Chapali, K'",K,33377333.82,Chapali,36408666.91,5,5,NW,34218387,12,44000000
"Bhaisepati, L'",L,31597883.37,Bhaisepati,39830061.41,4,3,N,30729924.74,16,40000000
"Bhaisepati, L'",L,31597883.37,Bhaisepati,39830061.41,5,4,E,32747439.5,15,36000000
"Imadol, L'",L,31597883.37,Imadol,25687202.2,2.3,4,N,30729924.74,13,18000000
"Saraswotinagar, K'",K,33377333.82,Saraswotinagar,33979394.38,7,4,NE,35380083.03,13,40000000
"Imadol, L'",L,31597883.37,Imadol,25687202.2,3.2,6,E,32747439.5,16,23500000
"Bhimsengola, K'",K,33377333.82,Bhimsengola,33377333.82,7.2,4,N,30729924.74,16,65000000
"Special Court, K'",K,33377333.82,Special Court,36024848.93,10,5,NE,35380083.03,12,62500000
"Chandol, K'",K,33377333.82,Chandol,39642083.64,4,4,W,31258615.52,16,34000000
"Bhaisepati, L'",L,31597883.37,Bhaisepati,39830061.41,3.2,4,N,30729924.74,13,24500000
"Kadaghari, K'",K,33377333.82,Kadaghari,27845965.17,3,6,SW,37155594.23,13,24000000
"Bhangal, K'",K,33377333.82,Bhangal,27786495.85,3.1,5,NW,34218387,13,18500000
"Sundarbasti, K'",K,33377333.82,Sundarbasti,32107222.42,3.1,5,N,30729924.74,13,20000000
"Sipadol, B'",B,30105180.59,Sipadol,26967986.13,4.1,5,S,32245048.02,13,22000000
"Bansbari, K'",K,33377333.82,Bansbari,37830175.69,7.2,6,W,31258615.52,20,52000000
"Bhatkepati, K'",K,33377333.82,Bhatkepati,31356111.52,6,4,N,30729924.74,20,25000000
"Dadhikot, B'",B,30105180.59,Dadhikot,29927061.99,4,12,SE,33504792.57,20,25000000
"Dhungedhara, K'",K,33377333.82,Dhungedhara,29226296.57,4.1,7,SW,37155594.23,13,29800000
"Kusunti, L'",L,31597883.37,Kusunti,31340991.25,4.3,4,SE,33504792.57,20,31000000
"Chabahil, K'",K,33377333.82,Chabahil,34221961.07,4.2,8,W,31258615.52,20,32000000
"Sitapaila, K'",K,33377333.82,Sitapaila,31149607.91,3.2,4,S,32245048.02,20,27000000
"Radhe Radhe, B'",B,30105180.59,Radhe Radhe,31888600.45,4.3,4,E,32747439.5,20,27000000
"Imadol, L'",L,31597883.37,Imadol,25687202.2,4,6,SE,33504792.57,13,23000000
"Nakhu, L'",L,31597883.37,Nakhu,31374118.07,3,3,W,31258615.52,13,23000000
"Golfutar, K'",K,33377333.82,Golfutar,37927521.49,4,3,SE,33504792.57,13,16000000
"Nakhu, L'",L,31597883.37,Nakhu,31374118.07,4,4,S,32245048.02,14,30000000
"Sundarbasti, K'",K,33377333.82,Sundarbasti,32107222.42,4,4,SE,33504792.57,12,25000000
"Kusunti, L'",L,31597883.37,Kusunti,31340991.25,4,5,S,32245048.02,15,27500000
"Bhaisepati, L'",L,31597883.37,Bhaisepati,39830061.41,5,4,S,32245048.02,13,36000000
"Nakhu, L'",L,31597883.37,Nakhu,31374118.07,3,3,N,30729924.74,13,23000000
"Dhapakhel, L'",L,31597883.37,Dhapakhel,28586036.25,4,7,S,32245048.02,20,29000000
"Imadol, L'",L,31597883.37,Imadol,25687202.2,5.2,7,W,31258615.52,13,25000000
"Sukedhara, K'",K,33377333.82,Sukedhara,35285287.52,3.1,10,W,31258615.52,25,28000000
"Imadol, L'",L,31597883.37,Imadol,25687202.2,5.3,6,E,32747439.5,16,29500000
"Bhaisepati, L'",L,31597883.37,Bhaisepati,39830061.41,5,5,SW,37155594.23,13,33500000
"Dhapasi, K'",K,33377333.82,Dhapasi,35561025.73,4,5,NE,35380083.03,13,37500000
"Sallaghari, B'",B,30105180.59,Sallaghari,30295983.82,4,6,SW,37155594.23,13,25000000
"Srijananagar, B'",B,30105180.59,Srijananagar,29413800.53,3.3,5,E,32747439.5,8,16000000
"Dhungedhara, K'",K,33377333.82,Dhungedhara,29226296.57,4,5,N,30729924.74,13,27500000
"Sukedhara, K'",K,33377333.82,Sukedhara,35285287.52,2.3,5,N,30729924.74,13,16000000
"Mulpani, K'",K,33377333.82,Mulpani,27382807.27,3,5,W,31258615.52,8,14000000
"Dahachowk, K'",K,33377333.82,Dahachowk,30856111.52,2.4,4,W,31258615.52,18,18000000
"Thecho, L'",L,31597883.37,Thecho,30069916.69,5.3,7,S,32245048.02,12,27500000
"Nakhipot, L'",L,31597883.37,Nakhipot,33737087.32,3.1,4,E,32747439.5,15,23500000
"Dhapasi, K'",K,33377333.82,Dhapasi,35561025.73,4,5,SW,37155594.23,28,30000000
"Deuba Chowk, K'",K,33377333.82,Deuba Chowk,39860833.64,6,4,N,30729924.74,15,47000000
"Shankhamul, K'",K,33377333.82,Shankhamul,35367179.86,3,12,E,32747439.5,12,51000000
"Kamalbinayak, B'",B,30105180.59,Kamalbinayak,30995618.72,4.2,9,SW,37155594.23,13,39900000
"Mahadevtar, K'",K,33377333.82,Mahadevtar,38769524.16,7.2,14,E,32747439.5,12,42500000
"Khumaltar, L'",L,31597883.37,Khumaltar,35811618.07,5,4,NE,35380083.03,13,28500000
"Ram Mandir, K'",K,33377333.82,Ram Mandir,32390952.73,5,6,N,30729924.74,16,28500000
"Bagbazar, K'",K,33377333.82,Bagbazar,32706667.11,2,4,E,32747439.5,20,26000000
"Khusibu, K'",K,33377333.82,Khusibu,32983809.87,2.2,6,E,32747439.5,13,22500000
"Chhauni, K'",K,33377333.82,Chhauni,32751795.25,4.2,4,N,30729924.74,14,31000000
"Setipakha, L'",L,31597883.37,Setipakha,28637712.98,4.1,5,E,32747439.5,12,22500000
"Gurjudhara, K'",K,33377333.82,Gurjudhara,28584889.21,3,4,W,31258615.52,13,15500000
"Hattigauda, K'",K,33377333.82,Hattigauda,40129495.1,4,5,E,32747439.5,15,32500000
"Tinkune, K'",K,33377333.82,Tinkune,34272778.18,4.2,6,E,32747439.5,16,45000000
"Hattiban, L'",L,31597883.37,Hattiban,35023601.02,4.1,6,S,32245048.02,13,28700000
"Ganesh Chowk, K'",K,33377333.82,Ganesh Chowk,38723666.91,4,4,S,32245048.02,15,32000000
"Grande Hospital, K'",K,33377333.82,Grande Hospital,33809123.06,3.1,3,NE,35380083.03,21,24500000
"Nakhu, L'",L,31597883.37,Nakhu,31374118.07,4.1,4,SW,37155594.23,15,33000000
"Kusunti, L'",L,31597883.37,Kusunti,31340991.25,4,5,S,32245048.02,15,27000000
"Kusunti, L'",L,31597883.37,Kusunti,31340991.25,3.2,4,S,32245048.02,15,24000000
"Mulpani, K'",K,33377333.82,Mulpani,27382807.27,4.2,8,W,31258615.52,12,29500000
"Gokarneswhor, K'",K,33377333.82,Gokarneswhor,31126667.01,4,8,S,32245048.02,11,27000000
"Golfutar, K'",K,33377333.82,Golfutar,37927521.49,4,6,E,32747439.5,18,28000000
"Bhaisepati, L'",L,31597883.37,Bhaisepati,39830061.41,3.1,4,NW,34218387,18,19900000
"Syuchatar, K'",K,33377333.82,Syuchatar,27880494.01,5,4,E,32747439.5,16,25000000
"Ganesh Chowk, K'",K,33377333.82,Ganesh Chowk,38723666.91,5,5,S,32245048.02,13,35000000
"Ganesh Chowk, K'",K,33377333.82,Ganesh Chowk,38723666.91,4.2,5,SW,37155594.23,15,32000000
"Narayanthan, K'",K,33377333.82,Narayanthan,37084889.21,7.2,4,NE,35380083.03,13,55000000
"Narayanthan, K'",K,33377333.82,Narayanthan,37084889.21,4,5,NE,35380083.03,13,35000000
"Nakhu, L'",L,31597883.37,Nakhu,31374118.07,3,4,E,32747439.5,20,23500000
"Nakhu, L'",L,31597883.37,Nakhu,31374118.07,3,4,S,32245048.02,16,23000000
"Bhaisepati, L'",L,31597883.37,Bhaisepati,39830061.41,4.3,4,E,32747439.5,16,28000000
"Kusunti, L'",L,31597883.37,Kusunti,31340991.25,3.1,4,NW,34218387,15,23500000
"Shankhamul, K'",K,33377333.82,Shankhamul,35367179.86,4,7,W,31258615.52,13,40000000
"Hattiban, L'",L,31597883.37,Hattiban,35023601.02,4,6,E,32747439.5,12,21500000
"Gothatar, K'",K,33377333.82,Gothatar,32267017.8,6,4,SW,37155594.23,20,40000000
"Syuchatar, K'",K,33377333.82,Syuchatar,27880494.01,3,6,S,32245048.02,13,20500000
"Budhanilkantha, K'",K,33377333.82,Budhanilkantha,39650175.48,7,5,E,32747439.5,20,45000000
"Khadka Gaun, K'",K,33377333.82,Khadka Gaun,31636410.63,4,4,NW,34218387,13,23000000
"Mandikhatar, K'",K,33377333.82,Mandikhatar,33778245.74,5,6,E,32747439.5,18,45000000
"Nakhipot, L'",L,31597883.37,Nakhipot,33737087.32,7,8,W,31258615.52,20,80000000
"Mahadevsthan, K'",K,33377333.82,Mahadevsthan,25938222.55,3,2,E,32747439.5,10,10500000
"Hattiban, L'",L,31597883.37,Hattiban,35023601.02,4,3,S,32245048.02,13,21100000
"Kapan, K'",K,33377333.82,Kapan,25155878.88,3.2,3,E,32747439.5,13,14000000
"Thaiba, L'",L,31597883.37,Thaiba,31469343.16,6,4,NE,35380083.03,20,48500000
"Narephate, K'",K,33377333.82,Narephate,32867179.86,6,6,W,31258615.52,13,38500000
"Sano bharyang, K'",K,33377333.82,Sano Bharyang,33485287.52,5.1,7,S,32245048.02,12,18500000
"Sitapaila, K'",K,33377333.82,Sitapaila,31149607.91,6.5,5,S,32245048.02,14,70000000
"Chandol, K'",K,33377333.82,Chandol,39642083.64,6,5,N,30729924.74,18,46000000
"Bhaisepati, L'",L,31597883.37,Bhaisepati,39830061.41,4,6,NW,34218387,16,37500000
"Dhapasi, K'",K,33377333.82,Dhapasi,35561025.73,6,6,S,32245048.02,20,33000000
"Hepali Height, K'",K,33377333.82,Hepali Height,36051111.34,4,6,N,30729924.74,14,33000000
"Sitapaila, K'",K,33377333.82,Sitapaila,31149607.91,4.2,4,N,30729924.74,16,24000000
"Makalbari, K'",K,33377333.82,Makalbari,29184889.21,2.2,6,NE,35380083.03,12,17000000
"Karyabinayak, L'",L,31597883.37,Karyabinayak,31956569.47,4,4,W,31258615.52,20,32500000
"Syuchatar, K'",K,33377333.82,Syuchatar,27880494.01,4,7,N,30729924.74,20,29500000
"Mulpani, K'",K,33377333.82,Mulpani,27382807.27,4.1,4,SE,33504792.57,14,22500000
"Bhaisepati, L'",L,31597883.37,Bhaisepati,39830061.41,3.2,4,N,30729924.74,20,25000000
"Ram Mandir, K'",K,33377333.82,Ram Mandir,32390952.73,4.2,6,SW,37155594.23,13,27200000
"Sukedhara, K'",K,33377333.82,Sukedhara,35285287.52,6,5,W,31258615.52,12,40000000
"Dhumbarahi, K'",K,33377333.82,Dhumbarahi,38251555.88,5.5,7,E,32747439.5,12,62500000
"Dhungedhara, K'",K,33377333.82,Dhungedhara,29226296.57,3.2,7,S,32245048.02,12,26000000
"Thankot, K'",K,33377333.82,Thankot,20753333.46,4.2,4,W,31258615.52,13,16000000
"Imadol, L'",L,31597883.37,Imadol,25687202.2,2.2,3,E,32747439.5,13,17000000
"Golfutar, K'",K,33377333.82,Golfutar,37927521.49,5.2,5,S,32245048.02,13,40000000
"Gwarko, L'",L,31597883.37,Gwarko,29086036.25,4,5,NW,34218387,15,19500000
"Golfutar, K'",K,33377333.82,Golfutar,37927521.49,4,5,SE,33504792.57,20,37000000
"Thankot, K'",K,33377333.82,Thankot,20753333.46,3,4,E,32747439.5,13,15000000
"Imadol, L'",L,31597883.37,Imadol,25687202.2,3.2,4,N,30729924.74,13,19000000
"Dhapasi, K'",K,33377333.82,Dhapasi,35561025.73,5,3,E,32747439.5,13,32000000
"Rudreshwor, K'",K,33377333.82,Rudreshwor,41074902.25,7.2,5,S,32245048.02,14,42000000
"Narayanthan, K'",K,33377333.82,Narayanthan,37084889.21,6,5,S,32245048.02,18,47500000
"Deuba Chowk, K'",K,33377333.82,Deuba Chowk,39860833.64,4.1,5,SW,37155594.23,14,32500000
"Pepsicola, K'",K,33377333.82,Pepsicola,36370158.96,3.3,4,SE,33504792.57,20,33000000
"Baluwatar, K'",K,33377333.82,Baluwatar,43077101.66,5,4,SE,33504792.57,13,55000000
"Rudreshwor, K'",K,33377333.82,Rudreshwor,41074902.25,5,7,NW,34218387,18,37500000
"Bhaisepati, L'",L,31597883.37,Bhaisepati,39830061.41,4,4,N,30729924.74,20,38000000
"Sudal, B'",B,30105180.59,Sudal,26327061.99,3,2,N,30729924.74,10,7500000
"Bhaisepati, L'",L,31597883.37,Bhaisepati,39830061.41,3.2,4,E,32747439.5,20,24500000
"Golfutar, K'",K,33377333.82,Golfutar,37927521.49,4,5,SE,33504792.57,13,27000000
"Liwali, B'",B,30105180.59,Liwali,30550164.17,7.2,3,E,32747439.5,13,35000000
"Imadol, L'",L,31597883.37,Imadol,25687202.2,3,4,E,32747439.5,14,18500000
"Nakhu, L'",L,31597883.37,Nakhu,31374118.07,3.2,4,N,30729924.74,20,26500000
"Imadol, L'",L,31597883.37,Imadol,25687202.2,3,7,N,30729924.74,13,16000000
"Hattigauda, K'",K,33377333.82,Hattigauda,40129495.1,3,4,E,32747439.5,13,23000000
"Hattigauda, K'",K,33377333.82,Hattigauda,40129495.1,5.2,7,SE,33504792.57,13,26500000
"Dholahiti, L'",L,31597883.37,Dholahiti,32361712.15,4,4,W,31258615.52,20,27500000
"Imadol, L'",L,31597883.37,Imadol,25687202.2,3,4,E,32747439.5,13,19000000
"Shantinagar, K'",K,33377333.82,Shantinagar,36121026.01,3,10,S,32245048.02,30,39000000
"Bafal, K'",K,33377333.82,Bafal,37063333.51,4.2,4,E,32747439.5,13,25500000
"Dhungedhara, K'",K,33377333.82,Dhungedhara,29226296.57,3.2,5,S,32245048.02,12,28000000
"Thankot, K'",K,33377333.82,Thankot,20753333.46,3,7,W,31258615.52,5,10500000
"Thankot, K'",K,33377333.82,Thankot,20753333.46,3,3,N,30729924.74,13,11500000
"Bafal, K'",K,33377333.82,Bafal,37063333.51,4,6,W,31258615.52,14,30000000
"Banasthali, K'",K,33377333.82,Banasthali,36538666.91,4,5,E,32747439.5,32,30000000
"Ramkot, K'",K,33377333.82,Ramkot,29382807.27,4,4,N,30729924.74,20,15500000
"Ramkot, K'",K,33377333.82,Ramkot,29382807.27,5,4,N,30729924.74,20,17500000
"Khusibu, K'",K,33377333.82,Khusibu,32983809.87,4.2,7,E,32747439.5,20,41000000
"Hattiban, L'",L,31597883.37,Hattiban,35023601.02,4,6,N,30729924.74,13,21500000
"Hattiban, L'",L,31597883.37,Hattiban,35023601.02,4,5,N,30729924.74,13,21000000
"Bhaisepati, L'",L,31597883.37,Bhaisepati,39830061.41,5,4,N,30729924.74,15,35000000
"Shovahiti, L'",L,31597883.37,Shovahiti,30998075.79,4.2,2,S,32245048.02,10,25000000
"Basantanagar, K'",K,33377333.82,Basantanagar,31524848.93,3.2,2,E,32747439.5,13,13000000
"Budhanilkantha, K'",K,33377333.82,Budhanilkantha,39650175.48,5.1,6,NW,34218387,13,41500000
"Grande Hospital, K'",K,33377333.82,Grande Hospital,33809123.06,4,4,N,30729924.74,26,26000000
"Grande Hospital, K'",K,33377333.82,Grande Hospital,33809123.06,4,6,E,32747439.5,26,28000000
"Deuba Chowk, K'",K,33377333.82,Deuba Chowk,39860833.64,6,6,E,32747439.5,14,36000000
"Hattigauda, K'",K,33377333.82,Hattigauda,40129495.1,5,4,E,32747439.5,14,34500000
"Gwarko, L'",L,31597883.37,Gwarko,29086036.25,4.2,5,S,32245048.02,13,30000000
"Tokha, K'",K,33377333.82,Tokha,28346274.65,7,4,W,31258615.52,20,38000000
"Hattigauda, K'",K,33377333.82,Hattigauda,40129495.1,3,5,NW,34218387,13,31000000
"Kalanki, K'",K,33377333.82,Kalanki,29237407.68,4.1,5,S,32245048.02,10,29000000
"Thulo Bharayang, K'",K,33377333.82,Thulo Bharayang,30892083.64,7,7,N,30729924.74,13,39500000
"Chandol, K'",K,33377333.82,Chandol,39642083.64,5.2,5,E,32747439.5,20,47500000
"New Buspark, K'",K,33377333.82,New Buspark,37290256.78,3,4,E,32747439.5,13,26000000
"Mahadevsthan, K'",K,33377333.82,Mahadevsthan,25938222.55,3,2,N,30729924.74,13,9800000
"Hepali Height, K'",K,33377333.82,Hepali Height,36051111.34,4,3,S,32245048.02,13,22500000
"Nakhu, L'",L,31597883.37,Nakhu,31374118.07,4,4,E,32747439.5,20,28000000
"Karyabinayak, L'",L,31597883.37,Karyabinayak,31956569.47,6,5,SE,33504792.57,16,35000000
"Kapan, K'",K,33377333.82,Kapan,25155878.88,7,6,S,32245048.02,13,36000000
"Mulpani, K'",K,33377333.82,Mulpani,27382807.27,2.5,4,SE,33504792.57,10,12500000
"Taukhel, L'",L,31597883.37,Taukhel,30706569.47,4,3,E,32747439.5,26,25000000
"Gothatar, K'",K,33377333.82,Gothatar,32267017.8,3.1,6,W,31258615.52,13,23000000
"Balambu, K'",K,33377333.82,Balambu,30521026.01,3.1,5,E,32747439.5,13,18000000
"Bhaisepati, L'",L,31597883.37,Bhaisepati,39830061.41,4,6,E,32747439.5,13,25000000
"Khadka Gaun, K'",K,33377333.82,Khadka Gaun,31636410.63,4,5,W,31258615.52,16,21500000
"Bhutkhel , K'",K,33377333.82,Bhutkhel,31979394.38,3,5,S,32245048.02,10,18000000
"Chyasal, L'",L,31597883.37,Chyasal,30907166.7,3,7,W,31258615.52,13,24000000
"Thulo Bharayang, K'",K,33377333.82,Thulo Bharayang,30892083.64,3.2,5,W,31258615.52,16,24000000
"Dhapakhel, L'",L,31597883.37,Dhapakhel,28586036.25,2.2,3,E,32747439.5,20,14500000
"Panipokhari, K'",K,33377333.82,Panipokhari,37731111.52,5.2,4,E,32747439.5,20,54000000
"Kapan, K'",K,33377333.82,Kapan,25155878.88,4,6,E,32747439.5,14,21000000
"Manabahadur Marga, K'",K,33377333.82,Manabahadur Marga,32840952.73,4,5,N,30729924.74,13,27000000
"Budhanilkantha, K'",K,33377333.82,Budhanilkantha,39650175.48,7,4,S,32245048.02,20,57500000
"Bansbari, K'",K,33377333.82,Bansbari,37830175.69,8,6,E,32747439.5,20,45000000
"Kavresthali, K'",K,33377333.82,Kavresthali,31752121.65,4,3,N,30729924.74,10,15500000
"Goldhunga, K'",K,33377333.82,Goldhunga,25889697.19,4,4,E,32747439.5,26,18500000
"Thankot, K'",K,33377333.82,Thankot,20753333.46,4,5,E,32747439.5,13,30000000
"Nakhipot, L'",L,31597883.37,Nakhipot,33737087.32,4.2,5,N,30729924.74,20,25000000
"Thankot, K'",K,33377333.82,Thankot,20753333.46,4,4,N,30729924.74,16,19000000
"Mitrapark, K'",K,33377333.82,Mitrapark,39814444.85,4.3,6,SW,37155594.23,30,49000000
"Gongabu, K'",K,33377333.82,Gongabu,35322539.91,4.2,5,W,31258615.52,20,35000000
"Imadol, L'",L,31597883.37,Imadol,25687202.2,5.1,6,E,32747439.5,13,32500000
"Gyaneshwor, K'",K,33377333.82,Gyaneshwor,34481111.52,6,4,S,32245048.02,15,35000000
"Syuchatar, K'",K,33377333.82,Syuchatar,27880494.01,4,4,E,32747439.5,13,24500000
"Syuchatar, K'",K,33377333.82,Syuchatar,27880494.01,3.3,5,N,30729924.74,13,22000000
"Shankhamul, K'",K,33377333.82,Shankhamul,35367179.86,4,6,S,32245048.02,15,55500000
"Jawalakhel, L'",L,31597883.37,Jawalakhel,36831569.47,7,4,N,30729924.74,16,90000000
"Hattigauda, K'",K,33377333.82,Hattigauda,40129495.1,4.2,4,W,31258615.52,20,50000000
"Bansbari, K'",K,33377333.82,Bansbari,37830175.69,3.2,6,E,32747439.5,18,38000000
"Banasthali, K'",K,33377333.82,Banasthali,36538666.91,3.2,5,N,30729924.74,8,20000000
"Balkumari, L'",L,31597883.37,Balkumari,38873677.11,4.2,6,E,32747439.5,18,50000000
"Tikathali, L'",L,31597883.37,Tikathali,24394856.6,3,5,W,31258615.52,13,16000000
"Thankot, K'",K,33377333.82,Thankot,20753333.46,5,4,E,32747439.5,16,32500000
"Thankot, K'",K,33377333.82,Thankot,20753333.46,4,6,S,32245048.02,16,16000000
"Thankot, K'",K,33377333.82,Thankot,20753333.46,3.1,5,W,31258615.52,13,16000000
"Siddhartha Colony, K'",K,33377333.82,Siddhartha Colony,33377333.82,9,9,S,32245048.02,12,70000000
"Chapali, K'",K,33377333.82,Chapali,36408666.91,3.3,7,E,32747439.5,13,29500000
"Kalanki, K'",K,33377333.82,Kalanki,29237407.68,4,5,E,32747439.5,14,22000000
"Bafal, K'",K,33377333.82,Bafal,37063333.51,3.3,5,NE,35380083.03,15,31000000
"Lubhu, L'",L,31597883.37,Lubhu,27393622.83,5,4,S,32245048.02,13,18500000
"Nagarjun, K'",K,33377333.82,Nagarjun,30424927.75,4.1,6,SE,33504792.57,22,22500000
"Kumarigal, K'",K,33377333.82,Kumarigal,33524848.93,6.2,4,W,31258615.52,10,35000000
"Tenzing Chowk, K'",K,33377333.82,Tenzing Chowk,32751795.25,4,6,W,31258615.52,13,29000000
"Bhaisepati, L'",L,31597883.37,Bhaisepati,39830061.41,4.1,3,N,30729924.74,20,22000000
"Bhaisepati, L'",L,31597883.37,Bhaisepati,39830061.41,3,5,NE,35380083.03,12,21000000
"Sitapaila, K'",K,33377333.82,Sitapaila,31149607.91,4.2,4,S,32245048.02,15,34500000
"Setipakha, L'",L,31597883.37,Setipakha,28637712.98,5,5,E,32747439.5,16,21000000
"Basundhara, K'",K,33377333.82,Basundhara,33996041.82,3,6,E,32747439.5,12,26000000
"Rudreshwor, K'",K,33377333.82,Rudreshwor,41074902.25,2.2,5,W,31258615.52,10,10500000
"Imadol, L'",L,31597883.37,Imadol,25687202.2,3,4,N,30729924.74,12,18500000
"Imadol, L'",L,31597883.37,Imadol,25687202.2,3,6,S,32245048.02,13,16500000
"Imadol, L'",L,31597883.37,Imadol,25687202.2,3.2,5,S,32245048.02,15,25000000
"Imadol, L'",L,31597883.37,Imadol,25687202.2,3.2,4,S,32245048.02,13,22000000
"Imadol, L'",L,31597883.37,Imadol,25687202.2,3.1,5,E,32747439.5,13,21500000
"Imadol, L'",L,31597883.37,Imadol,25687202.2,4.2,4,S,32245048.02,13,24500000
"Syuchatar, K'",K,33377333.82,Syuchatar,27880494.01,3.2,5,W,31258615.52,12,20700000
"Syuchatar, K'",K,33377333.82,Syuchatar,27880494.01,3.2,4,W,31258615.52,14,22000000
"Lolang, K'",K,33377333.82,Lolang,26742083.64,3.1,4,S,32245048.02,12,15500000
"Thankot, K'",K,33377333.82,Thankot,20753333.46,3.1,3,SE,33504792.57,13,11500000
"Imadol, L'",L,31597883.37,Imadol,25687202.2,3.1,4,S,32245048.02,13,21500000
"Imadol, L'",L,31597883.37,Imadol,25687202.2,3,5,E,32747439.5,13,17500000
"Imadol, L'",L,31597883.37,Imadol,25687202.2,3,5,N,30729924.74,12,18500000
"Imadol, L'",L,31597883.37,Imadol,25687202.2,3.1,5,E,32747439.5,13,19800000
"Bhatkepati, K'",K,33377333.82,Bhatkepati,31356111.52,3.3,5,S,32245048.02,13,17500000
"Dhapasi, K'",K,33377333.82,Dhapasi,35561025.73,5,5,S,32245048.02,13,32500000
"New Baneshwor, K'",K,33377333.82,New Baneshwor,32756111.52,4,4,N,30729924.74,13,42500000
"Kadaghari, K'",K,33377333.82,Kadaghari,27845965.17,3,2,W,31258615.52,13,12000000
"Kalanki, K'",K,33377333.82,Kalanki,29237407.68,4.2,4,E,32747439.5,13,28000000
"Dharmasthali, K'",K,33377333.82,Dharmasthali,29876667.01,5,5,NE,35380083.03,11,24000000
"Taulung, K'",K,33377333.82,Taulung,34944102.94,6,6,NE,35380083.03,18,42500000
"Matatirtha, K'",K,33377333.82,Matatirtha,31136410.63,5,4,N,30729924.74,13,33000000
"Imadol, L'",L,31597883.37,Imadol,25687202.2,3.1,5,N,30729924.74,13,20700000
"Imadol, L'",L,31597883.37,Imadol,25687202.2,3,4,S,32245048.02,13,18200000
"Syuchatar, K'",K,33377333.82,Syuchatar,27880494.01,4,6,N,30729924.74,13,22400000
"Syuchatar, K'",K,33377333.82,Syuchatar,27880494.01,4,6,NE,35380083.03,12,24500000
"Hattigauda, K'",K,33377333.82,Hattigauda,40129495.1,5,7,W,31258615.52,12,32500000
"Budhanilkantha, K'",K,33377333.82,Budhanilkantha,39650175.48,3,4,NE,35380083.03,10,29900000
"Ram Mandir, K'",K,33377333.82,Ram Mandir,32390952.73,2.5,5,W,31258615.52,10,26500000
"Mahadevsthan, K'",K,33377333.82,Mahadevsthan,25938222.55,2.2,2,W,31258615.52,10,11000000
"Mahadevsthan, K'",K,33377333.82,Mahadevsthan,25938222.55,3.2,2,W,31258615.52,15,11500000
"Katunje, B'",B,30105180.59,Katunje,29629317.16,2.2,4,E,32747439.5,15,14000000
"Katunje, B'",B,30105180.59,Katunje,29629317.16,5,5,S,32245048.02,13,13500000
"Balkot, B'",B,30105180.59,Balkot,31371147.63,3.3,6,NE,35380083.03,20,25000000
"Khumaltar, L'",L,31597883.37,Khumaltar,35811618.07,4.2,3,NE,35380083.03,13,21000000
"Mahadevsthan, K'",K,33377333.82,Mahadevsthan,25938222.55,3,5,W,31258615.52,13,11500000
"Chamati, K'",K,33377333.82,Chamati,32290256.78,4.2,6,W,31258615.52,12,30000000
"Kalimati, K'",K,33377333.82,Kalimati,34174872.17,3,6,E,32747439.5,15,50000000
"Kalimati, K'",K,33377333.82,Kalimati,34174872.17,3,4,W,31258615.52,20,22500000
"changu Narayan, K'",K,33377333.82,Changu Narayan,31626667.01,5,6,W,31258615.52,12,29000000
"Syuchatar, K'",K,33377333.82,Syuchatar,27880494.01,3.2,7,S,32245048.02,15,28500000
"Maitidevi, K'",K,33377333.82,Maitidevi,35564444.85,3.2,8,W,31258615.52,18,46500000
"Grande Hospital, K'",K,33377333.82,Grande Hospital,33809123.06,3.2,5,N,30729924.74,12,24500000
"Manamaiju, K'",K,33377333.82,Manamaiju,34339608.13,3.2,6,N,30729924.74,13,22500000
"Basundhara, K'",K,33377333.82,Basundhara,33996041.82,3.1,7,W,31258615.52,10,28500000
"Samakhusi, K'",K,33377333.82,Samakhusi,34209111.27,3,6,S,32245048.02,10,25000000
"Panchetar, K'",K,33377333.82,Panchetar,31752121.65,4.2,2,E,32747439.5,10,15500000
"Baluwakhani, K'",K,33377333.82,Baluwakhani,31485833.64,3.3,8,N,30729924.74,13,17000000
"Imadol, L'",L,31597883.37,Imadol,25687202.2,3,4,NE,35380083.03,13,19000000
"Dhungedhara, K'",K,33377333.82,Dhungedhara,29226296.57,3.2,4,W,31258615.52,20,16000000
"Dhungedhara, K'",K,33377333.82,Dhungedhara,29226296.57,3,5,E,32747439.5,20,15500000
"Dhungedhara, K'",K,33377333.82,Dhungedhara,29226296.57,3,6,E,32747439.5,13,16500000
"Tinthana, K'",K,33377333.82,Tinthana,30647778.18,3,3,N,30729924.74,20,18000000
"Dawadi Gaun, K'",K,33377333.82,Dawadi Gaun,32070303.47,3,5,S,32245048.02,13,19000000
"Bafal, K'",K,33377333.82,Bafal,37063333.51,3.2,6,E,32747439.5,13,22500000
"Putalisadak, K'",K,33377333.82,Putalisadak,34888485.29,5,4,W,31258615.52,15,50000000
"Thankot, K'",K,33377333.82,Thankot,20753333.46,3,6,W,31258615.52,13,12800000
"Mahadevsthan, K'",K,33377333.82,Mahadevsthan,25938222.55,4,2,W,31258615.52,13,12000000
"Thankot, K'",K,33377333.82,Thankot,20753333.46,3.2,3,E,32747439.5,13,9800000
"Thankot, K'",K,33377333.82,Thankot,20753333.46,3,4,N,30729924.74,13,17000000
"Gothatar, K'",K,33377333.82,Gothatar,32267017.8,7,6,W,31258615.52,14,62500000
"Bhaisepati, L'",L,31597883.37,Bhaisepati,39830061.41,4,4,SE,33504792.57,16,38000000
"Naxal, K'",K,33377333.82,Naxal,41298333.64,4,5,E,32747439.5,15,38000000
"Golfutar, K'",K,33377333.82,Golfutar,37927521.49,5.2,5,E,32747439.5,12,43000000
"Samakhusi, K'",K,33377333.82,Samakhusi,34209111.27,4,6,E,32747439.5,12,30000000
"Bhaisepati, L'",L,31597883.37,Bhaisepati,39830061.41,3.2,3,W,31258615.52,20,27500000
"Pasikot, K'",K,33377333.82,Pasikot,31132444.61,5.2,4,E,32747439.5,20,30000000
"Nilopool, K'",K,33377333.82,Nilopool,33377333.82,4.2,8,SW,37155594.23,12,26000000
"Pasikot, K'",K,33377333.82,Pasikot,31132444.61,5.5,4,E,32747439.5,14,32000000
"Hepali Height, K'",K,33377333.82,Hepali Height,36051111.34,5,6,W,31258615.52,14,41000000
"Dhapasi, K'",K,33377333.82,Dhapasi,35561025.73,4.2,11,N,30729924.74,20,25000000
"Baluwatar, K'",K,33377333.82,Baluwatar,43077101.66,5.2,9,W,31258615.52,26,70000000
"Golfutar, K'",K,33377333.82,Golfutar,37927521.49,3,3,W,31258615.52,26,22000000
"Bhangal, K'",K,33377333.82,Bhangal,27786495.85,3,6,E,32747439.5,10,19000000
"Chunikhel, K'",K,33377333.82,Chunikhel,28784889.21,3.5,2,E,32747439.5,13,13000000
"Kapan, K'",K,33377333.82,Kapan,25155878.88,4.3,5,N,30729924.74,13,20000000
"Gongabu, K'",K,33377333.82,Gongabu,35322539.91,3,5,NE,35380083.03,12,18500000
"Kapan, K'",K,33377333.82,Kapan,25155878.88,3,4,W,31258615.52,6,12500000
"Bhangal, K'",K,33377333.82,Bhangal,27786495.85,4,4,W,31258615.52,13,18000000
"Chandol, K'",K,33377333.82,Chandol,39642083.64,6.3,5,W,31258615.52,13,46000000
"Chappal karkhana, K'",K,33377333.82,Chappal Karkhana,38412381.3,7,7,W,31258615.52,12,38500000
"Sukedhara, K'",K,33377333.82,Sukedhara,35285287.52,6,4,S,32245048.02,12,45000000
"Dhapasi, K'",K,33377333.82,Dhapasi,35561025.73,5,4,E,32747439.5,12,33000000
"Bhaisepati, L'",L,31597883.37,Bhaisepati,39830061.41,3.2,4,S,32245048.02,24,28000000
"Bhangal, K'",K,33377333.82,Bhangal,27786495.85,5,5,NE,35380083.03,12,32000000
"Bhangal, K'",K,33377333.82,Bhangal,27786495.85,2.2,6,W,31258615.52,10,19000000
"Swayambhu, K'",K,33377333.82,Swayambhu,29874920.87,3.1,5,W,31258615.52,15,24500000
"Taulung, K'",K,33377333.82,Taulung,34944102.94,8.3,5,E,32747439.5,12,38000000
"Kapan, K'",K,33377333.82,Kapan,25155878.88,3,5,W,31258615.52,15,27500000
"Dhapasi, K'",K,33377333.82,Dhapasi,35561025.73,6,4,W,31258615.52,13,47500000
"Dhapasi, K'",K,33377333.82,Dhapasi,35561025.73,4.1,5,S,32245048.02,13,28000000
"Maharajgunj, K'",K,33377333.82,Maharajgunj,44988666.91,4,4,N,30729924.74,20,49000000
"Tokha, K'",K,33377333.82,Tokha,28346274.65,4,5,N,30729924.74,12,13500000
"Dhapasi, K'",K,33377333.82,Dhapasi,35561025.73,3,5,SW,37155594.23,15,32000000
"Golfutar, K'",K,33377333.82,Golfutar,37927521.49,4,5,E,32747439.5,10,34000000
"Baluwatar, K'",K,33377333.82,Baluwatar,43077101.66,2.2,6,E,32747439.5,12,22500000
"Grande Hospital, K'",K,33377333.82,Grande Hospital,33809123.06,4.1,6,SW,37155594.23,10,32800000
"Mandikhatar, K'",K,33377333.82,Mandikhatar,33778245.74,4,6,S,32245048.02,12,25000000
"Dhapasi, K'",K,33377333.82,Dhapasi,35561025.73,7,5,W,31258615.52,13,40000000
"Sitapaila, K'",K,33377333.82,Sitapaila,31149607.91,5,7,N,30729924.74,24,55000000
"Tokha, K'",K,33377333.82,Tokha,28346274.65,4,5,W,31258615.52,13,21500000
"Hepali Height, K'",K,33377333.82,Hepali Height,36051111.34,4.1,5,S,32245048.02,12,34500000
"Budhanilkantha, K'",K,33377333.82,Budhanilkantha,39650175.48,5.2,4,E,32747439.5,15,32500000
"Golfutar, K'",K,33377333.82,Golfutar,37927521.49,4,6,S,32245048.02,13,34500000
"Shankhamul, K'",K,33377333.82,Shankhamul,35367179.86,5,6,NE,35380083.03,12,32500000
"Banasthali, K'",K,33377333.82,Banasthali,36538666.91,5,6,W,31258615.52,14,29500000
"Tokha, K'",K,33377333.82,Tokha,28346274.65,3.5,4,E,32747439.5,12,24500000
"Mandikhatar, K'",K,33377333.82,Mandikhatar,33778245.74,8,5,W,31258615.52,32,65000000
"Dhapasi, K'",K,33377333.82,Dhapasi,35561025.73,3,5,S,32245048.02,12,21500000
"Banasthali, K'",K,33377333.82,Banasthali,36538666.91,6,6,N,30729924.74,13,49500000
"Thankot, K'",K,33377333.82,Thankot,20753333.46,2.8,6,SE,33504792.57,13,18000000
"Thankot, K'",K,33377333.82,Thankot,20753333.46,2.2,5,S,32245048.02,10,11500000
"Kalanki, K'",K,33377333.82,Kalanki,29237407.68,2.3,4,SE,33504792.57,13,13000000
"Thankot, K'",K,33377333.82,Thankot,20753333.46,5,5,E,32747439.5,10,21000000
"Thankot, K'",K,33377333.82,Thankot,20753333.46,2.3,4,N,30729924.74,11,13500000
"Thankot, K'",K,33377333.82,Thankot,20753333.46,6.2,5,SE,33504792.57,11,17500000
"Thankot, K'",K,33377333.82,Thankot,20753333.46,3,4,E,32747439.5,13,12000000
"Thankot, K'",K,33377333.82,Thankot,20753333.46,3.2,4,W,31258615.52,13,14000000
"Bansbari, K'",K,33377333.82,Bansbari,37830175.69,6,6,S,32245048.02,10,36000000
"Chandol, K'",K,33377333.82,Chandol,39642083.64,8,4,E,32747439.5,20,40000000
"Sitapaila, K'",K,33377333.82,Sitapaila,31149607.91,4.5,5,E,32747439.5,20,26500000
"Chappal karkhana, K'",K,33377333.82,Chappal Karkhana,38412381.3,4,6,SE,33504792.57,10,35000000
"Hepali Height, K'",K,33377333.82,Hepali Height,36051111.34,5.5,5,NW,34218387,16,43000000
"Dhapasi, K'",K,33377333.82,Dhapasi,35561025.73,3,3,S,32245048.02,26,22000000
"Ramkot, K'",K,33377333.82,Ramkot,29382807.27,4.3,4,S,32245048.02,15,23000000
"Lainchaur, K'",K,33377333.82,Lainchaur,33524848.93,6.2,5,S,32245048.02,15,55000000
"Naxal, K'",K,33377333.82,Naxal,41298333.64,8.1,6,S,32245048.02,15,76000000
"Naxal, K'",K,33377333.82,Naxal,41298333.64,4,6,S,32245048.02,15,38000000
"Syuchatar, K'",K,33377333.82,Syuchatar,27880494.01,6,4,E,32747439.5,13,32000000
"Dhapasi, K'",K,33377333.82,Dhapasi,35561025.73,3,6,S,32245048.02,12,32000000
"Budhanilkantha, K'",K,33377333.82,Budhanilkantha,39650175.48,3.1,6,E,32747439.5,12,23500000
"Maitidevi, K'",K,33377333.82,Maitidevi,35564444.85,3.5,8,W,31258615.52,20,46500000
"Samakhusi, K'",K,33377333.82,Samakhusi,34209111.27,4,6,S,32245048.02,13,32000000
"Golfutar, K'",K,33377333.82,Golfutar,37927521.49,4,6,W,31258615.52,15,32500000
"Budhanilkantha, K'",K,33377333.82,Budhanilkantha,39650175.48,3.5,7,W,31258615.52,12,48000000
"Samakhusi, K'",K,33377333.82,Samakhusi,34209111.27,3.5,6,E,32747439.5,20,25000000
"Sukedhara, K'",K,33377333.82,Sukedhara,35285287.52,4,5,N,30729924.74,12,42500000
"Hattigauda, K'",K,33377333.82,Hattigauda,40129495.1,4,4,S,32245048.02,10,54000000
"Budhanilkantha, K'",K,33377333.82,Budhanilkantha,39650175.48,6,5,W,31258615.52,12,95000000
"Chappal karkhana, K'",K,33377333.82,Chappal Karkhana,38412381.3,3.2,4,N,30729924.74,12,32000000
"Samakhusi, K'",K,33377333.82,Samakhusi,34209111.27,4,6,W,31258615.52,15,32000000
"Thapathali, K'",K,33377333.82,Thapathali,37490256.78,10,4,W,31258615.52,18,69000000
"Bhaisepati, L'",L,31597883.37,Bhaisepati,39830061.41,4.2,2,N,30729924.74,16,28000000
"Nakhipot, L'",L,31597883.37,Nakhipot,33737087.32,3.3,4,N,30729924.74,16,23000000
"Banasthali, K'",K,33377333.82,Banasthali,36538666.91,4.5,7,N,30729924.74,15,45000000
"Satdobato, L'",L,31597883.37,Satdobato,38589946.99,9,6,N,30729924.74,20,45000000
"Sanepa, L'",L,31597883.37,Sanepa,44394230.18,7,6,N,30729924.74,15,75000000
"Jawalakhel, L'",L,31597883.37,Jawalakhel,36831569.47,4,5,W,31258615.52,12,36000000
"Hattiban, L'",L,31597883.37,Hattiban,35023601.02,3,4,E,32747439.5,12,30000000
"Bouddha, K'",K,33377333.82,Bouddha,36021026.01,7,1,N,30729924.74,20,60000000
"Budhanilkantha, K'",K,33377333.82,Budhanilkantha,39650175.48,6,1,S,32245048.02,16,45000000
"Sitapaila, K'",K,33377333.82,Sitapaila,31149607.91,8,1,E,32747439.5,24,55000000
"Dhapasi, K'",K,33377333.82,Dhapasi,35561025.73,4.5,6,S,32245048.02,10,32000000
"Hepali Height, K'",K,33377333.82,Hepali Height,36051111.34,4.1,5,S,32245048.02,12,34000000
"Naxal, K'",K,33377333.82,Naxal,41298333.64,4,6,SE,33504792.57,15,38000000
"Budhanilkantha, K'",K,33377333.82,Budhanilkantha,39650175.48,5.5,7,S,32245048.02,12,45000000
"Hepali Height, K'",K,33377333.82,Hepali Height,36051111.34,4,1,E,32747439.5,15,32000000
"Pasikot, K'",K,33377333.82,Pasikot,31132444.61,5,4,E,32747439.5,13,55000000
"Budhanilkantha, K'",K,33377333.82,Budhanilkantha,39650175.48,7.8,7,E,32747439.5,12,70000000
"Budhanilkantha, K'",K,33377333.82,Budhanilkantha,39650175.48,7,10,N,30729924.74,15,57000000
"Nakhu, L'",L,31597883.37,Nakhu,31374118.07,4.1,5,N,30729924.74,30,25000000
"Kupandole, L'",L,31597883.37,Kupandole,34844525.67,4,5,E,32747439.5,15,25000000
"Hattiban, L'",L,31597883.37,Hattiban,35023601.02,3,6,E,32747439.5,20,35000000
"Bhaisepati, L'",L,31597883.37,Bhaisepati,39830061.41,4.3,4,W,31258615.52,10,25000000
"Bhaisepati, L'",L,31597883.37,Bhaisepati,39830061.41,3.5,6,N,30729924.74,10,24500000
"Nakhipot, L'",L,31597883.37,Nakhipot,33737087.32,3.1,4,W,31258615.52,13,21500000
"Sorhakhutte, K'",K,33377333.82,Sorhakhutte,36884889.21,5,4,N,30729924.74,10,37000000
"Bhaisepati, L'",L,31597883.37,Bhaisepati,39830061.41,6.5,4,NW,34218387,13,37500000
"Bhaisepati, L'",L,31597883.37,Bhaisepati,39830061.41,4,3,W,31258615.52,13,27500000
"Hattiban, L'",L,31597883.37,Hattiban,35023601.02,3,5,N,30729924.74,22,28000000
"Kalanki, K'",K,33377333.82,Kalanki,29237407.68,4.2,4,E,32747439.5,10,18000000
"Basundhara, K'",K,33377333.82,Basundhara,33996041.82,4,6,W,31258615.52,10,37000000
"Imadol, L'",L,31597883.37,Imadol,25687202.2,3.3,6,N,30729924.74,12,21500000
"Budhanilkantha, K'",K,33377333.82,Budhanilkantha,39650175.48,6,5,E,32747439.5,20,77000000
"Gokarneswhor, K'",K,33377333.82,Gokarneswhor,31126667.01,4,8,W,31258615.52,11,27000000
"Kusunti, L'",L,31597883.37,Kusunti,31340991.25,5.2,4,SW,37155594.23,15,42500000
"Sitapaila, K'",K,33377333.82,Sitapaila,31149607.91,4,5,E,32747439.5,10,22000000
"Balambu, K'",K,33377333.82,Balambu,30521026.01,4,4,E,32747439.5,13,22500000
"Rai Chowk, K'",K,33377333.82,Rai Chowk,33377333.82,3.7,6,E,32747439.5,12,25000000
"Sainbu, L'",L,31597883.37,Sainbu,35731922.25,4.7,4,SW,37155594.23,13,35000000
"Sitapaila, K'",K,33377333.82,Sitapaila,31149607.91,3.7,6,NE,35380083.03,10,30000000
"Ramkot, K'",K,33377333.82,Ramkot,29382807.27,3.2,6,W,31258615.52,16,26000000
"Swayambhu, K'",K,33377333.82,Swayambhu,29874920.87,4.5,6,NE,35380083.03,13,38000000
"Sitapaila, K'",K,33377333.82,Sitapaila,31149607.91,2.5,6,W,31258615.52,13,22000000
"Sitapaila, K'",K,33377333.82,Sitapaila,31149607.91,2.5,4,W,31258615.52,10,20000000
"Sitapaila, K'",K,33377333.82,Sitapaila,31149607.91,4.5,6,S,32245048.02,12,27500000
"Sitapaila, K'",K,33377333.82,Sitapaila,31149607.91,3.8,4,W,31258615.52,14,35000000
"Thankot, K'",K,33377333.82,Thankot,20753333.46,3,8,E,32747439.5,13,22000000
"Thankot, K'",K,33377333.82,Thankot,20753333.46,3,4,W,31258615.52,12,16500000
"Thankot, K'",K,33377333.82,Thankot,20753333.46,4.5,8,E,32747439.5,13,18500000
"Thankot, K'",K,33377333.82,Thankot,20753333.46,3.1,3,E,32747439.5,13,11500000
"Thankot, K'",K,33377333.82,Thankot,20753333.46,3.5,7,E,32747439.5,13,17000000
"Dhungedhara, K'",K,33377333.82,Dhungedhara,29226296.57,3,5,N,30729924.74,13,33000000
"Sano bharyang, K'",K,33377333.82,Sano Bharyang,33485287.52,3.5,6,E,32747439.5,12,31000000
"Sitapaila, K'",K,33377333.82,Sitapaila,31149607.91,3.1,5,SE,33504792.57,14,23500000
"Bafal, K'",K,33377333.82,Bafal,37063333.51,3.2,6,S,32245048.02,13,45000000
"Sitapaila, K'",K,33377333.82,Sitapaila,31149607.91,3,4,W,31258615.52,16,30000000
"Baniyatar, K'",K,33377333.82,Baniyatar,30735833.64,6,6,SE,33504792.57,12,60000000
"Kimdol, K'",K,33377333.82,Kimdol,35933939.84,5.3,5,SW,37155594.23,13,61500000
"Dallu, K'",K,33377333.82,Dallu,36074902.25,5.3,5,SW,37155594.23,13,50000000
"Sitapaila, K'",K,33377333.82,Sitapaila,31149607.91,5.3,5,SW,37155594.23,16,38500000
"Sano bharyang, K'",K,33377333.82,Sano Bharyang,33485287.52,3.2,9,S,32245048.02,20,36000000
"Bafal, K'",K,33377333.82,Bafal,37063333.51,4,6,NW,34218387,13,28500000
"Chamati, K'",K,33377333.82,Chamati,32290256.78,3.1,7,N,30729924.74,20,35500000
"Sitapaila, K'",K,33377333.82,Sitapaila,31149607.91,6,7,SW,37155594.23,18,55000000
"Sitapaila, K'",K,33377333.82,Sitapaila,31149607.91,7,6,W,31258615.52,13,42500000
"Swayambhu, K'",K,33377333.82,Swayambhu,29874920.87,6,4,S,32245048.02,20,26700000
"Sitapaila, K'",K,33377333.82,Sitapaila,31149607.91,2.2,3,S,32245048.02,10,22500000
"Ramkot, K'",K,33377333.82,Ramkot,29382807.27,4,6,S,32245048.02,12,28500000
"Kalimati, K'",K,33377333.82,Kalimati,34174872.17,5.3,4,S,32245048.02,13,38000000
"Ramkot, K'",K,33377333.82,Ramkot,29382807.27,7.2,9,E,32747439.5,16,42000000
"Gongabu, K'",K,33377333.82,Gongabu,35322539.91,2.2,6,N,30729924.74,12,24500000
"Sangam Basti, L'",L,31597883.37,Sangam Basti,34907166.7,6,5,N,30729924.74,13,68000000
"Bansbari, K'",K,33377333.82,Bansbari,37830175.69,4,7,SE,33504792.57,13,45000000
"Nagarjun, K'",K,33377333.82,Nagarjun,30424927.75,3.1,7,N,30729924.74,12,29900000
"Nagarjun, K'",K,33377333.82,Nagarjun,30424927.75,4,8,NW,34218387,13,37500000
"Dallu, K'",K,33377333.82,Dallu,36074902.25,3.2,4,SW,37155594.23,20,28500000
"Nagarjun, K'",K,33377333.82,Nagarjun,30424927.75,10.2,6,NW,34218387,14,60000000
"Thulo Bharayang, K'",K,33377333.82,Thulo Bharayang,30892083.64,4.2,7,NE,35380083.03,13,41500000
"Sitapaila, K'",K,33377333.82,Sitapaila,31149607.91,8,8,E,32747439.5,13,42000000
"Nagarjun, K'",K,33377333.82,Nagarjun,30424927.75,3,6,N,30729924.74,13,31500000
"Radha Krishna, K'",K,33377333.82,Radha Krishna,32752121.65,3,5,S,32245048.02,13,26500000
"Sano bharyang, K'",K,33377333.82,Sano Bharyang,33485287.52,5.5,6,SW,37155594.23,13,37500000
"Buddha Chowk, K'",K,33377333.82,Buddha Chowk,33174872.17,3,6,NW,34218387,12,22500000
"Sano bharyang, K'",K,33377333.82,Sano Bharyang,33485287.52,3.1,5,W,31258615.52,13,26000000
"Chamati, K'",K,33377333.82,Chamati,32290256.78,2.5,8,E,32747439.5,20,29500000
"Swayambhu, K'",K,33377333.82,Swayambhu,29874920.87,4,4,N,30729924.74,16,33500000
"Nagarjun, K'",K,33377333.82,Nagarjun,30424927.75,4,4,E,32747439.5,13,30000000
"Sitapaila, K'",K,33377333.82,Sitapaila,31149607.91,6.7,9,W,31258615.52,10,38500000
"Imadol, L'",L,31597883.37,Imadol,25687202.2,3,5,E,32747439.5,13,27500000
"Imadol, L'",L,31597883.37,Imadol,25687202.2,3,6,N,30729924.74,13,27500000
"Imadol, L'",L,31597883.37,Imadol,25687202.2,5,7,E,32747439.5,13,34500000
"Sano bharyang, K'",K,33377333.82,Sano Bharyang,33485287.52,4.2,5,SE,33504792.57,20,49000000
"Chamati, K'",K,33377333.82,Chamati,32290256.78,2.5,5,S,32245048.02,20,27000000
"Sorhakhutte, K'",K,33377333.82,Sorhakhutte,36884889.21,2.3,12,E,32747439.5,7,25000000
"Imadol, L'",L,31597883.37,Imadol,25687202.2,3.5,6,E,32747439.5,13,27500000
"Bhaisepati, L'",L,31597883.37,Bhaisepati,39830061.41,5,7,SW,37155594.23,13,38000000
"Sitapaila, K'",K,33377333.82,Sitapaila,31149607.91,4.5,8,S,32245048.02,13,39000000
"Baneshwor, K'",K,33377333.82,Baneshwor,34728718.32,5.3,3,S,32245048.02,8,33000000
"Budhanilkantha, K'",K,33377333.82,Budhanilkantha,39650175.48,2.2,3,S,32245048.02,13,14500000
"Hattiban, L'",L,31597883.37,Hattiban,35023601.02,3,5,S,32245048.02,13,21500000
"Sorhakhutte, K'",K,33377333.82,Sorhakhutte,36884889.21,7,9,SE,33504792.57,8,65000000
"Sitapaila, K'",K,33377333.82,Sitapaila,31149607.91,3.5,4,SE,33504792.57,14,28500000
"Bafal, K'",K,33377333.82,Bafal,37063333.51,4,4,S,32245048.02,14,41000000
"Nagarjun, K'",K,33377333.82,Nagarjun,30424927.75,2.7,4,N,30729924.74,13,25500000
"Nagarjun, K'",K,33377333.82,Nagarjun,30424927.75,3,6,E,32747439.5,13,32000000
"Chandragiri, K'",K,33377333.82,Chandragiri,28210833.64,4,6,E,32747439.5,13,26500000
"Chandragiri, K'",K,33377333.82,Chandragiri,28210833.64,5,6,E,32747439.5,13,23500000
"Chamati, K'",K,33377333.82,Chamati,32290256.78,2.3,7,E,32747439.5,16,26500000
"Sano bharyang, K'",K,33377333.82,Sano Bharyang,33485287.52,5,6,W,31258615.52,13,39800000
"Hattiban, L'",L,31597883.37,Hattiban,35023601.02,5.5,5,E,32747439.5,13,34000000
"Kaushaltar, B'",B,30105180.59,Kaushaltar,29467986.13,4,5,N,30729924.74,10,32000000
"Syuchatar, K'",K,33377333.82,Syuchatar,27880494.01,4,5,NE,35380083.03,13,39500000
"Sitapaila, K'",K,33377333.82,Sitapaila,31149607.91,3.7,6,NW,34218387,13,28500000
"Sitapaila, K'",K,33377333.82,Sitapaila,31149607.91,3,6,SW,37155594.23,13,26000000
"Sano bharyang, K'",K,33377333.82,Sano Bharyang,33485287.52,2.3,5,E,32747439.5,14,30000000
"Satungal, K'",K,33377333.82,Satungal,29184889.21,3,5,NE,35380083.03,10,19500000
"Satungal, K'",K,33377333.82,Satungal,29184889.21,2.3,5,NE,35380083.03,10,18500000
"Naikap, K'",K,33377333.82,Naikap,29692549.31,8,11,NE,35380083.03,13,46500000
"Bhaisepati, L'",L,31597883.37,Bhaisepati,39830061.41,3.1,5,NE,35380083.03,13,29000000
"Gokarneswhor, K'",K,33377333.82,Gokarneswhor,31126667.01,4.5,11,SE,33504792.57,12,35000000
"Hattiban, L'",L,31597883.37,Hattiban,35023601.02,2.3,4,S,32245048.02,13,21500000
"Godamchaur, L'",L,31597883.37,Godamchaur,31597883.37,3.2,6,S,32245048.02,13,29000000
"Sano bharyang, K'",K,33377333.82,Sano Bharyang,33485287.52,3,4,N,30729924.74,13,22500000
"Sitapaila, K'",K,33377333.82,Sitapaila,31149607.91,3.2,5,W,31258615.52,13,28500000
"Sitapaila, K'",K,33377333.82,Sitapaila,31149607.91,9,5,N,30729924.74,16,55000000
"Bafal, K'",K,33377333.82,Bafal,37063333.51,4.2,4,N,30729924.74,20,40000000
"Kuleshwor, K'",K,33377333.82,Kuleshwor,33377333.82,7,7,N,30729924.74,22,75000000
"Chandragiri, K'",K,33377333.82,Chandragiri,28210833.64,5.1,6,N,30729924.74,13,27000000
"Bhaisepati, L'",L,31597883.37,Bhaisepati,39830061.41,8,6,NE,35380083.03,10,60000000
"Bhaisepati, L'",L,31597883.37,Bhaisepati,39830061.41,3.3,4,SW,37155594.23,14,37500000
"Imadol, L'",L,31597883.37,Imadol,25687202.2,3.1,5,SE,33504792.57,13,28500000
"Sitapaila, K'",K,33377333.82,Sitapaila,31149607.91,8,5,S,32245048.02,16,60000000
"Nagarjun, K'",K,33377333.82,Nagarjun,30424927.75,3,8,E,32747439.5,13,31000000
"Nagarjun, K'",K,33377333.82,Nagarjun,30424927.75,2.2,4,E,32747439.5,13,27500000
"Bafal, K'",K,33377333.82,Bafal,37063333.51,3,5,W,31258615.52,12,28500000
"Sitapaila, K'",K,33377333.82,Sitapaila,31149607.91,3,6,N,30729924.74,16,22000000
"Bafal, K'",K,33377333.82,Bafal,37063333.51,4,7,N,30729924.74,13,28500000
"Nagarjun, K'",K,33377333.82,Nagarjun,30424927.75,3,6,N,30729924.74,13,20500000
"Nagarjun, K'",K,33377333.82,Nagarjun,30424927.75,2.2,4,S,32245048.02,16,18000000
"Sitapaila, K'",K,33377333.82,Sitapaila,31149607.91,3.5,4,SE,33504792.57,13,35000000
"Nagarjun, K'",K,33377333.82,Nagarjun,30424927.75,3.8,4,SE,33504792.57,13,24000000
"Nakhu, L'",L,31597883.37,Nakhu,31374118.07,5.2,4,NE,35380083.03,13,39000000
"Nagarjun, K'",K,33377333.82,Nagarjun,30424927.75,6,9,E,32747439.5,13,47000000
"Sitapaila, K'",K,33377333.82,Sitapaila,31149607.91,7.2,5,NE,35380083.03,16,50000000
"Sitapaila, K'",K,33377333.82,Sitapaila,31149607.91,5,4,SE,33504792.57,16,37500000
"Ramkot, K'",K,33377333.82,Ramkot,29382807.27,3.3,4,SW,37155594.23,13,24000000
"Dallu, K'",K,33377333.82,Dallu,36074902.25,3,4,N,30729924.74,13,29500000
"Sitapaila, K'",K,33377333.82,Sitapaila,31149607.91,4.5,6,NE,35380083.03,22,33500000
"Raniban, K'",K,33377333.82,Raniban,35515185.46,4.2,6,SW,37155594.23,20,42500000
"Raniban, K'",K,33377333.82,Raniban,35515185.46,4.3,3,E,32747439.5,20,42500000
"Sitapaila, K'",K,33377333.82,Sitapaila,31149607.91,3.5,5,E,32747439.5,13,29000000
"Bafal, K'",K,33377333.82,Bafal,37063333.51,4,5,SW,37155594.23,13,28500000
"Lolang, K'",K,33377333.82,Lolang,26742083.64,4.1,6,SW,37155594.23,10,18500000
"Thulo Bharayang, K'",K,33377333.82,Thulo Bharayang,30892083.64,3,4,E,32747439.5,13,28000000
"Thulo Bharayang, K'",K,33377333.82,Thulo Bharayang,30892083.64,3.2,5,S,32245048.02,10,32500000
"Ramkot, K'",K,33377333.82,Ramkot,29382807.27,4,6,NE,35380083.03,26,30500000
"Tarakeshwar, K'",K,33377333.82,Tarakeshwar,28718222.55,3.2,6,NW,34218387,20,36000000
"Sitapaila, K'",K,33377333.82,Sitapaila,31149607.91,3,4,E,32747439.5,13,26000000
"Sitapaila, K'",K,33377333.82,Sitapaila,31149607.91,4,5,E,32747439.5,15,26500000
"Sano bharyang, K'",K,33377333.82,Sano Bharyang,33485287.52,5,8,SW,37155594.23,16,43000000
"Sitapaila, K'",K,33377333.82,Sitapaila,31149607.91,4,6,W,31258615.52,16,30500000
"Golfutar, K'",K,33377333.82,Golfutar,37927521.49,8,7,N,30729924.74,14,77500000
"Sitapaila, K'",K,33377333.82,Sitapaila,31149607.91,3.2,7,E,32747439.5,13,23500000
"Dallu, K'",K,33377333.82,Dallu,36074902.25,4,7,S,32245048.02,13,46500000
"Syuchatar, K'",K,33377333.82,Syuchatar,27880494.01,4.5,7,S,32245048.02,10,22000000
"Dallu, K'",K,33377333.82,Dallu,36074902.25,4,6,S,32245048.02,13,40000000
"Banglamukhi, K'",K,33377333.82,Banglamukhi,32979394.38,3.2,7,E,32747439.5,16,29000000
"Sano bharyang, K'",K,33377333.82,Sano Bharyang,33485287.52,3.2,4,SE,33504792.57,14,27500000
"Nagarjun, K'",K,33377333.82,Nagarjun,30424927.75,3,4,E,32747439.5,12,20000000
"Raniban, K'",K,33377333.82,Raniban,35515185.46,5.5,5,N,30729924.74,18,62000000
"Magargaun, L'",L,31597883.37,Magargaun,31452621.24,3.3,4,W,31258615.52,13,30000000
"Raniban, K'",K,33377333.82,Raniban,35515185.46,3,3,W,31258615.52,13,30000000
"Raniban, K'",K,33377333.82,Raniban,35515185.46,5,5,S,32245048.02,22,47500000
"Hattigauda, K'",K,33377333.82,Hattigauda,40129495.1,7,7,SE,33504792.57,22,30000000
"Hattiban, L'",L,31597883.37,Hattiban,35023601.02,5,4,E,32747439.5,22,26000000
"Chandragiri, K'",K,33377333.82,Chandragiri,28210833.64,4,4,NE,35380083.03,13,25500000
"Syuchatar, K'",K,33377333.82,Syuchatar,27880494.01,4,5,N,30729924.74,14,22000000
"Budhanilkantha, K'",K,33377333.82,Budhanilkantha,39650175.48,5,5,S,32245048.02,13,37500000
"Ramkot, K'",K,33377333.82,Ramkot,29382807.27,3,5,N,30729924.74,12,18500000
"Swayambhu, K'",K,33377333.82,Swayambhu,29874920.87,2.7,6,N,30729924.74,12,25000000
"Sano bharyang, K'",K,33377333.82,Sano Bharyang,33485287.52,3.1,6,S,32245048.02,13,25000000
"Sitapaila, K'",K,33377333.82,Sitapaila,31149607.91,3.1,6,S,32245048.02,20,35000000
"Nakhipot, L'",L,31597883.37,Nakhipot,33737087.32,3.7,4,W,31258615.52,18,28500000
"Gairgaun, K'",K,33377333.82,Gairgaun,33521026.01,4.5,8,W,31258615.52,13,23500000
"Tokha, K'",K,33377333.82,Tokha,28346274.65,3,3,SE,33504792.57,16,22500000
"Tokha, K'",K,33377333.82,Tokha,28346274.65,4,6,NW,34218387,13,27000000
"Grande Hospital, K'",K,33377333.82,Grande Hospital,33809123.06,3.3,4,SW,37155594.23,16,37000000
"Khumaltar, L'",L,31597883.37,Khumaltar,35811618.07,4,6,E,32747439.5,13,35000000
"Khumaltar, L'",L,31597883.37,Khumaltar,35811618.07,3.5,6,S,32245048.02,16,25000000
"Jharuwarasi, L'",L,31597883.37,Jharuwarasi,28748236.14,6,4,E,32747439.5,20,16000000
"Bafal, K'",K,33377333.82,Bafal,37063333.51,3,6,N,30729924.74,12,35000000
"changu Narayan, K'",K,33377333.82,Changu Narayan,31626667.01,3.1,5,SE,33504792.57,12,27500000
"Sitapaila, K'",K,33377333.82,Sitapaila,31149607.91,4,6,W,31258615.52,10,33000000
"Kapan, K'",K,33377333.82,Kapan,25155878.88,4.6,5,SW,37155594.23,15,47500000
"Tarakeshwar, K'",K,33377333.82,Tarakeshwar,28718222.55,5,7,SE,33504792.57,18,23000000
"Sano bharyang, K'",K,33377333.82,Sano Bharyang,33485287.52,10,8,W,31258615.52,14,50000000
"Nepaltar, K'",K,33377333.82,Nepaltar,31112381.3,5.3,6,W,31258615.52,13,36500000
"Dahachowk, K'",K,33377333.82,Dahachowk,30856111.52,4,4,E,32747439.5,13,18500000
"Budhanilkantha, K'",K,33377333.82,Budhanilkantha,39650175.48,7.5,5,NE,35380083.03,13,55000000
"Sano bharyang, K'",K,33377333.82,Sano Bharyang,33485287.52,4.5,6,SW,37155594.23,13,31500000
"Sano bharyang, K'",K,33377333.82,Sano Bharyang,33485287.52,3.3,4,NE,35380083.03,13,27000000
"Sitapaila, K'",K,33377333.82,Sitapaila,31149607.91,3.5,3,S,32245048.02,12,28000000
"Sitapaila, K'",K,33377333.82,Sitapaila,31149607.91,3,5,S,32245048.02,16,23000000
"Kusunti, L'",L,31597883.37,Kusunti,31340991.25,5.4,4,NW,34218387,16,36500000
"Mahankal, K'",K,33377333.82,Mahankal,33388485.29,4.3,6,E,32747439.5,16,23000000
"Sitapaila, K'",K,33377333.82,Sitapaila,31149607.91,4.3,6,SE,33504792.57,16,24000000
"Dallu, K'",K,33377333.82,Dallu,36074902.25,4.7,5,W,31258615.52,16,40000000
"Budhanilkantha, K'",K,33377333.82,Budhanilkantha,39650175.48,6,5,N,30729924.74,16,45000000
"Sano bharyang, K'",K,33377333.82,Sano Bharyang,33485287.52,3.5,4,S,32245048.02,12,30000000
"Budhanilkantha, K'",K,33377333.82,Budhanilkantha,39650175.48,7.5,4,SW,37155594.23,16,55000000
"Halchowk, K'",K,33377333.82,Halchowk,33615758.02,4.5,5,S,32245048.02,13,36000000
"Sitapaila, K'",K,33377333.82,Sitapaila,31149607.91,5.3,6,NE,35380083.03,13,31500000
"Dhapasi, K'",K,33377333.82,Dhapasi,35561025.73,4,6,SW,37155594.23,13,25000000
"Sano bharyang, K'",K,33377333.82,Sano Bharyang,33485287.52,4.3,5,E,32747439.5,13,34000000
"Chhauni, K'",K,33377333.82,Chhauni,32751795.25,4.6,5,SE,33504792.57,20,27000000
"Raniban, K'",K,33377333.82,Raniban,35515185.46,4.5,5,W,31258615.52,20,30000000
"Satungal, K'",K,33377333.82,Satungal,29184889.21,3.6,5,E,32747439.5,16,18000000
"Satungal, K'",K,33377333.82,Satungal,29184889.21,3.6,5,E,32747439.5,12,18000000
"Thankot, K'",K,33377333.82,Thankot,20753333.46,3,2,E,32747439.5,16,14000000
"Halchowk, K'",K,33377333.82,Halchowk,33615758.02,4.3,4,N,30729924.74,16,26000000
"Swayambhu, K'",K,33377333.82,Swayambhu,29874920.87,4,5,N,30729924.74,13,34000000
"Tahachal, K'",K,33377333.82,Tahachal,37519524.16,4.5,7,NE,35380083.03,16,55000000
"Tahachal, K'",K,33377333.82,Tahachal,37519524.16,4.5,7,N,30729924.74,16,52500000
"Kalanki, K'",K,33377333.82,Kalanki,29237407.68,4.5,4,SW,37155594.23,16,30000000
"Raniban, K'",K,33377333.82,Raniban,35515185.46,4.5,5,N,30729924.74,16,30000000
"Tarakeshwar, K'",K,33377333.82,Tarakeshwar,28718222.55,4.5,5,N,30729924.74,16,21000000
"Sitapaila, K'",K,33377333.82,Sitapaila,31149607.91,4.5,4,N,30729924.74,16,26000000
"Bhatbhateni, K'",K,33377333.82,Bhatbhateni,33070303.47,4.5,3,S,32245048.02,16,30000000
"Syuchatar, K'",K,33377333.82,Syuchatar,27880494.01,4.7,4,S,32245048.02,16,16000000
"Sano bharyang, K'",K,33377333.82,Sano Bharyang,33485287.52,6.3,5,NW,34218387,16,35000000
"Budhanilkantha, K'",K,33377333.82,Budhanilkantha,39650175.48,8,5,N,30729924.74,16,48000000
"Imadol, L'",L,31597883.37,Imadol,25687202.2,4,5,W,31258615.52,12,29000000
"Satdobato, L'",L,31597883.37,Satdobato,38589946.99,3,5,W,31258615.52,10,47500000
"Imadol, L'",L,31597883.37,Imadol,25687202.2,2.3,4,W,31258615.52,10,19900000
"Bhaisepati, L'",L,31597883.37,Bhaisepati,39830061.41,7,4,NW,34218387,12,40000000
"Bhaisepati, L'",L,31597883.37,Bhaisepati,39830061.41,3.2,4,NW,34218387,13,33000000
"Budhanilkantha, K'",K,33377333.82,Budhanilkantha,39650175.48,4.3,5,NE,35380083.03,14,40000000
"Gyaneshwor, K'",K,33377333.82,Gyaneshwor,34481111.52,2.2,13,W,31258615.52,10,45000000
"Bhaisepati, L'",L,31597883.37,Bhaisepati,39830061.41,5,5,E,32747439.5,12,30000000
"Imadol, L'",L,31597883.37,Imadol,25687202.2,5.2,6,NE,35380083.03,13,49900000
"Kharibot, K'",K,33377333.82,Kharibot,33840952.73,3,4,S,32245048.02,16,24500000
"Bafal, K'",K,33377333.82,Bafal,37063333.51,4,4,SE,33504792.57,13,25000000
"Khumaltar, L'",L,31597883.37,Khumaltar,35811618.07,4,4,SE,33504792.57,20,42500000
"Bhaisepati, L'",L,31597883.37,Bhaisepati,39830061.41,6.2,4,SE,33504792.57,12,65000000
"Bhaisepati, L'",L,31597883.37,Bhaisepati,39830061.41,4.2,4,SW,37155594.23,13,36000000
"Khumaltar, L'",L,31597883.37,Khumaltar,35811618.07,5,6,NW,34218387,14,58000000
"Bhaisepati, L'",L,31597883.37,Bhaisepati,39830061.41,3.2,5,SE,33504792.57,12,25000000
"Bhaisepati, L'",L,31597883.37,Bhaisepati,39830061.41,5.2,4,SE,33504792.57,16,48000000
"Tahachal, K'",K,33377333.82,Tahachal,37519524.16,4.1,4,N,30729924.74,20,66500000
"Thecho, L'",L,31597883.37,Thecho,30069916.69,7,5,E,32747439.5,12,85000000
"Bhaisepati, L'",L,31597883.37,Bhaisepati,39830061.41,5,4,NE,35380083.03,12,55000000
"Bhaisepati, L'",L,31597883.37,Bhaisepati,39830061.41,3.1,4,S,32245048.02,20,47500000
"Imadol, L'",L,31597883.37,Imadol,25687202.2,3.2,5,S,32245048.02,13,29500000
"Sanepa, L'",L,31597883.37,Sanepa,44394230.18,5,5,NW,34218387,10,63500000
"Bhaisepati, L'",L,31597883.37,Bhaisepati,39830061.41,7,5,W,31258615.52,13,85000000
"Bhaisepati, L'",L,31597883.37,Bhaisepati,39830061.41,7,4,E,32747439.5,26,64000000
"Sunakothi, L'",L,31597883.37,Sunakothi,34811177.11,4,3,N,30729924.74,20,35000000
"Kapan, K'",K,33377333.82,Kapan,25155878.88,3,6,S,32245048.02,16,22000000
"Dhobighat, L'",L,31597883.37,Dhobighat,36152217.98,3,4,S,32245048.02,16,37500000
"Hattiban, L'",L,31597883.37,Hattiban,35023601.02,6,5,S,32245048.02,20,80000000
"Satdobato, L'",L,31597883.37,Satdobato,38589946.99,4.2,6,SE,33504792.57,13,55000000
"Bhaisepati, L'",L,31597883.37,Bhaisepati,39830061.41,3.3,4,SW,37155594.23,13,55000000
"Sanepa, L'",L,31597883.37,Sanepa,44394230.18,9,5,SW,37155594.23,20,77500000
"Imadol, L'",L,31597883.37,Imadol,25687202.2,4.1,5,S,32245048.02,13,31900000
"Sitapaila, K'",K,33377333.82,Sitapaila,31149607.91,3,4,W,31258615.52,13,25000000
"Bhaisepati, L'",L,31597883.37,Bhaisepati,39830061.41,6.4,5,NW,34218387,13,62500000
"Hattiban, L'",L,31597883.37,Hattiban,35023601.02,2.2,4,N,30729924.74,12,28000000
"Bhaisepati, L'",L,31597883.37,Bhaisepati,39830061.41,5,6,S,32245048.02,25,48000000
"Imadol, L'",L,31597883.37,Imadol,25687202.2,3.1,5,N,30729924.74,13,25000000
"Sanepa, L'",L,31597883.37,Sanepa,44394230.18,5,4,W,31258615.52,19,33500000
"Sanepa, L'",L,31597883.37,Sanepa,44394230.18,5,4,NW,34218387,19,35000000
"Bhaisepati, L'",L,31597883.37,Bhaisepati,39830061.41,4,4,NE,35380083.03,18,40000000
"Nakhipot, L'",L,31597883.37,Nakhipot,33737087.32,7,5,E,32747439.5,13,60000000
"Imadol, L'",L,31597883.37,Imadol,25687202.2,3.5,4,W,31258615.52,12,25000000
"Imadol, L'",L,31597883.37,Imadol,25687202.2,3.3,5,E,32747439.5,12,27000000
"Gwarko, L'",L,31597883.37,Gwarko,29086036.25,3,5,N,30729924.74,12,27500000
"Hattiban, L'",L,31597883.37,Hattiban,35023601.02,3.3,6,NE,35380083.03,15,32500000
"Hattiban, L'",L,31597883.37,Hattiban,35023601.02,3.1,5,SW,37155594.23,13,28000000
"Imadol, L'",L,31597883.37,Imadol,25687202.2,3.2,6,W,31258615.52,12,31000000
"Baneshwor, K'",K,33377333.82,Baneshwor,34728718.32,5,4,S,32245048.02,13,40000000
"Tokha, K'",K,33377333.82,Tokha,28346274.65,6,3,N,30729924.74,15,35000000
"Imadol, L'",L,31597883.37,Imadol,25687202.2,5.2,6,E,32747439.5,20,31500000
"Ochu Height, L'",L,31597883.37,Ochu Height,31410519.63,3.2,6,S,32245048.02,13,29000000
"Imadol, L'",L,31597883.37,Imadol,25687202.2,4.2,5,E,32747439.5,20,42500000
"Bhaisepati, L'",L,31597883.37,Bhaisepati,39830061.41,4,4,SE,33504792.57,12,46500000
"Bhaisepati, L'",L,31597883.37,Bhaisepati,39830061.41,4,5,N,30729924.74,20,40000000
"Sanepa, L'",L,31597883.37,Sanepa,44394230.18,5,6,NE,35380083.03,16,59500000
"Nakhu, L'",L,31597883.37,Nakhu,31374118.07,5,4,E,32747439.5,13,39000000
"Setipakha, L'",L,31597883.37,Setipakha,28637712.98,4,8,E,32747439.5,13,32000000
"Setipakha, L'",L,31597883.37,Setipakha,28637712.98,4,8,E,32747439.5,13,32500000
"Sunakothi, L'",L,31597883.37,Sunakothi,34811177.11,7.1,4,S,32245048.02,20,51500000
"Kalanki, K'",K,33377333.82,Kalanki,29237407.68,4,8,S,32245048.02,10,35000000
"Imadol, L'",L,31597883.37,Imadol,25687202.2,4.3,4,E,32747439.5,20,32500000
"Bhangal, K'",K,33377333.82,Bhangal,27786495.85,3.1,5,N,30729924.74,13,32000000
"Sukedhara, K'",K,33377333.82,Sukedhara,35285287.52,5.2,5,S,32245048.02,13,55000000
"Setipakha, L'",L,31597883.37,Setipakha,28637712.98,2.3,5,E,32747439.5,13,23000000
"Chandragiri, K'",K,33377333.82,Chandragiri,28210833.64,3.3,3,E,32747439.5,20,17000000
"Imadol, L'",L,31597883.37,Imadol,25687202.2,2.3,5,S,32245048.02,13,24000000
"Tikathali, L'",L,31597883.37,Tikathali,24394856.6,4,4,S,32245048.02,13,27500000
"Tikathali, L'",L,31597883.37,Tikathali,24394856.6,3.2,4,S,32245048.02,13,22500000
"Lubhu, L'",L,31597883.37,Lubhu,27393622.83,4.2,4,E,32747439.5,13,18000000
"Imadol, L'",L,31597883.37,Imadol,25687202.2,3.2,3,S,32245048.02,14,25000000
"Setipakha, L'",L,31597883.37,Setipakha,28637712.98,3.1,1,NE,35380083.03,13,16500000
"Bhaisepati, L'",L,31597883.37,Bhaisepati,39830061.41,6.3,5,S,32245048.02,12,51000000
"Imadol, L'",L,31597883.37,Imadol,25687202.2,7,5,E,32747439.5,20,59900000
"Bhaisepati, L'",L,31597883.37,Bhaisepati,39830061.41,3.2,5,N,30729924.74,13,27500000
"Sudal, B'",B,30105180.59,Sudal,26327061.99,4,2,E,32747439.5,13,12700000
"Baluwatar, K'",K,33377333.82,Baluwatar,43077101.66,4,4,SE,33504792.57,20,22500000
"Bhaisepati, L'",L,31597883.37,Bhaisepati,39830061.41,6,6,S,32245048.02,18,61000000
"Hattiban, L'",L,31597883.37,Hattiban,35023601.02,4.1,5,S,32245048.02,18,36900000
"Sunakothi, L'",L,31597883.37,Sunakothi,34811177.11,2.3,3,E,32747439.5,20,23000000
"Budhanilkantha, K'",K,33377333.82,Budhanilkantha,39650175.48,4,5,S,32245048.02,14,32000000
"Nil Barahi Mandir, B'",B,30105180.59,Nil Barahi Mandir,28777436.9,3.2,6,SW,37155594.23,20,15500000
"Dhapasi, K'",K,33377333.82,Dhapasi,35561025.73,4.2,7,W,31258615.52,13,42500000
"Katyani Chowk, K'",K,33377333.82,Katyani Chowk,36252121.65,7,9,E,32747439.5,24,65000000
"Gaurighat, K'",K,33377333.82,Gaurighat,34751795.25,4,6,N,30729924.74,15,35000000
"Budhanilkantha, K'",K,33377333.82,Budhanilkantha,39650175.48,3.2,6,S,32245048.02,16,28000000
"Lubhu, L'",L,31597883.37,Lubhu,27393622.83,3,2,S,32245048.02,13,13300000
"Imadol, L'",L,31597883.37,Imadol,25687202.2,2.2,4,S,32245048.02,13,16000000
"Harisiddhi, L'",L,31597883.37,Harisiddhi,28943268.54,3.1,4,W,31258615.52,13,25000000
"Harisiddhi, L'",L,31597883.37,Harisiddhi,28943268.54,3,5,W,31258615.52,20,28000000
"Imadol, L'",L,31597883.37,Imadol,25687202.2,3.2,5,SW,37155594.23,14,27000000
"Bhaisepati, L'",L,31597883.37,Bhaisepati,39830061.41,4.2,5,S,32245048.02,16,39900000
"Bhaisepati, L'",L,31597883.37,Bhaisepati,39830061.41,5,4,S,32245048.02,16,49900000
"Lubhu, L'",L,31597883.37,Lubhu,27393622.83,4.2,5,E,32747439.5,10,17000000
"Bhaisepati, L'",L,31597883.37,Bhaisepati,39830061.41,3.3,4,SW,37155594.23,20,42500000
"Sanagaun, L'",L,31597883.37,Sanagaun,29331922.25,3,4,W,31258615.52,13,17000000
"Balkot, B'",B,30105180.59,Balkot,31371147.63,5,5,SE,33504792.57,20,52500000
"Bageshwori, B'",B,30105180.59,Bageshwori,29641073.26,5,7,S,32245048.02,13,25000000
"Bhangal, K'",K,33377333.82,Bhangal,27786495.85,4.2,7,W,31258615.52,13,32000000
"Tikathali, L'",L,31597883.37,Tikathali,24394856.6,3.2,6,S,32245048.02,18,25000000
"Imadol, L'",L,31597883.37,Imadol,25687202.2,3.2,4,W,31258615.52,13,23500000
"Muhanpokhari, K'",K,33377333.82,Muhanpokhari,32161212.56,3.2,7,S,32245048.02,20,20000000
"Samakhusi, K'",K,33377333.82,Samakhusi,34209111.27,3,3,W,31258615.52,13,39000000
"Budhanilkantha, K'",K,33377333.82,Budhanilkantha,39650175.48,6,5,N,30729924.74,12,33000000
"Chandol, K'",K,33377333.82,Chandol,39642083.64,9.3,6,E,32747439.5,20,85000000
"Hepali Height, K'",K,33377333.82,Hepali Height,36051111.34,5,4,N,30729924.74,16,60300000
"Imadol, L'",L,31597883.37,Imadol,25687202.2,3.1,4,S,32245048.02,16,16500000
"Imadol, L'",L,31597883.37,Imadol,25687202.2,3.1,4,NW,34218387,20,22500000
"Hepali Height, K'",K,33377333.82,Hepali Height,36051111.34,6.2,6,S,32245048.02,13,33000000
"Mandikhatar, K'",K,33377333.82,Mandikhatar,33778245.74,9.1,8,SW,37155594.23,16,75000000
"Imadol, L'",L,31597883.37,Imadol,25687202.2,3.1,5,W,31258615.52,13,27500000
"Bojepokhari, L'",L,31597883.37,Bojepokhari,31597883.37,3.2,6,E,32747439.5,12,28500000
"Hattigauda, K'",K,33377333.82,Hattigauda,40129495.1,4,6,E,32747439.5,14,31500000
"Tikathali, L'",L,31597883.37,Tikathali,24394856.6,4,7,N,30729924.74,13,27500000
"Imadol, L'",L,31597883.37,Imadol,25687202.2,3,6,E,32747439.5,13,23500000
"Thaiba, L'",L,31597883.37,Thaiba,31469343.16,5.2,6,NE,35380083.03,20,29000000
"Tikathali, L'",L,31597883.37,Tikathali,24394856.6,3,6,N,30729924.74,13,25500000
"Imadol, L'",L,31597883.37,Imadol,25687202.2,4,3,N,30729924.74,20,32500000
"Imadol, L'",L,31597883.37,Imadol,25687202.2,3.3,5,E,32747439.5,13,27000000
"Imadol, L'",L,31597883.37,Imadol,25687202.2,3.1,4,W,31258615.52,13,24500000
"Imadol, L'",L,31597883.37,Imadol,25687202.2,4.2,5,N,30729924.74,13,29500000
"Lasuntar, K'",K,33377333.82,Lasuntar,32481111.52,4,5,NE,35380083.03,12,25000000
"Khumaltar, L'",L,31597883.37,Khumaltar,35811618.07,6,6,S,32245048.02,13,45000000
"Imadol, L'",L,31597883.37,Imadol,25687202.2,2.3,4,E,32747439.5,13,24000000
"Imadol, L'",L,31597883.37,Imadol,25687202.2,2.2,4,N,30729924.74,13,23000000
"Imadol, L'",L,31597883.37,Imadol,25687202.2,4,4,SW,37155594.23,13,26500000
"Tikathali, L'",L,31597883.37,Tikathali,24394856.6,4.1,5,NW,34218387,13,32000000
"Imadol, L'",L,31597883.37,Imadol,25687202.2,3,5,E,32747439.5,13,29000000
"Imadol, L'",L,31597883.37,Imadol,25687202.2,3,6,W,31258615.52,20,27500000
"Tikathali, L'",L,31597883.37,Tikathali,24394856.6,3.2,6,NE,35380083.03,13,25500000
"Imadol, L'",L,31597883.37,Imadol,25687202.2,3.1,5,W,31258615.52,13,27500000
"Imadol, L'",L,31597883.37,Imadol,25687202.2,3.2,5,W,31258615.52,26,34000000
"Nakhu, L'",L,31597883.37,Nakhu,31374118.07,3.2,4,E,32747439.5,20,27500000
"Imadol, L'",L,31597883.37,Imadol,25687202.2,4.1,5,NE,35380083.03,20,42500000
"Sanagaun, L'",L,31597883.37,Sanagaun,29331922.25,5.2,4,NE,35380083.03,13,16000000
"Samakhusi, K'",K,33377333.82,Samakhusi,34209111.27,3.2,6,N,30729924.74,13,35500000
"Imadol, L'",L,31597883.37,Imadol,25687202.2,3,6,NE,35380083.03,13,27500000
"Lubhu, L'",L,31597883.37,Lubhu,27393622.83,7.1,6,E,32747439.5,20,59000000
"Bhaisepati, L'",L,31597883.37,Bhaisepati,39830061.41,4,4,NW,34218387,20,28500000
"Taukhel, L'",L,31597883.37,Taukhel,30706569.47,4,5,W,31258615.52,12,27500000
"Hattiban, L'",L,31597883.37,Hattiban,35023601.02,3.1,6,S,32245048.02,13,28000000
"Hattiban, L'",L,31597883.37,Hattiban,35023601.02,4,6,NW,34218387,14,32500000
"Sundarbasti, K'",K,33377333.82,Sundarbasti,32107222.42,4.2,6,E,32747439.5,13,39000000
"Narayanthan, K'",K,33377333.82,Narayanthan,37084889.21,4,4,W,31258615.52,20,42500000
"Katunje, B'",B,30105180.59,Katunje,29629317.16,4.1,5,SW,37155594.23,13,34000000
"Dhapasi, K'",K,33377333.82,Dhapasi,35561025.73,7,4,E,32747439.5,20,47500000
"Sundarbasti, K'",K,33377333.82,Sundarbasti,32107222.42,3.3,4,NE,35380083.03,13,34500000
"Nayapati, K'",K,33377333.82,Nayapati,33343030.74,6.1,11,W,31258615.52,20,29000000
"Imadol, L'",L,31597883.37,Imadol,25687202.2,2.9,5,SW,37155594.23,13,26500000
"Satdobato, L'",L,31597883.37,Satdobato,38589946.99,6,4,S,32245048.02,15,15000000
"Nakhipot, L'",L,31597883.37,Nakhipot,33737087.32,4.2,7,SE,33504792.57,16,42500000
"Khumaltar, L'",L,31597883.37,Khumaltar,35811618.07,4.2,6,S,32245048.02,12,42000000
"Basundhara, K'",K,33377333.82,Basundhara,33996041.82,3.2,7,S,32245048.02,20,27500000
"Jyotinagar, K'",K,33377333.82,Jyotinagar,32457255.19,4.2,5,N,30729924.74,16,29500000
"Kuleshwor, K'",K,33377333.82,Kuleshwor,33377333.82,2.2,7,E,32747439.5,27,45000000
"Bansbari, K'",K,33377333.82,Bansbari,37830175.69,7,4,S,32245048.02,14,21000000
"Khumaltar, L'",L,31597883.37,Khumaltar,35811618.07,4.3,6,N,30729924.74,16,39000000
"Dhapasi, K'",K,33377333.82,Dhapasi,35561025.73,7.2,4,S,32245048.02,13,46000000
"Bhangal, K'",K,33377333.82,Bhangal,27786495.85,3.2,6,E,32747439.5,13,24000000
"Mahadevtar, K'",K,33377333.82,Mahadevtar,38769524.16,10.2,8,SW,37155594.23,13,60000000
"Budhanilkantha, K'",K,33377333.82,Budhanilkantha,39650175.48,4.2,6,E,32747439.5,13,38500000
"Pasikot, K'",K,33377333.82,Pasikot,31132444.61,4,5,W,31258615.52,13,28000000
"Bhaisepati, L'",L,31597883.37,Bhaisepati,39830061.41,4.2,5,E,32747439.5,14,30000000
"Imadol, L'",L,31597883.37,Imadol,25687202.2,2.3,3,N,30729924.74,13,23000000
"Satdobato, L'",L,31597883.37,Satdobato,38589946.99,3,5,E,32747439.5,20,26000000
"Budhanilkantha, K'",K,33377333.82,Budhanilkantha,39650175.48,3,5,E,32747439.5,12,25500000
"Banasthali, K'",K,33377333.82,Banasthali,36538666.91,8,5,E,32747439.5,20,50000000
"Hattigauda, K'",K,33377333.82,Hattigauda,40129495.1,5.2,4,E,32747439.5,13,33000000
"Phutung, K'",K,33377333.82,Phutung,31639444.85,2.2,4,W,31258615.52,13,16000000
"Gurjudhara, K'",K,33377333.82,Gurjudhara,28584889.21,4,5,S,32245048.02,13,32500000
"Pasikot, K'",K,33377333.82,Pasikot,31132444.61,5.2,5,E,32747439.5,20,39000000
"Balkumari, L'",L,31597883.37,Balkumari,38873677.11,9,6,E,32747439.5,13,55000000
"Bhaisepati, L'",L,31597883.37,Bhaisepati,39830061.41,4.2,5,NW,34218387,16,42500000
"Imadol, L'",L,31597883.37,Imadol,25687202.2,4,4,S,32245048.02,13,31000000
"Sitapaila, K'",K,33377333.82,Sitapaila,31149607.91,5,5,S,32245048.02,13,35000000
"Balkhu, K'",K,33377333.82,Balkhu,34044889.21,3.2,4,E,32747439.5,20,37000000
"Tikathali, L'",L,31597883.37,Tikathali,24394856.6,3,6,E,32747439.5,13,28500000
"Imadol, L'",L,31597883.37,Imadol,25687202.2,4,7,E,32747439.5,13,36500000
"Grande Hospital, K'",K,33377333.82,Grande Hospital,33809123.06,3.2,6,S,32245048.02,13,33000000
"Hattigauda, K'",K,33377333.82,Hattigauda,40129495.1,6,5,S,32245048.02,20,62500000
"Hattigauda, K'",K,33377333.82,Hattigauda,40129495.1,8,7,S,32245048.02,13,75000000
"Imadol, L'",L,31597883.37,Imadol,25687202.2,3.1,3,W,31258615.52,30,35000000
"Imadol, L'",L,31597883.37,Imadol,25687202.2,3.2,4,E,32747439.5,13,31000000
"Gwarko, L'",L,31597883.37,Gwarko,29086036.25,3,6,NE,35380083.03,13,23500000
"Gwarko, L'",L,31597883.37,Gwarko,29086036.25,3,4,W,31258615.52,13,29500000
"Budhanilkantha, K'",K,33377333.82,Budhanilkantha,39650175.48,5,6,E,32747439.5,13,46500000
"Budhanilkantha, K'",K,33377333.82,Budhanilkantha,39650175.48,4,6,S,32245048.02,13,31500000
"Uttardhoka, K'",K,33377333.82,Uttardhoka,31706667.11,4,5,S,32245048.02,20,15000000
"Budhanilkantha, K'",K,33377333.82,Budhanilkantha,39650175.48,9,2,SE,33504792.57,13,22500000
"Imadol, L'",L,31597883.37,Imadol,25687202.2,2.3,4,E,32747439.5,13,19000000
"Satdobato, L'",L,31597883.37,Satdobato,38589946.99,3.3,4,W,31258615.52,13,31000000
"Bhaisepati, L'",L,31597883.37,Bhaisepati,39830061.41,4.2,4,E,32747439.5,20,43500000
"Gwarko, L'",L,31597883.37,Gwarko,29086036.25,3.1,5,N,30729924.74,12,22000000
"Imadol, L'",L,31597883.37,Imadol,25687202.2,4,5,E,32747439.5,13,31000000
"Sitapaila, K'",K,33377333.82,Sitapaila,31149607.91,6,6,W,31258615.52,20,55000000
"Gongabu, K'",K,33377333.82,Gongabu,35322539.91,7.1,10,N,30729924.74,12,60000000
"Imadol, L'",L,31597883.37,Imadol,25687202.2,3,5,N,30729924.74,13,28000000
"Ochu Height, L'",L,31597883.37,Ochu Height,31410519.63,3.1,6,N,30729924.74,13,27500000
"Gwarko, L'",L,31597883.37,Gwarko,29086036.25,3.2,5,S,32245048.02,13,29500000
"Lubhu, L'",L,31597883.37,Lubhu,27393622.83,2.3,5,W,31258615.52,23,19500000
"Imadol, L'",L,31597883.37,Imadol,25687202.2,4,6,E,32747439.5,16,28000000
"Imadol, L'",L,31597883.37,Imadol,25687202.2,3,3,E,32747439.5,14,29000000
"Imadol, L'",L,31597883.37,Imadol,25687202.2,3.2,5,E,32747439.5,13,29000000
"Imadol, L'",L,31597883.37,Imadol,25687202.2,3.2,4,E,32747439.5,13,29000000
"Bhaisepati, L'",L,31597883.37,Bhaisepati,39830061.41,5,4,E,32747439.5,13,45000000
"Dhapasi, K'",K,33377333.82,Dhapasi,35561025.73,2.3,4,NW,34218387,13,22500000
"Golfutar, K'",K,33377333.82,Golfutar,37927521.49,3,5,E,32747439.5,14,26000000
"Dadhikot, B'",B,30105180.59,Dadhikot,29927061.99,4.3,8,SW,37155594.23,13,33000000
"Harisiddhi, L'",L,31597883.37,Harisiddhi,28943268.54,3,3,S,32245048.02,20,27000000
"Imadol, L'",L,31597883.37,Imadol,25687202.2,4.1,5,S,32245048.02,13,27500000
"Mulpani, K'",K,33377333.82,Mulpani,27382807.27,2.2,5,E,32747439.5,12,16000000
"Bafal, K'",K,33377333.82,Bafal,37063333.51,7,6,W,31258615.52,14,47000000
"Imadol, L'",L,31597883.37,Imadol,25687202.2,3.1,4,S,32245048.02,13,25000000
"Imadol, L'",L,31597883.37,Imadol,25687202.2,3.2,4,W,31258615.52,13,25000000
"Sanepa, L'",L,31597883.37,Sanepa,44394230.18,7.2,6,S,32245048.02,13,90000000
"Sitapaila, K'",K,33377333.82,Sitapaila,31149607.91,4,9,N,30729924.74,12,23000000
"Lainchaur, K'",K,33377333.82,Lainchaur,33524848.93,8,8,S,32245048.02,8,35000000
"Greenhill City, K'",K,33377333.82,Greenhill City,31856111.52,4,8,W,31258615.52,11,27000000
"Sunakothi, L'",L,31597883.37,Sunakothi,34811177.11,9,5,S,32245048.02,20,85000000
"Hattiban, L'",L,31597883.37,Hattiban,35023601.02,5,5,NW,34218387,20,70000000
"Hattiban, L'",L,31597883.37,Hattiban,35023601.02,3.3,3,NW,34218387,22,35000000
"Lolang, K'",K,33377333.82,Lolang,26742083.64,3,11,W,31258615.52,10,18000000
"Dhapakhel, L'",L,31597883.37,Dhapakhel,28586036.25,3,6,N,30729924.74,16,25000000
"Shantinagar, K'",K,33377333.82,Shantinagar,36121026.01,3,9,S,32245048.02,13,45000000
"Dakshindhoka, K'",K,33377333.82,Dakshindhoka,33377333.82,3,3,NE,35380083.03,20,26000000
"Budhanilkantha, K'",K,33377333.82,Budhanilkantha,39650175.48,4,6,W,31258615.52,13,34500000
"Budhanilkantha, K'",K,33377333.82,Budhanilkantha,39650175.48,5,6,SW,37155594.23,14,37500000
"Mhaipi, K'",K,33377333.82,Mhaipi,33481111.52,5.1,4,N,30729924.74,20,42500000
"Dadhikot, B'",B,30105180.59,Dadhikot,29927061.99,5,4,E,32747439.5,10,30000000
"Mandikhatar, K'",K,33377333.82,Mandikhatar,33778245.74,8,6,NE,35380083.03,13,65000000
"Pasikot, K'",K,33377333.82,Pasikot,31132444.61,4.2,8,E,32747439.5,14,30000000
"Lolang, K'",K,33377333.82,Lolang,26742083.64,3,11,SE,33504792.57,12,17500000
"Satungal, K'",K,33377333.82,Satungal,29184889.21,4.2,4,NW,34218387,13,29500000
"Dhapakhel, L'",L,31597883.37,Dhapakhel,28586036.25,6,6,N,30729924.74,13,43000000
"Imadol, L'",L,31597883.37,Imadol,25687202.2,3.1,6,E,32747439.5,13,31000000
"Imadol, L'",L,31597883.37,Imadol,25687202.2,6.3,7,S,32245048.02,13,45000000
"Imadol, L'",L,31597883.37,Imadol,25687202.2,3,5,S,32245048.02,13,26500000
"Imadol, L'",L,31597883.37,Imadol,25687202.2,3.2,5,S,32245048.02,13,29500000
"Greenland Chowk, K'",K,33377333.82,Greenland Chowk,33752121.65,5,5,SE,33504792.57,20,37500000
"Tikathali, L'",L,31597883.37,Tikathali,24394856.6,3,4,S,32245048.02,13,25500000
"Sanagaun, L'",L,31597883.37,Sanagaun,29331922.25,2.3,5,S,32245048.02,20,22500000
"Tikathali, L'",L,31597883.37,Tikathali,24394856.6,3,9,E,32747439.5,13,28500000
"Deuba Chowk, K'",K,33377333.82,Deuba Chowk,39860833.64,6,8,W,31258615.52,13,60000000
"Kageshwori, K'",K,33377333.82,Kageshwori,31290256.78,2.2,3,E,32747439.5,13,16500000
"Budhanilkantha, K'",K,33377333.82,Budhanilkantha,39650175.48,4,10,N,30729924.74,13,33500000
"Wasik, K'",K,33377333.82,Wasik,33522778.18,5,9,W,31258615.52,13,27500000
"Bojepokhari, L'",L,31597883.37,Bojepokhari,31597883.37,3,7,N,30729924.74,13,22500000
"Imadol, L'",L,31597883.37,Imadol,25687202.2,3,7,E,32747439.5,13,25000000
"Sanagaun, L'",L,31597883.37,Sanagaun,29331922.25,5.3,6,E,32747439.5,15,28000000
"Imadol, L'",L,31597883.37,Imadol,25687202.2,2.2,5,S,32245048.02,13,26000000
"Imadol, L'",L,31597883.37,Imadol,25687202.2,3,4,W,31258615.52,13,28000000
"Imadol, L'",L,31597883.37,Imadol,25687202.2,3.2,5,W,31258615.52,13,27000000
"Imadol, L'",L,31597883.37,Imadol,25687202.2,3.3,5,NW,34218387,16,32500000
"Deuba Chowk, K'",K,33377333.82,Deuba Chowk,39860833.64,7,4,S,32245048.02,14,65000000
"Imadol, L'",L,31597883.37,Imadol,25687202.2,3,7,SW,37155594.23,13,27500000
"Thamel, K'",K,33377333.82,Thamel,32433939.84,2.3,5,E,32747439.5,10,23000000
"Budhanilkantha, K'",K,33377333.82,Budhanilkantha,39650175.48,5.2,4,SE,33504792.57,13,57500000
"Sitapaila, K'",K,33377333.82,Sitapaila,31149607.91,4,4,W,31258615.52,13,50000000
"Mid Baneshwor, K'",K,33377333.82,Mid Baneshwor,34897778.18,3,5,S,32245048.02,14,17500000
"Narayanthan, K'",K,33377333.82,Narayanthan,37084889.21,5,7,E,32747439.5,10,55000000
"Hepali Height, K'",K,33377333.82,Hepali Height,36051111.34,4.3,6,W,31258615.52,13,46500000
"Sanepa, L'",L,31597883.37,Sanepa,44394230.18,2.5,3,SE,33504792.57,13,35000000
"Baluwatar, K'",K,33377333.82,Baluwatar,43077101.66,6,8,S,32245048.02,10,76000000
"Manamaiju, K'",K,33377333.82,Manamaiju,34339608.13,9.1,4,SE,33504792.57,13,73500000
"Greenhill City, K'",K,33377333.82,Greenhill City,31856111.52,3,5,SE,33504792.57,13,23000000
"Budhanilkantha, K'",K,33377333.82,Budhanilkantha,39650175.48,6,6,SW,37155594.23,14,39000000
"Sainbu, L'",L,31597883.37,Sainbu,35731922.25,4,7,SE,33504792.57,18,35000000
"Thali, K'",K,33377333.82,Thali,29121026.01,2.2,5,E,32747439.5,12,16000000
"Balkot, B'",B,30105180.59,Balkot,31371147.63,3.3,5,W,31258615.52,13,28000000
"Budhanilkantha, K'",K,33377333.82,Budhanilkantha,39650175.48,4,10,W,31258615.52,16,40000000
"Pasikot, K'",K,33377333.82,Pasikot,31132444.61,3.2,4,S,32245048.02,20,22500000
"Bhaisepati, L'",L,31597883.37,Bhaisepati,39830061.41,4,4,S,32245048.02,15,29000000
"Jyotinagar, K'",K,33377333.82,Jyotinagar,32457255.19,3,4,S,32245048.02,20,26500000
"Bagdurbar, K'",K,33377333.82,Bagdurbar,33377333.82,4,6,S,32245048.02,13,30000000
"Pepsicola, K'",K,33377333.82,Pepsicola,36370158.96,6.2,6,S,32245048.02,20,55500000
"Bijulibajar, K'",K,33377333.82,Bijulibajar,38070303.47,6,8,SE,33504792.57,12,85000000
"Sundarbasti, K'",K,33377333.82,Sundarbasti,32107222.42,3.2,4,E,32747439.5,13,33800000
"Pepsicola, K'",K,33377333.82,Pepsicola,36370158.96,5,5,N,30729924.74,13,29000000
"Harisiddhi, L'",L,31597883.37,Harisiddhi,28943268.54,3.2,5,E,32747439.5,13,26000000
"Ghattekulo, K'",K,33377333.82,Ghattekulo,33297576.2,3.2,6,E,32747439.5,18,32500000
"Bhangal, K'",K,33377333.82,Bhangal,27786495.85,5.1,7,SW,37155594.23,13,45000000
"Nakhudole, L'",L,31597883.37,Nakhudole,29844525.67,4.2,4,S,32245048.02,4,15500000
"Baluwakhani, K'",K,33377333.82,Baluwakhani,31485833.64,3.2,6,W,31258615.52,10,27500000
"Lele, L'",L,31597883.37,Lele,35361712.15,6.4,4,SE,33504792.57,20,73000000
"Kapan, K'",K,33377333.82,Kapan,25155878.88,4,5,SE,33504792.57,13,32000000
"Khusibu, K'",K,33377333.82,Khusibu,32983809.87,4,4,W,31258615.52,26,39000000
"Imadol, L'",L,31597883.37,Imadol,25687202.2,9,6,E,32747439.5,13,60000000
"Nakhipot, L'",L,31597883.37,Nakhipot,33737087.32,7,6,SE,33504792.57,13,46000000
"Sitapaila, K'",K,33377333.82,Sitapaila,31149607.91,8.2,8,SE,33504792.57,12,49500000
"Pasikot, K'",K,33377333.82,Pasikot,31132444.61,5,8,S,32245048.02,13,28000000
"Samakhusi, K'",K,33377333.82,Samakhusi,34209111.27,6,10,E,32747439.5,24,60000000
"Imadol, L'",L,31597883.37,Imadol,25687202.2,2.3,3,E,32747439.5,13,21500000
"Baluwakhani, K'",K,33377333.82,Baluwakhani,31485833.64,3,4,SE,33504792.57,12,21500000
"Mahadevtar, K'",K,33377333.82,Mahadevtar,38769524.16,10.2,5,SW,37155594.23,13,60000000
"Sampang Chowk, L'",L,31597883.37,Sampang Chowk,31456569.47,4.2,7,NE,35380083.03,13,38000000
"Ganesh Chowk, K'",K,33377333.82,Ganesh Chowk,38723666.91,6,8,N,30729924.74,20,58000000
"Bhaisepati, L'",L,31597883.37,Bhaisepati,39830061.41,5,7,S,32245048.02,20,42500000
"Makalbari, K'",K,33377333.82,Makalbari,29184889.21,3.3,8,SE,33504792.57,12,27500000
"Thaiba, L'",L,31597883.37,Thaiba,31469343.16,6,3,S,32245048.02,20,50000000
"Icimod, L'",L,31597883.37,Icimod,31498075.79,4.3,6,W,31258615.52,13,39000000
"Imadol, L'",L,31597883.37,Imadol,25687202.2,4,3,S,32245048.02,14,42500000
"Tahachal, K'",K,33377333.82,Tahachal,37519524.16,4.1,4,N,30729924.74,20,56500000
"Lasuntar, K'",K,33377333.82,Lasuntar,32481111.52,4.1,4,E,32747439.5,13,31000000
"Imadol, L'",L,31597883.37,Imadol,25687202.2,3,6,E,32747439.5,16,22500000
"Imadol, L'",L,31597883.37,Imadol,25687202.2,7,4,S,32245048.02,16,45000000
"Lubhu, L'",L,31597883.37,Lubhu,27393622.83,3,5,S,32245048.02,13,22000000
"Imadol, L'",L,31597883.37,Imadol,25687202.2,4.2,4,E,32747439.5,13,45000000
"Thecho, L'",L,31597883.37,Thecho,30069916.69,9.3,6,S,32245048.02,12,85000000
"Nakhipot, L'",L,31597883.37,Nakhipot,33737087.32,2.5,4,E,32747439.5,13,20000000
"Naxal, K'",K,33377333.82,Naxal,41298333.64,4,3,W,31258615.52,13,55000000
"Bafal, K'",K,33377333.82,Bafal,37063333.51,3.2,4,NE,35380083.03,14,37000000
"Banasthali, K'",K,33377333.82,Banasthali,36538666.91,4,6,E,32747439.5,13,34000000
"Budhanilkantha, K'",K,33377333.82,Budhanilkantha,39650175.48,9,4,S,32245048.02,12,57500000
"Chundevi, K'",K,33377333.82,Chundevi,33377333.82,6,5,N,30729924.74,15,67500000
"Thankot, K'",K,33377333.82,Thankot,20753333.46,5,6,W,31258615.52,10,22000000
"Sampang Chowk, L'",L,31597883.37,Sampang Chowk,31456569.47,2.3,5,S,32245048.02,13,23000000
"Danchhi, K'",K,33377333.82,Danchhi,33377333.82,3.1,2,S,32245048.02,10,15000000
"New Baneshwor, K'",K,33377333.82,New Baneshwor,32756111.52,1.1,3,E,32747439.5,20,16800000
"Kadaghari, K'",K,33377333.82,Kadaghari,27845965.17,3,1,S,32245048.02,15,17300000
"Hattigauda, K'",K,33377333.82,Hattigauda,40129495.1,6.2,4,W,31258615.52,30,77000000
"Mahadevsthan, K'",K,33377333.82,Mahadevsthan,25938222.55,5,6,S,32245048.02,10,22000000
"Pasikot, K'",K,33377333.82,Pasikot,31132444.61,3.8,5,E,32747439.5,13,31000000
"Pasikot, K'",K,33377333.82,Pasikot,31132444.61,4,5,SE,33504792.57,13,29900000
"Gothatar, K'",K,33377333.82,Gothatar,32267017.8,3,5,S,32245048.02,10,21000000
"Dharmasthali, K'",K,33377333.82,Dharmasthali,29876667.01,4.2,2,NE,35380083.03,13,13000000
"Dulal Gaun, K'",K,33377333.82,Dulal Gaun,33377333.82,5.2,2,N,30729924.74,16,18500000
"Narayanthan, K'",K,33377333.82,Narayanthan,37084889.21,4,2,S,32245048.02,20,17000000
"Dhalmal, K'",K,33377333.82,Dhalmal,32752121.65,3.2,6,N,30729924.74,13,26500000
"Imadol, L'",L,31597883.37,Imadol,25687202.2,4,5,S,32245048.02,13,19500000
"Sainbu, L'",L,31597883.37,Sainbu,35731922.25,7.3,5,NE,35380083.03,17,85000000
"Saraswotinagar, K'",K,33377333.82,Saraswotinagar,33979394.38,3,3,W,31258615.52,27,23000000
"Thecho, L'",L,31597883.37,Thecho,30069916.69,4,5,N,30729924.74,13,32500000
"Thecho, L'",L,31597883.37,Thecho,30069916.69,4,4,S,32245048.02,10,26000000
"Imadol, L'",L,31597883.37,Imadol,25687202.2,3.2,8,N,30729924.74,13,29500000
"Baluwatar, K'",K,33377333.82,Baluwatar,43077101.66,8.2,6,E,32747439.5,14,68000000
"Dhapasi, K'",K,33377333.82,Dhapasi,35561025.73,2.2,4,S,32245048.02,15,15500000
"Budhanilkantha, K'",K,33377333.82,Budhanilkantha,39650175.48,3.2,6,E,32747439.5,13,34500000
"Hattigauda, K'",K,33377333.82,Hattigauda,40129495.1,3.2,6,E,32747439.5,13,25000000
"Sainbu, L'",L,31597883.37,Sainbu,35731922.25,5.1,5,NE,35380083.03,14,36500000
"Golfutar, K'",K,33377333.82,Golfutar,37927521.49,7,5,NE,35380083.03,13,54900000
"Dhapasi, K'",K,33377333.82,Dhapasi,35561025.73,9.2,6,E,32747439.5,13,75000000
"Chhauni, K'",K,33377333.82,Chhauni,32751795.25,6,4,W,31258615.52,12,37000000
"Dhapakhel, L'",L,31597883.37,Dhapakhel,28586036.25,4,6,S,32245048.02,20,38000000
"Mid Baneshwor, K'",K,33377333.82,Mid Baneshwor,34897778.18,7,5,E,32747439.5,26,67500000
"Gatthaghar, B'",B,30105180.59,Gatthaghar,31004709.63,5.2,5,W,31258615.52,13,40000000
"Hepali Height, K'",K,33377333.82,Hepali Height,36051111.34,5.2,5,NE,35380083.03,15,55000000
"Kapan, K'",K,33377333.82,Kapan,25155878.88,4.3,6,SE,33504792.57,13,31000000
"Thulo Bharayang, K'",K,33377333.82,Thulo Bharayang,30892083.64,3.3,4,SE,33504792.57,13,22000000
"Nakhipot, L'",L,31597883.37,Nakhipot,33737087.32,3.2,6,S,32245048.02,20,33000000
"Nakhipot, L'",L,31597883.37,Nakhipot,33737087.32,3,6,S,32245048.02,20,29000000
"Satdobato, L'",L,31597883.37,Satdobato,38589946.99,7.2,8,N,30729924.74,18,52500000
"Imadol, L'",L,31597883.37,Imadol,25687202.2,3.4,6,NW,34218387,16,39900000
"Hattiban, L'",L,31597883.37,Hattiban,35023601.02,7,5,S,32245048.02,20,55000000
"Imadol, L'",L,31597883.37,Imadol,25687202.2,3.1,7,S,32245048.02,20,27500000
"Naya Basti, K'",K,33377333.82,Naya Basti,33184889.21,5,5,W,31258615.52,20,35000000
"Sukedhara, K'",K,33377333.82,Sukedhara,35285287.52,4,4,S,32245048.02,13,38500000
"Kapan, K'",K,33377333.82,Kapan,25155878.88,3,6,W,31258615.52,13,25000000
"Mandikhatar, K'",K,33377333.82,Mandikhatar,33778245.74,5,6,S,32245048.02,20,27500000
"Grande Hospital, K'",K,33377333.82,Grande Hospital,33809123.06,4,3,W,31258615.52,14,32500000
"Matatirtha, K'",K,33377333.82,Matatirtha,31136410.63,3,2,NE,35380083.03,12,12000000
"Grande Hospital, K'",K,33377333.82,Grande Hospital,33809123.06,3.2,3,N,30729924.74,10,19000000
"Lambagar, K'",K,33377333.82,Lambagar,31314444.85,2.5,4,SE,33504792.57,8,16000000
"Budhanilkantha, K'",K,33377333.82,Budhanilkantha,39650175.48,3.3,3,W,31258615.52,13,24500000
"Satungal, K'",K,33377333.82,Satungal,29184889.21,3,7,SE,33504792.57,13,21000000
"Kapan, K'",K,33377333.82,Kapan,25155878.88,3.2,6,E,32747439.5,12,39000000
"Bhaisepati, L'",L,31597883.37,Bhaisepati,39830061.41,3.8,5,W,31258615.52,14,45000000
"Ekatabasti, K'",K,33377333.82,Ekatabasti,31739608.13,3,6,E,32747439.5,13,31000000
"Sitapaila, K'",K,33377333.82,Sitapaila,31149607.91,2.2,3,SE,33504792.57,13,23500000
"Balkumari, L'",L,31597883.37,Balkumari,38873677.11,4.3,5,S,32245048.02,13,47000000
"Birendra Chowk, K'",K,33377333.82,Birendra Chowk,33115758.02,4.2,5,S,32245048.02,13,30500000
"Dhaneshwor, K'",K,33377333.82,Dhaneshwor,31570303.47,3.2,7,S,32245048.02,12,20000000
"Kaushaltar, B'",B,30105180.59,Kaushaltar,29467986.13,3,4,S,32245048.02,12,30000000
"Nakhu, L'",L,31597883.37,Nakhu,31374118.07,4.1,4,SW,37155594.23,13,36000000
"Pasikot, K'",K,33377333.82,Pasikot,31132444.61,3.2,4,SE,33504792.57,13,28500000
"Gairgaun, K'",K,33377333.82,Gairgaun,33521026.01,3.3,5,SE,33504792.57,13,22000000
"Dhalmal, K'",K,33377333.82,Dhalmal,32752121.65,3.1,5,E,32747439.5,12,22000000
"Sanagaun, L'",L,31597883.37,Sanagaun,29331922.25,4,6,W,31258615.52,16,19000000
"Gurjudhara, K'",K,33377333.82,Gurjudhara,28584889.21,4,8,SE,33504792.57,26,30000000
"Bansbari, K'",K,33377333.82,Bansbari,37830175.69,5,3,N,30729924.74,13,10000000
"Hattiban, L'",L,31597883.37,Hattiban,35023601.02,3,4,SE,33504792.57,14,20000000
"Aarubari, K'",K,33377333.82,Aarubari,33524848.93,4,5,E,32747439.5,12,35000000
"Imadol, L'",L,31597883.37,Imadol,25687202.2,3.2,4,E,32747439.5,13,24000000
"Tokha, K'",K,33377333.82,Tokha,28346274.65,3,6,W,31258615.52,13,26500000
"Imadol, L'",L,31597883.37,Imadol,25687202.2,3.5,5,NE,35380083.03,12,26000000
"Bhangal, K'",K,33377333.82,Bhangal,27786495.85,5,5,E,32747439.5,20,40000000
"Matatirtha, K'",K,33377333.82,Matatirtha,31136410.63,4.2,5,NW,34218387,13,29000000
"Dharmasthali, K'",K,33377333.82,Dharmasthali,29876667.01,3.2,3,W,31258615.52,13,13000000
"Gongabu, K'",K,33377333.82,Gongabu,35322539.91,4,5,S,32245048.02,12,35000000
"Kapan, K'",K,33377333.82,Kapan,25155878.88,4.1,5,W,31258615.52,13,35500000
"Hattiban, L'",L,31597883.37,Hattiban,35023601.02,6.1,5,N,30729924.74,20,55000000
"Imadol, L'",L,31597883.37,Imadol,25687202.2,5,4,N,30729924.74,13,36000000
"Goldhunga, K'",K,33377333.82,Goldhunga,25889697.19,3,2,E,32747439.5,10,12000000
"Lubhu, L'",L,31597883.37,Lubhu,27393622.83,2.2,6,NE,35380083.03,13,17000000
"Imadol, L'",L,31597883.37,Imadol,25687202.2,3.1,5,E,32747439.5,20,27500000
"Hattiban, L'",L,31597883.37,Hattiban,35023601.02,8,7,N,30729924.74,16,65000000
"Budhanilkantha, K'",K,33377333.82,Budhanilkantha,39650175.48,4,6,E,32747439.5,13,36500000
"Nagarjun, K'",K,33377333.82,Nagarjun,30424927.75,4,7,NE,35380083.03,30,38700000
"Tokha, K'",K,33377333.82,Tokha,28346274.65,5.2,5,NE,35380083.03,12,45000000
"Hattigauda, K'",K,33377333.82,Hattigauda,40129495.1,4,4,SE,33504792.57,13,30000000
"Kalopool, K'",K,33377333.82,Kalopool,32147778.18,3.8,2,SE,33504792.57,15,22000000
"Sitapaila, K'",K,33377333.82,Sitapaila,31149607.91,3.3,6,W,31258615.52,20,26500000
"Kapan, K'",K,33377333.82,Kapan,25155878.88,3,2,E,32747439.5,12,16500000
"Bhaisepati, L'",L,31597883.37,Bhaisepati,39830061.41,5,7,SW,37155594.23,20,36000000
"Pasikot, K'",K,33377333.82,Pasikot,31132444.61,3,5,W,31258615.52,18,23000000
"Chunikhel, K'",K,33377333.82,Chunikhel,28784889.21,3,4,E,32747439.5,12,16000000
"Naikap, K'",K,33377333.82,Naikap,29692549.31,8.2,7,N,30729924.74,13,47500000
"Thulo Bharayang, K'",K,33377333.82,Thulo Bharayang,30892083.64,4,5,S,32245048.02,12,29000000
"Khusibu, K'",K,33377333.82,Khusibu,32983809.87,3.1,5,E,32747439.5,15,34000000
"Narayantar, K'",K,33377333.82,Narayantar,32876667.01,3,5,E,32747439.5,13,24500000
"Bafal, K'",K,33377333.82,Bafal,37063333.51,4,7,E,32747439.5,13,37500000
"Khumaltar, L'",L,31597883.37,Khumaltar,35811618.07,4.2,6,E,32747439.5,20,42500000
"Imadol, L'",L,31597883.37,Imadol,25687202.2,2.3,5,N,30729924.74,12,21500000
"Imadol, L'",L,31597883.37,Imadol,25687202.2,4,5,N,30729924.74,13,37500000
"Gwarko, L'",L,31597883.37,Gwarko,29086036.25,4,7,NW,34218387,13,47500000
"Imadol, L'",L,31597883.37,Imadol,25687202.2,2.3,4,S,32245048.02,13,23500000
"Koteshwor, K'",K,33377333.82,Koteshwor,38518222.55,4.2,7,E,32747439.5,25,47000000
"Bafal, K'",K,33377333.82,Bafal,37063333.51,8,6,S,32245048.02,20,90000000
"Nepaltar, K'",K,33377333.82,Nepaltar,31112381.3,3.2,8,S,32245048.02,13,22400000
"Kapan, K'",K,33377333.82,Kapan,25155878.88,3.3,7,S,32245048.02,13,26500000
"Dhapasi, K'",K,33377333.82,Dhapasi,35561025.73,4,6,S,32245048.02,15,39900000
"Kuleshwor, K'",K,33377333.82,Kuleshwor,33377333.82,3,6,E,32747439.5,18,33500000
"Sano thimi, B'",B,30105180.59,Sano Thimi,33337650.49,4,6,S,32245048.02,18,49000000
"Makalbari, K'",K,33377333.82,Makalbari,29184889.21,6.1,5,N,30729924.74,12,37000000
"Imadol, L'",L,31597883.37,Imadol,25687202.2,3,5,NW,34218387,20,27500000
"Bhaisepati, L'",L,31597883.37,Bhaisepati,39830061.41,6,4,S,32245048.02,20,64000000
"Durbar Marga, K'",K,33377333.82,Durbar Marga,33377333.82,7,12,W,31258615.52,14,40000000
"Taulung, K'",K,33377333.82,Taulung,34944102.94,5,2,E,32747439.5,14,40000000
"Phutung, K'",K,33377333.82,Phutung,31639444.85,4,4,S,32245048.02,20,29900000
"Bouddha, K'",K,33377333.82,Bouddha,36021026.01,6.2,7,E,32747439.5,20,45000000
"Budhanilkantha, K'",K,33377333.82,Budhanilkantha,39650175.48,4,7,NE,35380083.03,13,38500000
"Narayantar, K'",K,33377333.82,Narayantar,32876667.01,3.2,7,SW,37155594.23,16,37500000
"Imadol, L'",L,31597883.37,Imadol,25687202.2,3,4,E,32747439.5,20,25000000
"Nepaltar, K'",K,33377333.82,Nepaltar,31112381.3,3,11,E,32747439.5,9,19600000
"Jarankhu, K'",K,33377333.82,Jarankhu,32814444.85,5,5,E,32747439.5,22,28400000
"Nepaltar, K'",K,33377333.82,Nepaltar,31112381.3,3,9,E,32747439.5,9,16200000
"Maitrinagar, K'",K,33377333.82,Maitrinagar,35343030.74,6,10,NE,35380083.03,13,55000000
"Thimi, B'",B,30105180.59,Thimi,31913800.53,5,8,NW,34218387,20,50000000
"Bhangal, K'",K,33377333.82,Bhangal,27786495.85,4,4,W,31258615.52,12,27500000
"Kharibot, K'",K,33377333.82,Kharibot,33840952.73,5,7,E,32747439.5,16,42500000
"Dharmasthali, K'",K,33377333.82,Dharmasthali,29876667.01,4,4,N,30729924.74,20,21000000
"Imadol, L'",L,31597883.37,Imadol,25687202.2,2.3,4,E,32747439.5,13,23000000
"Imadol, L'",L,31597883.37,Imadol,25687202.2,3.3,5,S,32245048.02,20,42500000
"Setipakha, L'",L,31597883.37,Setipakha,28637712.98,3.1,4,NE,35380083.03,13,26500000
"Bhaisepati, L'",L,31597883.37,Bhaisepati,39830061.41,6,4,W,31258615.52,13,70000000
"Kapan, K'",K,33377333.82,Kapan,25155878.88,4,2,S,32245048.02,15,24000000
"Ochu Height, L'",L,31597883.37,Ochu Height,31410519.63,5,8,E,32747439.5,13,41000000
"Thapathali, K'",K,33377333.82,Thapathali,37490256.78,6.2,6,S,32245048.02,12,44500000
"Kharibot, K'",K,33377333.82,Kharibot,33840952.73,10.3,6,NE,35380083.03,13,45000000
"Manamaiju, K'",K,33377333.82,Manamaiju,34339608.13,3,6,S,32245048.02,22,27500000
"Imadol, L'",L,31597883.37,Imadol,25687202.2,3.2,4,E,32747439.5,20,45000000
"Budhanilkantha, K'",K,33377333.82,Budhanilkantha,39650175.48,8,5,SW,37155594.23,20,68000000
"Jyotinagar, K'",K,33377333.82,Jyotinagar,32457255.19,5.1,4,E,32747439.5,13,46500000
"Hattigauda, K'",K,33377333.82,Hattigauda,40129495.1,4.2,5,W,31258615.52,13,34500000
"Basundhara, K'",K,33377333.82,Basundhara,33996041.82,4.2,6,SE,33504792.57,16,42000000
"Imadol, L'",L,31597883.37,Imadol,25687202.2,3.2,4,E,32747439.5,14,43000000
"Imadol, L'",L,31597883.37,Imadol,25687202.2,3,5,W,31258615.52,13,25500000
"Imadol, L'",L,31597883.37,Imadol,25687202.2,3,5,S,32245048.02,13,27500000
"Harisiddhi, L'",L,31597883.37,Harisiddhi,28943268.54,3,4,W,31258615.52,20,27000000
"Thaiba, L'",L,31597883.37,Thaiba,31469343.16,3.2,4,E,32747439.5,13,24000000
"Dhapasi, K'",K,33377333.82,Dhapasi,35561025.73,3.2,4,N,30729924.74,14,29000000
"Chandol, K'",K,33377333.82,Chandol,39642083.64,5,7,N,30729924.74,12,36000000
"Tyanglafat, K'",K,33377333.82,Tyanglafat,35524848.93,7.2,4,E,32747439.5,20,57000000
"Ganesh Chowk, K'",K,33377333.82,Ganesh Chowk,38723666.91,4,4,W,31258615.52,13,41700000
"Budhanilkantha, K'",K,33377333.82,Budhanilkantha,39650175.48,3.1,6,E,32747439.5,13,29900000
"Imadol, L'",L,31597883.37,Imadol,25687202.2,3.2,6,E,32747439.5,12,20000000
"Setipakha, L'",L,31597883.37,Setipakha,28637712.98,4,8,W,31258615.52,13,26500000
"Budhanilkantha, K'",K,33377333.82,Budhanilkantha,39650175.48,8,9,N,30729924.74,13,55000000
"Sanagaun, L'",L,31597883.37,Sanagaun,29331922.25,5,7,E,32747439.5,20,33500000
"Imadol, L'",L,31597883.37,Imadol,25687202.2,2.5,1,S,32245048.02,10,14000000
"Tikathali, L'",L,31597883.37,Tikathali,24394856.6,3,5,S,32245048.02,13,25500000
"Imadol, L'",L,31597883.37,Imadol,25687202.2,4,6,W,31258615.52,15,32500000
"Sitapaila, K'",K,33377333.82,Sitapaila,31149607.91,3.1,4,N,30729924.74,18,22500000
"Tikathali, L'",L,31597883.37,Tikathali,24394856.6,3,7,S,32245048.02,13,23000000
"Pasikot, K'",K,33377333.82,Pasikot,31132444.61,4,5,SE,33504792.57,13,35000000
"Imadol, L'",L,31597883.37,Imadol,25687202.2,3.1,4,S,32245048.02,20,26500000
"Sanagaun, L'",L,31597883.37,Sanagaun,29331922.25,4,6,NE,35380083.03,13,29500000
"Tikathali, L'",L,31597883.37,Tikathali,24394856.6,3.1,2,NE,35380083.03,13,16000000
"Chapali, K'",K,33377333.82,Chapali,36408666.91,2.3,6,E,32747439.5,13,27000000
"Tikathali, L'",L,31597883.37,Tikathali,24394856.6,3,4,S,32245048.02,13,23000000
"Sundarbasti, K'",K,33377333.82,Sundarbasti,32107222.42,4.2,6,NE,35380083.03,13,38800000
"Mandikhatar, K'",K,33377333.82,Mandikhatar,33778245.74,4.1,7,E,32747439.5,13,39800000
"Budhanilkantha, K'",K,33377333.82,Budhanilkantha,39650175.48,5,5,W,31258615.52,13,43500000
"Syuchatar, K'",K,33377333.82,Syuchatar,27880494.01,3,4,NW,34218387,10,23000000
"Kalanki, K'",K,33377333.82,Kalanki,29237407.68,3,5,S,32245048.02,10,23000000
"Pepsicola, K'",K,33377333.82,Pepsicola,36370158.96,3.1,4,N,30729924.74,20,34000000
"Satungal, K'",K,33377333.82,Satungal,29184889.21,2.2,3,E,32747439.5,4,15000000
"Baneshwor, K'",K,33377333.82,Baneshwor,34728718.32,3,6,SW,37155594.23,20,38000000
"Mandikhatar, K'",K,33377333.82,Mandikhatar,33778245.74,4,6,S,32245048.02,13,37500000
"Tikathali, L'",L,31597883.37,Tikathali,24394856.6,4.2,8,N,30729924.74,13,42500000
"Imadol, L'",L,31597883.37,Imadol,25687202.2,4.1,5,N,30729924.74,13,34500000
"Imadol, L'",L,31597883.37,Imadol,25687202.2,3,5,N,30729924.74,13,26500000
"Imadol, L'",L,31597883.37,Imadol,25687202.2,3.1,5,S,32245048.02,13,31500000
"Tikathali, L'",L,31597883.37,Tikathali,24394856.6,3.3,5,S,32245048.02,13,37500000
"Buddha Chowk, K'",K,33377333.82,Buddha Chowk,33174872.17,5.2,5,E,32747439.5,13,39000000
"New Buspark, K'",K,33377333.82,New Buspark,37290256.78,6,6,W,31258615.52,4,40000000
"Chhauni, K'",K,33377333.82,Chhauni,32751795.25,3.2,5,S,32245048.02,13,35000000
"Bhaisepati, L'",L,31597883.37,Bhaisepati,39830061.41,4.1,4,W,31258615.52,20,58600000
"Balkot, B'",B,30105180.59,Balkot,31371147.63,9,5,N,30729924.74,26,45000000
"Dhumbarahi, K'",K,33377333.82,Dhumbarahi,38251555.88,5.2,8,NW,34218387,13,55000000
"Bansbari, K'",K,33377333.82,Bansbari,37830175.69,4.2,5,S,32245048.02,12,51000000
"Naya Basti, K'",K,33377333.82,Naya Basti,33184889.21,3.2,5,N,30729924.74,10,26000000
"Dhapasi, K'",K,33377333.82,Dhapasi,35561025.73,3,5,N,30729924.74,13,27000000
"Megha City, K'",K,33377333.82,Megha City,31197949.09,3.2,3,N,30729924.74,13,12000000
"Imadol, L'",L,31597883.37,Imadol,25687202.2,5.2,7,E,32747439.5,18,38500000
"Bansbari, K'",K,33377333.82,Bansbari,37830175.69,4.3,4,S,32245048.02,12,52000000
"Thaiba, L'",L,31597883.37,Thaiba,31469343.16,4.1,2,S,32245048.02,13,26000000
"Imadol, L'",L,31597883.37,Imadol,25687202.2,3.2,5,E,32747439.5,13,31000000
"Imadol, L'",L,31597883.37,Imadol,25687202.2,3,6,N,30729924.74,13,25500000
"Bojepokhari, L'",L,31597883.37,Bojepokhari,31597883.37,3.2,4,E,32747439.5,12,28500000
"Koteshwor, K'",K,33377333.82,Koteshwor,38518222.55,5,10,E,32747439.5,27,85000000
"Sunakothi, L'",L,31597883.37,Sunakothi,34811177.11,7,4,N,30729924.74,20,51500000
"Baniyatar, K'",K,33377333.82,Baniyatar,30735833.64,3.3,7,SW,37155594.23,13,27000000
"Kapan, K'",K,33377333.82,Kapan,25155878.88,3.2,6,N,30729924.74,13,29500000
"Budhanilkantha, K'",K,33377333.82,Budhanilkantha,39650175.48,3,6,N,30729924.74,13,28000000
"Mandikhatar, K'",K,33377333.82,Mandikhatar,33778245.74,6.2,4,NW,34218387,13,43500000
"Kalanki, K'",K,33377333.82,Kalanki,29237407.68,3.1,5,E,32747439.5,13,23500000
"Bouddha, K'",K,33377333.82,Bouddha,36021026.01,4,4,SE,33504792.57,8,25000000
"Dhapasi, K'",K,33377333.82,Dhapasi,35561025.73,6,4,E,32747439.5,20,51000000
"Sanepa, L'",L,31597883.37,Sanepa,44394230.18,6.7,5,NW,34218387,14,63500000
"Bhaisepati, L'",L,31597883.37,Bhaisepati,39830061.41,7,5,N,30729924.74,13,78000000
"Bhaisepati, L'",L,31597883.37,Bhaisepati,39830061.41,7,5,E,32747439.5,13,85000000
"Imadol, L'",L,31597883.37,Imadol,25687202.2,3,5,E,32747439.5,13,25000000
"Tikathali, L'",L,31597883.37,Tikathali,24394856.6,3,2,N,30729924.74,13,16500000
"Budhanilkantha, K'",K,33377333.82,Budhanilkantha,39650175.48,4,6,E,32747439.5,13,34500000
"Bafal, K'",K,33377333.82,Bafal,37063333.51,2.2,6,N,30729924.74,12,23500000
"Kalanki, K'",K,33377333.82,Kalanki,29237407.68,4.2,4,N,30729924.74,13,38500000
"Tikathali, L'",L,31597883.37,Tikathali,24394856.6,2.3,9,E,32747439.5,13,21500000
"Dhapasi, K'",K,33377333.82,Dhapasi,35561025.73,7,7,E,32747439.5,12,39000000
"Imadol, L'",L,31597883.37,Imadol,25687202.2,3,5,W,31258615.52,20,27500000
"Mandikhatar, K'",K,33377333.82,Mandikhatar,33778245.74,3.1,6,N,30729924.74,13,29500000
"Chandragiri, K'",K,33377333.82,Chandragiri,28210833.64,4,2,SE,33504792.57,10,16000000
"Maharajgunj, K'",K,33377333.82,Maharajgunj,44988666.91,10,6,NE,35380083.03,13,72500000
"Sundarbasti, K'",K,33377333.82,Sundarbasti,32107222.42,4.5,6,N,30729924.74,13,38500000
"Golfutar, K'",K,33377333.82,Golfutar,37927521.49,4,4,S,32245048.02,16,29500000
"Dhapasi, K'",K,33377333.82,Dhapasi,35561025.73,4,6,E,32747439.5,15,25000000
"Imadol, L'",L,31597883.37,Imadol,25687202.2,3,3,E,32747439.5,13,26000000
"Imadol, L'",L,31597883.37,Imadol,25687202.2,3.3,6,W,31258615.52,23,32500000
"Imadol, L'",L,31597883.37,Imadol,25687202.2,3.5,5,E,32747439.5,12,22500000
"Imadol, L'",L,31597883.37,Imadol,25687202.2,4.2,6,S,32245048.02,13,40000000
"Imadol, L'",L,31597883.37,Imadol,25687202.2,3.1,4,W,31258615.52,13,31500000
"Imadol, L'",L,31597883.37,Imadol,25687202.2,3.2,5,W,31258615.52,13,33000000
"Tikathali, L'",L,31597883.37,Tikathali,24394856.6,4.1,7,NW,34218387,13,27000000
"Setipakha, L'",L,31597883.37,Setipakha,28637712.98,2.3,4,E,32747439.5,13,22500000
"Ochu Height, L'",L,31597883.37,Ochu Height,31410519.63,3.3,6,S,32245048.02,16,33000000
"Raniban, K'",K,33377333.82,Raniban,35515185.46,3,6,E,32747439.5,20,36000000
"Ochu Height, L'",L,31597883.37,Ochu Height,31410519.63,4,6,W,31258615.52,16,37500000
"Nakhu, L'",L,31597883.37,Nakhu,31374118.07,5,4,E,32747439.5,13,39900000
"Changathali, L'",L,31597883.37,Changathali,28959910.28,4,7,E,32747439.5,10,17000000
"Ochu Height, L'",L,31597883.37,Ochu Height,31410519.63,3.2,5,S,32245048.02,13,24500000
"Imadol, L'",L,31597883.37,Imadol,25687202.2,4,5,W,31258615.52,13,35000000
"Pasikot, K'",K,33377333.82,Pasikot,31132444.61,3,4,NW,34218387,20,32000000
"Sitapaila, K'",K,33377333.82,Sitapaila,31149607.91,6,6,E,32747439.5,13,38000000
"Budhanilkantha, K'",K,33377333.82,Budhanilkantha,39650175.48,3,6,W,31258615.52,13,28000000
"changu Narayan, K'",K,33377333.82,Changu Narayan,31626667.01,3.3,4,N,30729924.74,10,31000000
"Sitapaila, K'",K,33377333.82,Sitapaila,31149607.91,5.1,4,E,32747439.5,13,38000000
"Pepsicola, K'",K,33377333.82,Pepsicola,36370158.96,4,4,E,32747439.5,20,32500000
"Pasikot, K'",K,33377333.82,Pasikot,31132444.61,5.1,5,E,32747439.5,10,32500000
"Kharibot, K'",K,33377333.82,Kharibot,33840952.73,3.2,6,N,30729924.74,13,29000000
"Pasikot, K'",K,33377333.82,Pasikot,31132444.61,3,6,SE,33504792.57,20,28000000
"Balkumari, L'",L,31597883.37,Balkumari,38873677.11,4.5,3,NE,35380083.03,16,66000000
"Nepaltar, K'",K,33377333.82,Nepaltar,31112381.3,3,7,E,32747439.5,11,21900000
"Nakhipot, L'",L,31597883.37,Nakhipot,33737087.32,3.2,5,S,32245048.02,13,28000000
"Ramkot, K'",K,33377333.82,Ramkot,29382807.27,3.3,3,SE,33504792.57,10,17500000
"Nakhipot, L'",L,31597883.37,Nakhipot,33737087.32,3.5,5,SW,37155594.23,20,27000000
"Hattiban, L'",L,31597883.37,Hattiban,35023601.02,3.2,6,S,32245048.02,13,25500000
"Tenzing Chowk, K'",K,33377333.82,Tenzing Chowk,32751795.25,4,5,E,32747439.5,13,36500000
"Mandikhatar, K'",K,33377333.82,Mandikhatar,33778245.74,3.1,6,W,31258615.52,13,29500000
"Old Baneshwor, K'",K,33377333.82,Old Baneshwor,33377333.82,3,6,E,32747439.5,16,45000000
"Dhobikhola, K'",K,33377333.82,Dhobikhola,34524848.93,3.5,5,NE,35380083.03,27,46000000
"Hattigauda, K'",K,33377333.82,Hattigauda,40129495.1,5,7,N,30729924.74,13,34500000
"Imadol, L'",L,31597883.37,Imadol,25687202.2,4,4,W,31258615.52,13,35000000
"Kapan, K'",K,33377333.82,Kapan,25155878.88,2.2,4,E,32747439.5,12,18800000
"Imadol, L'",L,31597883.37,Imadol,25687202.2,3,5,E,32747439.5,10,27000000
"Phutung, K'",K,33377333.82,Phutung,31639444.85,3,3,W,31258615.52,13,15000000
"Lolang, K'",K,33377333.82,Lolang,26742083.64,3,8,W,31258615.52,10,25500000
"Balkumari, L'",L,31597883.37,Balkumari,38873677.11,2.3,5,N,30729924.74,25,33000000
"Tikathali, L'",L,31597883.37,Tikathali,24394856.6,3.1,6,N,30729924.74,13,25000000
"Imadol, L'",L,31597883.37,Imadol,25687202.2,5,6,SW,37155594.23,13,37000000
"Kusunti, L'",L,31597883.37,Kusunti,31340991.25,5.2,4,E,32747439.5,13,39500000
"Imadol, L'",L,31597883.37,Imadol,25687202.2,3,5,W,31258615.52,13,27500000
"Imadol, L'",L,31597883.37,Imadol,25687202.2,2.3,4,N,30729924.74,10,22000000
"Dhapasi, K'",K,33377333.82,Dhapasi,35561025.73,3,4,W,31258615.52,20,12000000
"Bagbazar, K'",K,33377333.82,Bagbazar,32706667.11,5.1,4,NE,35380083.03,12,70000000
"Sukedhara, K'",K,33377333.82,Sukedhara,35285287.52,5.2,4,S,32245048.02,13,55000000
"Satdobato, L'",L,31597883.37,Satdobato,38589946.99,6.1,5,W,31258615.52,13,45000000
"Bistachhap, L'",L,31597883.37,Bistachhap,29289902.81,4,8,S,32245048.02,13,13500000
"Imadol, L'",L,31597883.37,Imadol,25687202.2,3.3,5,S,32245048.02,13,32500000
"Imadol, L'",L,31597883.37,Imadol,25687202.2,4,4,E,32747439.5,16,37500000
"Thankot, K'",K,33377333.82,Thankot,20753333.46,3,2,NE,35380083.03,10,14500000
"Maharajgunj, K'",K,33377333.82,Maharajgunj,44988666.91,4,4,E,32747439.5,14,24000000
"Dhumbarahi, K'",K,33377333.82,Dhumbarahi,38251555.88,4,3,E,32747439.5,10,38000000
"Kapan, K'",K,33377333.82,Kapan,25155878.88,4,6,W,31258615.52,13,29500000
"Kalanki, K'",K,33377333.82,Kalanki,29237407.68,4.2,5,NE,35380083.03,20,25500000
"Kapan, K'",K,33377333.82,Kapan,25155878.88,4,8,N,30729924.74,12,31000000
"Imadol, L'",L,31597883.37,Imadol,25687202.2,4,4,SE,33504792.57,20,42500000
"Maharajgunj, K'",K,33377333.82,Maharajgunj,44988666.91,3,4,W,31258615.52,20,30000000
"Budhanilkantha, K'",K,33377333.82,Budhanilkantha,39650175.48,4,6,S,32245048.02,13,34500000
"Sunakothi, L'",L,31597883.37,Sunakothi,34811177.11,3.2,4,SE,33504792.57,20,37500000
"Bhaisepati, L'",L,31597883.37,Bhaisepati,39830061.41,5,5,S,32245048.02,14,85000000
"Hattigauda, K'",K,33377333.82,Hattigauda,40129495.1,6.1,7,NE,35380083.03,14,34500000
"Panipokhari, K'",K,33377333.82,Panipokhari,37731111.52,3.2,7,NE,35380083.03,18,65000000
"Gokarneswhor, K'",K,33377333.82,Gokarneswhor,31126667.01,4,6,W,31258615.52,32,30000000
"Pasikot, K'",K,33377333.82,Pasikot,31132444.61,4,5,E,32747439.5,13,34000000
"Dhumbarahi, K'",K,33377333.82,Dhumbarahi,38251555.88,8,9,SE,33504792.57,12,67500000
"Budhanilkantha, K'",K,33377333.82,Budhanilkantha,39650175.48,6,6,S,32245048.02,16,47000000
"Gongabu, K'",K,33377333.82,Gongabu,35322539.91,4,6,W,31258615.52,20,60000000
"Khadka Gaun, K'",K,33377333.82,Khadka Gaun,31636410.63,4,5,W,31258615.52,13,33000000
"Budhanilkantha, K'",K,33377333.82,Budhanilkantha,39650175.48,4,6,N,30729924.74,13,34000000
"Lazimpat, K'",K,33377333.82,Lazimpat,33983809.87,4.3,6,NE,35380083.03,12,42000000
"Sunakothi, L'",L,31597883.37,Sunakothi,34811177.11,5,3,NE,35380083.03,20,37500000
"Bhaisepati, L'",L,31597883.37,Bhaisepati,39830061.41,6,4,NE,35380083.03,13,78000000
"Hattigauda, K'",K,33377333.82,Hattigauda,40129495.1,6.2,4,W,31258615.52,20,77000000
"Syuchatar, K'",K,33377333.82,Syuchatar,27880494.01,4,4,SE,33504792.57,18,38000000
"Gwarko, L'",L,31597883.37,Gwarko,29086036.25,2.3,2,S,32245048.02,13,15500000
"Imadol, L'",L,31597883.37,Imadol,25687202.2,3,4,E,32747439.5,13,23500000
"Thaiba, L'",L,31597883.37,Thaiba,31469343.16,3.3,4,S,32245048.02,20,18000000
"Ochu Height, L'",L,31597883.37,Ochu Height,31410519.63,3.2,5,S,32245048.02,13,27000000
"Koteshwor, K'",K,33377333.82,Koteshwor,38518222.55,4,5,S,32245048.02,6,41500000
"Bhaisepati, L'",L,31597883.37,Bhaisepati,39830061.41,6,4,W,31258615.52,13,78000000
"Chardobato, B'",B,30105180.59,Chardobato,31095618.72,4.2,6,S,32245048.02,20,41000000
"Mandikhatar, K'",K,33377333.82,Mandikhatar,33778245.74,4.3,4,W,31258615.52,13,40000000
"Deuba Chowk, K'",K,33377333.82,Deuba Chowk,39860833.64,6,6,N,30729924.74,13,43500000
"Dhapasi, K'",K,33377333.82,Dhapasi,35561025.73,10,4,E,32747439.5,13,58000000
"Gothatar, K'",K,33377333.82,Gothatar,32267017.8,4,8,N,30729924.74,10,38000000
"Grande Hospital, K'",K,33377333.82,Grande Hospital,33809123.06,3.2,12,NW,34218387,13,30000000
"Sainbu, L'",L,31597883.37,Sainbu,35731922.25,4,5,N,30729924.74,15,30000000
"Thali, K'",K,33377333.82,Thali,29121026.01,3.5,4,N,30729924.74,10,15500000
"Kapan, K'",K,33377333.82,Kapan,25155878.88,4.1,6,NE,35380083.03,13,29500000
"Khumaltar, L'",L,31597883.37,Khumaltar,35811618.07,5,3,S,32245048.02,13,55000000
"Gaurighat, K'",K,33377333.82,Gaurighat,34751795.25,3,4,W,31258615.52,13,23000000
"Gwarko, L'",L,31597883.37,Gwarko,29086036.25,3.1,4,S,32245048.02,13,27000000
"Imadol, L'",L,31597883.37,Imadol,25687202.2,4,5,N,30729924.74,13,29000000
"Imadol, L'",L,31597883.37,Imadol,25687202.2,3.2,4,E,32747439.5,13,27500000
"Narayantar, K'",K,33377333.82,Narayantar,32876667.01,4.2,12,E,32747439.5,12,35000000
"Thali, K'",K,33377333.82,Thali,29121026.01,3.2,2,W,31258615.52,10,13300000
"Dhapasi, K'",K,33377333.82,Dhapasi,35561025.73,10,4,E,32747439.5,13,61000000
"Suryabinayak, B'",B,30105180.59,Suryabinayak,30105180.59,6,8,SE,33504792.57,10,82000000
"Budhanilkantha, K'",K,33377333.82,Budhanilkantha,39650175.48,5.3,6,NE,35380083.03,27,46000000
"Lubhu, L'",L,31597883.37,Lubhu,27393622.83,2.2,5,NE,35380083.03,13,17000000
"Jarankhu, K'",K,33377333.82,Jarankhu,32814444.85,3.2,4,SW,37155594.23,10,16000000
"Katunje, B'",B,30105180.59,Katunje,29629317.16,8,5,N,30729924.74,13,35000000
"Chyau Danda, L'",L,31597883.37,Chyau Danda,30907166.7,3,4,S,32245048.02,20,24000000
"Naya Basti, K'",K,33377333.82,Naya Basti,33184889.21,4,5,N,30729924.74,10,33000000
"Nagdaha, L'",L,31597883.37,Nagdaha,29873236.14,4,4,S,32245048.02,20,41500000
"Thecho, L'",L,31597883.37,Thecho,30069916.69,4,4,N,30729924.74,16,19000000
"Mandikhatar, K'",K,33377333.82,Mandikhatar,33778245.74,8,5,NE,35380083.03,13,65000000
"Icimod, L'",L,31597883.37,Icimod,31498075.79,4,5,W,31258615.52,13,30500000
"Imadol, L'",L,31597883.37,Imadol,25687202.2,4,3,N,30729924.74,26,40000000
"Godawari, L'",L,31597883.37,Godawari,32534439.43,5,5,N,30729924.74,20,41900000
"Chunikhel, K'",K,33377333.82,Chunikhel,28784889.21,3,7,S,32245048.02,10,25000000
"Gairgaun, K'",K,33377333.82,Gairgaun,33521026.01,5,4,N,30729924.74,12,51000000
"Chabahil, K'",K,33377333.82,Chabahil,34221961.07,6.2,4,W,31258615.52,8,35000000
"Matatirtha, K'",K,33377333.82,Matatirtha,31136410.63,4,3,NE,35380083.03,13,18000000
"Bansbari, K'",K,33377333.82,Bansbari,37830175.69,6.2,6,SE,33504792.57,13,55000000
"Bhaisepati, L'",L,31597883.37,Bhaisepati,39830061.41,4.2,3,SE,33504792.57,10,55000000
"Swayambhu, K'",K,33377333.82,Swayambhu,29874920.87,2.2,5,S,32245048.02,20,27500000
"Bafal, K'",K,33377333.82,Bafal,37063333.51,5,5,S,32245048.02,13,36500000
"Chapali, K'",K,33377333.82,Chapali,36408666.91,6,5,S,32245048.02,13,61500000
"Chandragiri, K'",K,33377333.82,Chandragiri,28210833.64,3.2,6,SE,33504792.57,10,17000000
"Imadol, L'",L,31597883.37,Imadol,25687202.2,3,4,W,31258615.52,13,25500000
"Imadol, L'",L,31597883.37,Imadol,25687202.2,4,5,E,32747439.5,13,32500000
"Imadol, L'",L,31597883.37,Imadol,25687202.2,3.5,6,S,32245048.02,13,26500000
"Hattiban, L'",L,31597883.37,Hattiban,35023601.02,3.2,5,SE,33504792.57,13,20500000
"Manamaiju, K'",K,33377333.82,Manamaiju,34339608.13,4.2,6,SW,37155594.23,12,25000000
"Tripureshwor, K'",K,33377333.82,Tripureshwor,32564444.85,5,4,N,30729924.74,8,32000000
"Budhanilkantha, K'",K,33377333.82,Budhanilkantha,39650175.48,8.3,5,SW,37155594.23,13,51500000
"Dhapasi, K'",K,33377333.82,Dhapasi,35561025.73,10,4,E,32747439.5,13,58000000
"Kupandole, L'",L,31597883.37,Kupandole,34844525.67,5,10,E,32747439.5,20,64000000
"Banasthali, K'",K,33377333.82,Banasthali,36538666.91,2.5,3,E,32747439.5,13,23500000
"Kumaripati, L'",L,31597883.37,Kumaripati,32816257.61,6,7,S,32245048.02,15,45000000
"Swayambhu, K'",K,33377333.82,Swayambhu,29874920.87,3.1,6,NW,34218387,10,31500000
"Swayambhu, K'",K,33377333.82,Swayambhu,29874920.87,3,6,N,30729924.74,10,29500000
"Shantinagar, K'",K,33377333.82,Shantinagar,36121026.01,5.3,11,S,32245048.02,9,49800000
"Sundarbasti, K'",K,33377333.82,Sundarbasti,32107222.42,3.2,8,S,32245048.02,13,27000000
"Taukhel, L'",L,31597883.37,Taukhel,30706569.47,4.2,5,W,31258615.52,20,38000000
"Tahachal, K'",K,33377333.82,Tahachal,37519524.16,2.2,2,E,32747439.5,10,13500000
"Sundarbasti, K'",K,33377333.82,Sundarbasti,32107222.42,5,6,N,30729924.74,20,39500000
"Kapan, K'",K,33377333.82,Kapan,25155878.88,5.3,6,SE,33504792.57,13,32500000
"Imadol, L'",L,31597883.37,Imadol,25687202.2,3.2,5,W,31258615.52,20,27000000
"Imadol, L'",L,31597883.37,Imadol,25687202.2,3.3,4,NW,34218387,13,28500000
"Imadol, L'",L,31597883.37,Imadol,25687202.2,4.2,6,NE,35380083.03,13,25000000
"Imadol, L'",L,31597883.37,Imadol,25687202.2,3,5,SE,33504792.57,13,27500000
"Bhangal, K'",K,33377333.82,Bhangal,27786495.85,3.3,5,S,32245048.02,13,29000000
"Sundarbasti, K'",K,33377333.82,Sundarbasti,32107222.42,4,5,E,32747439.5,20,29800000
"Jhaukhel, B'",B,30105180.59,Jhaukhel,28641073.26,4.1,2,NE,35380083.03,10,14000000
"Imadol, L'",L,31597883.37,Imadol,25687202.2,3.2,4,S,32245048.02,13,27500000
"Imadol, L'",L,31597883.37,Imadol,25687202.2,3.1,5,N,30729924.74,13,26000000
"Tyanglafat, K'",K,33377333.82,Tyanglafat,35524848.93,3,7,NE,35380083.03,10,24500000
"Kageshwori, K'",K,33377333.82,Kageshwori,31290256.78,3,5,W,31258615.52,13,25500000
"Chandragiri, K'",K,33377333.82,Chandragiri,28210833.64,4,4,E,32747439.5,13,22500000
"Chandragiri, K'",K,33377333.82,Chandragiri,28210833.64,3,6,S,32245048.02,12,13100000
"Nayapati, K'",K,33377333.82,Nayapati,33343030.74,4,4,W,31258615.52,20,33000000
"Thaiba, L'",L,31597883.37,Thaiba,31469343.16,3.1,5,E,32747439.5,13,22000000
"Imadol, L'",L,31597883.37,Imadol,25687202.2,3.1,4,N,30729924.74,13,23500000
"Imadol, L'",L,31597883.37,Imadol,25687202.2,4,6,S,32245048.02,13,42500000
"Chandragiri, K'",K,33377333.82,Chandragiri,28210833.64,3,5,W,31258615.52,10,19000000
"Tokha, K'",K,33377333.82,Tokha,28346274.65,3.3,5,W,31258615.52,10,23000000
"Budhanilkantha, K'",K,33377333.82,Budhanilkantha,39650175.48,5,6,SE,33504792.57,15,40000000
"Thulo Bharayang, K'",K,33377333.82,Thulo Bharayang,30892083.64,3,4,W,31258615.52,13,30000000
"Chappal karkhana, K'",K,33377333.82,Chappal Karkhana,38412381.3,10,4,SE,33504792.57,14,62000000
"Pasikot, K'",K,33377333.82,Pasikot,31132444.61,5.1,5,S,32245048.02,14,38000000
"Nakhipot, L'",L,31597883.37,Nakhipot,33737087.32,3.2,9,E,32747439.5,20,25500000
"Imadol, L'",L,31597883.37,Imadol,25687202.2,2.3,6,W,31258615.52,13,21000000
"Dhobighat, L'",L,31597883.37,Dhobighat,36152217.98,9,5,S,32245048.02,12,76500000
"Budhanilkantha, K'",K,33377333.82,Budhanilkantha,39650175.48,2,6,W,31258615.52,12,25000000
"Gairgaun, K'",K,33377333.82,Gairgaun,33521026.01,3.1,6,N,30729924.74,10,25000000
"changu Narayan, K'",K,33377333.82,Changu Narayan,31626667.01,2.3,6,NW,34218387,13,25000000
"Gongabu, K'",K,33377333.82,Gongabu,35322539.91,3,5,NE,35380083.03,13,29000000
"Bhaisepati, L'",L,31597883.37,Bhaisepati,39830061.41,3.3,5,SW,37155594.23,15,31000000
"Budhanilkantha, K'",K,33377333.82,Budhanilkantha,39650175.48,9,5,N,30729924.74,18,45000000
"Goldhunga, K'",K,33377333.82,Goldhunga,25889697.19,2.2,5,E,32747439.5,13,15000000
"Bhaisepati, L'",L,31597883.37,Bhaisepati,39830061.41,5.2,5,SE,33504792.57,16,55000000
"Bhaisepati, L'",L,31597883.37,Bhaisepati,39830061.41,3.3,4,SE,33504792.57,13,32500000
"Lolang, K'",K,33377333.82,Lolang,26742083.64,4.3,8,E,32747439.5,10,25000000
"Thado Dhunga, L'",L,31597883.37,Thado Dhunga,34289902.81,9,5,SW,37155594.23,20,77500000
"Sunakothi, L'",L,31597883.37,Sunakothi,34811177.11,6,3,SE,33504792.57,20,42500000
"Bhaisepati, L'",L,31597883.37,Bhaisepati,39830061.41,3.3,5,N,30729924.74,22,35000000
"Bagdol, L'",L,31597883.37,Bagdol,35414902.81,5.3,7,SE,33504792.57,20,54000000
"Budhanilkantha, K'",K,33377333.82,Budhanilkantha,39650175.48,5,5,NW,34218387,15,45000000
"Pasikot, K'",K,33377333.82,Pasikot,31132444.61,5.1,5,SW,37155594.23,14,38000000
"Bhangal, K'",K,33377333.82,Bhangal,27786495.85,3.3,4,W,31258615.52,13,29500000
"Baluwakhani, K'",K,33377333.82,Baluwakhani,31485833.64,4,6,E,32747439.5,13,34500000
"Aakasedhara, K'",K,33377333.82,Aakasedhara,31751795.25,3.1,4,N,30729924.74,13,28500000
"Katunje, B'",B,30105180.59,Katunje,29629317.16,3,6,SE,33504792.57,20,20500000
"Rudreshwor, K'",K,33377333.82,Rudreshwor,41074902.25,5.1,4,S,32245048.02,13,50000000
"Golfutar, K'",K,33377333.82,Golfutar,37927521.49,3.2,5,W,31258615.52,16,29000000
"Bhaisepati, L'",L,31597883.37,Bhaisepati,39830061.41,4.2,4,SW,37155594.23,15,31000000
"Bauthali, K'",K,33377333.82,Bauthali,32615758.02,4.1,6,W,31258615.52,12,25000000
"Raniban, K'",K,33377333.82,Raniban,35515185.46,3.5,6,SW,37155594.23,14,31000000
"Goldhunga, K'",K,33377333.82,Goldhunga,25889697.19,3,4,N,30729924.74,12,29500000
"Tikathali, L'",L,31597883.37,Tikathali,24394856.6,3.2,5,E,32747439.5,13,29500000
"Kalopool, K'",K,33377333.82,Kalopool,32147778.18,4.2,2,S,32245048.02,4,30000000
"Bhaisepati, L'",L,31597883.37,Bhaisepati,39830061.41,5.3,3,SW,37155594.23,16,62500000
"Sitapaila, K'",K,33377333.82,Sitapaila,31149607.91,4,5,SE,33504792.57,13,31000000
"Nakhudole, L'",L,31597883.37,Nakhudole,29844525.67,4,3,W,31258615.52,20,29000000
"Imadol, L'",L,31597883.37,Imadol,25687202.2,3.1,4,N,30729924.74,13,26000000
"Bhaisepati, L'",L,31597883.37,Bhaisepati,39830061.41,4,5,SW,37155594.23,13,41000000
"Mandikhatar, K'",K,33377333.82,Mandikhatar,33778245.74,5,5,E,32747439.5,14,44500000
"Jyotinagar, K'",K,33377333.82,Jyotinagar,32457255.19,3.5,6,S,32245048.02,13,31500000
"Budhanilkantha, K'",K,33377333.82,Budhanilkantha,39650175.48,4.3,5,W,31258615.52,13,40000000
"Naya Basti, K'",K,33377333.82,Naya Basti,33184889.21,6.1,8,SW,37155594.23,20,50000000
"Bhaisepati, L'",L,31597883.37,Bhaisepati,39830061.41,3.3,4,SW,37155594.23,13,32500000
"High Vision Colony, K'",K,33377333.82,High Vision Colony,32706667.11,3.5,4,E,32747439.5,10,26000000
"Sitapaila, K'",K,33377333.82,Sitapaila,31149607.91,7,4,S,32245048.02,13,37500000
"Bhaisepati, L'",L,31597883.37,Bhaisepati,39830061.41,3.3,5,W,31258615.52,22,35000000
"Kupandole, L'",L,31597883.37,Kupandole,34844525.67,5,8,E,32747439.5,22,48000000
"Syuchatar, K'",K,33377333.82,Syuchatar,27880494.01,5.2,6,E,32747439.5,13,32500000
"Sunakothi, L'",L,31597883.37,Sunakothi,34811177.11,4.1,5,E,32747439.5,20,35000000
"Bhaisepati, L'",L,31597883.37,Bhaisepati,39830061.41,5,4,E,32747439.5,20,41000000
"Gahana Pokhari, K'",K,33377333.82,Gahana Pokhari,36706667.11,6.3,6,S,32245048.02,11,70000000
"Hattiban, L'",L,31597883.37,Hattiban,35023601.02,8,4,N,30729924.74,32,85000000
"Bistachhap, L'",L,31597883.37,Bistachhap,29289902.81,9.2,4,E,32747439.5,20,22000000
"Battisputali, K'",K,33377333.82,Battisputali,38397778.18,10,5,S,32245048.02,13,95000000
"Sundarbasti, K'",K,33377333.82,Sundarbasti,32107222.42,5,5,NE,35380083.03,13,39000000
"Besigaun, K'",K,33377333.82,Besigaun,32797576.2,3.1,6,SE,33504792.57,13,27000000
"Gokarneswhor, K'",K,33377333.82,Gokarneswhor,31126667.01,3,2,E,32747439.5,13,13000000
"Kusunti, L'",L,31597883.37,Kusunti,31340991.25,5.5,4,NE,35380083.03,13,40500000
"Khusibu, K'",K,33377333.82,Khusibu,32983809.87,2.2,6,E,32747439.5,26,32500000
"Pasikot, K'",K,33377333.82,Pasikot,31132444.61,6,6,SE,33504792.57,13,33000000
"Budhanilkantha, K'",K,33377333.82,Budhanilkantha,39650175.48,6.2,6,NE,35380083.03,15,62500000
"Baniyatar, K'",K,33377333.82,Baniyatar,30735833.64,3,4,W,31258615.52,10,20500000
"Bansbari, K'",K,33377333.82,Bansbari,37830175.69,7,4,S,32245048.02,13,50000000
"Imadol, L'",L,31597883.37,Imadol,25687202.2,3.3,5,NE,35380083.03,13,26000000
"Imadol, L'",L,31597883.37,Imadol,25687202.2,3.1,3,N,30729924.74,13,23500000
"Satdobato, L'",L,31597883.37,Satdobato,38589946.99,9.1,12,E,32747439.5,10,70000000
"Gaushala, K'",K,33377333.82,Gaushala,33297576.2,4,11,E,32747439.5,13,32500000
"Goldhunga, K'",K,33377333.82,Goldhunga,25889697.19,4,4,N,30729924.74,20,32000000
"Dhumbarahi, K'",K,33377333.82,Dhumbarahi,38251555.88,3.5,5,S,32245048.02,20,25000000
"Ganesh Chowk, K'",K,33377333.82,Ganesh Chowk,38723666.91,3.5,5,SW,37155594.23,14,32500000
"Nagarjun, K'",K,33377333.82,Nagarjun,30424927.75,3.1,4,NE,35380083.03,16,25000000
"Pepsicola, K'",K,33377333.82,Pepsicola,36370158.96,2.3,5,E,32747439.5,20,29000000
"Wasik, K'",K,33377333.82,Wasik,33522778.18,5.2,5,SW,37155594.23,13,41000000
"Thaiba, L'",L,31597883.37,Thaiba,31469343.16,5.2,4,SW,37155594.23,20,50000000
"Basundhara, K'",K,33377333.82,Basundhara,33996041.82,6.3,7,S,32245048.02,20,87500000
"Bhaisepati, L'",L,31597883.37,Bhaisepati,39830061.41,5,8,E,32747439.5,10,35000000
"Narayantar, K'",K,33377333.82,Narayantar,32876667.01,8.1,8,NW,34218387,12,53500000
"Sukedhara, K'",K,33377333.82,Sukedhara,35285287.52,4,6,S,32245048.02,14,39000000
"Ranibari, K'",K,33377333.82,Ranibari,33524848.93,4,6,W,31258615.52,22,35000000
"Goldhunga, K'",K,33377333.82,Goldhunga,25889697.19,3.2,5,W,31258615.52,10,25000000
"Bhaisepati, L'",L,31597883.37,Bhaisepati,39830061.41,6,6,SE,33504792.57,20,75000000
"Baluwakhani, K'",K,33377333.82,Baluwakhani,31485833.64,4,3,E,32747439.5,13,31500000
"Tenzing Chowk, K'",K,33377333.82,Tenzing Chowk,32751795.25,3.3,6,E,32747439.5,13,26500000
"Sukedhara, K'",K,33377333.82,Sukedhara,35285287.52,5,6,W,31258615.52,14,35000000
"Rudreshwor, K'",K,33377333.82,Rudreshwor,41074902.25,5.1,5,E,32747439.5,13,49000000
"Bafal, K'",K,33377333.82,Bafal,37063333.51,4,7,W,31258615.52,13,28500000
"changu Narayan, K'",K,33377333.82,Changu Narayan,31626667.01,2.2,4,W,31258615.52,9,21500000
"Basanti Chowk, K'",K,33377333.82,Basanti Chowk,32343030.74,3,4,S,32245048.02,10,22000000
"Tindhara, K'",K,33377333.82,Tindhara,32343030.74,3,6,N,30729924.74,26,22000000
"Buddha Chowk, K'",K,33377333.82,Buddha Chowk,33174872.17,3,4,W,31258615.52,10,24000000
"Hattigauda, K'",K,33377333.82,Hattigauda,40129495.1,6.2,4,NE,35380083.03,13,36500000
"Dhapakhel, L'",L,31597883.37,Dhapakhel,28586036.25,3.3,6,E,32747439.5,13,27000000
"Gwarko, L'",L,31597883.37,Gwarko,29086036.25,3.1,5,S,32245048.02,13,27000000
"Matatirtha, K'",K,33377333.82,Matatirtha,31136410.63,5.1,3,S,32245048.02,26,20000000
"Imadol, L'",L,31597883.37,Imadol,25687202.2,7,5,NE,35380083.03,20,36000000
"Sitapaila, K'",K,33377333.82,Sitapaila,31149607.91,4,5,N,30729924.74,10,27000000
"Bhaisepati, L'",L,31597883.37,Bhaisepati,39830061.41,3,5,W,31258615.52,12,30000000
"Bhaisepati, L'",L,31597883.37,Bhaisepati,39830061.41,5,5,W,31258615.52,20,51000000
"Kapan, K'",K,33377333.82,Kapan,25155878.88,4.1,6,E,32747439.5,13,29800000
"Imadol, L'",L,31597883.37,Imadol,25687202.2,3,5,E,32747439.5,13,23500000
"Satdobato, L'",L,31597883.37,Satdobato,38589946.99,10,13,S,32245048.02,13,70000000
"Syuchatar, K'",K,33377333.82,Syuchatar,27880494.01,3.2,6,S,32245048.02,13,25000000
"Sitapaila, K'",K,33377333.82,Sitapaila,31149607.91,4.1,4,SE,33504792.57,16,27500000
"Sitapaila, K'",K,33377333.82,Sitapaila,31149607.91,4.2,4,S,32245048.02,16,29500000
"Purano Naikap, K'",K,33377333.82,Purano Naikap,34706667.11,6.2,7,NE,35380083.03,13,48000000
"Battisputali, K'",K,33377333.82,Battisputali,38397778.18,3.5,7,W,31258615.52,20,32000000
"Sitapaila, K'",K,33377333.82,Sitapaila,31149607.91,5,5,E,32747439.5,13,31500000
"Thulo Bharayang, K'",K,33377333.82,Thulo Bharayang,30892083.64,2.2,3,S,32245048.02,10,15000000
"Jorpati, K'",K,33377333.82,Jorpati,31006111.52,3.2,5,S,32245048.02,10,23000000
"Balaju, K'",K,33377333.82,Balaju,33113333.71,9.1,6,W,31258615.52,10,57500000
"Sitapaila, K'",K,33377333.82,Sitapaila,31149607.91,2.3,3,NE,35380083.03,4,12000000
"Naikap, K'",K,33377333.82,Naikap,29692549.31,3.1,4,N,30729924.74,10,20000000
"Machhapokhari, K'",K,33377333.82,Machhapokhari,34356111.52,4,4,E,32747439.5,10,30000000
"Gothatar, K'",K,33377333.82,Gothatar,32267017.8,3.2,6,SE,33504792.57,10,26800000
"Dhapakhel, L'",L,31597883.37,Dhapakhel,28586036.25,4,6,SW,37155594.23,20,30000000
"Kageshwori, K'",K,33377333.82,Kageshwori,31290256.78,3.2,6,E,32747439.5,20,31000000
"Pepsicola, K'",K,33377333.82,Pepsicola,36370158.96,4.2,3,NE,35380083.03,36,50000000
"Budhanilkantha, K'",K,33377333.82,Budhanilkantha,39650175.48,8,13,W,31258615.52,13,53500000
"Satdobato, L'",L,31597883.37,Satdobato,38589946.99,3,4,E,32747439.5,13,26000000
"Bafal, K'",K,33377333.82,Bafal,37063333.51,3.1,5,W,31258615.52,13,24000000
"Maharajgunj, K'",K,33377333.82,Maharajgunj,44988666.91,3.7,2,SE,33504792.57,12,30000000
"Budhanilkantha, K'",K,33377333.82,Budhanilkantha,39650175.48,4,4,W,31258615.52,15,36000000
"Manamaiju, K'",K,33377333.82,Manamaiju,34339608.13,4,6,N,30729924.74,12,27500000
"Dhapasi, K'",K,33377333.82,Dhapasi,35561025.73,5,6,S,32245048.02,18,42500000
"Maharajgunj, K'",K,33377333.82,Maharajgunj,44988666.91,4,5,S,32245048.02,16,45000000
"Kadaghari, K'",K,33377333.82,Kadaghari,27845965.17,3.2,6,N,30729924.74,13,27000000
"Dhapasi, K'",K,33377333.82,Dhapasi,35561025.73,3.2,4,E,32747439.5,16,28500000
"Lolang, K'",K,33377333.82,Lolang,26742083.64,3,4,NE,35380083.03,12,35500000
"Tokha, K'",K,33377333.82,Tokha,28346274.65,4.2,4,E,32747439.5,13,29000000
"Nakhipot, L'",L,31597883.37,Nakhipot,33737087.32,4.2,5,W,31258615.52,20,32000000
"Goldhunga, K'",K,33377333.82,Goldhunga,25889697.19,4.2,4,E,32747439.5,20,30000000
"Italitar, K'",K,33377333.82,Italitar,37388485.29,8.1,5,E,32747439.5,20,77500000
"Machhe Gaun, K'",K,33377333.82,Machhe Gaun,28482564.48,3,8,W,31258615.52,13,14000000
"Rudreshwor, K'",K,33377333.82,Rudreshwor,41074902.25,5.1,4,E,32747439.5,16,50000000
"Imadol, L'",L,31597883.37,Imadol,25687202.2,3,2,S,32245048.02,13,16500000
"Nakhipot, L'",L,31597883.37,Nakhipot,33737087.32,3,4,S,32245048.02,13,24000000
"Chapali, K'",K,33377333.82,Chapali,36408666.91,3.3,5,NE,35380083.03,13,28000000
"Phulbari Colony, K'",K,33377333.82,Phulbari Colony,33377333.82,10,6,SE,33504792.57,20,92000000
"Jarankhu, K'",K,33377333.82,Jarankhu,32814444.85,4,7,W,31258615.52,13,35000000
"Koteshwor, K'",K,33377333.82,Koteshwor,38518222.55,3,6,N,30729924.74,26,27500000
"Charkhal, K'",K,33377333.82,Charkhal,32933939.84,4,8,SE,33504792.57,13,28500000
"Hattigauda, K'",K,33377333.82,Hattigauda,40129495.1,6.1,7,S,32245048.02,14,36500000
"Hattigauda, K'",K,33377333.82,Hattigauda,40129495.1,5,6,NE,35380083.03,15,45000000
"Matatirtha, K'",K,33377333.82,Matatirtha,31136410.63,8,8,S,32245048.02,16,20000000
"Balkhu, K'",K,33377333.82,Balkhu,34044889.21,8,7,W,31258615.52,20,72000000
"Golfutar, K'",K,33377333.82,Golfutar,37927521.49,3.2,4,S,32245048.02,16,25000000
"Taukhel, L'",L,31597883.37,Taukhel,30706569.47,4.2,4,N,30729924.74,8,30000000
"Chhauni, K'",K,33377333.82,Chhauni,32751795.25,3.2,5,E,32747439.5,13,26000000
"Mandikhatar, K'",K,33377333.82,Mandikhatar,33778245.74,2.7,6,S,32245048.02,13,18500000
"Deuba Chowk, K'",K,33377333.82,Deuba Chowk,39860833.64,4.3,5,S,32245048.02,13,45000000
"Hattigauda, K'",K,33377333.82,Hattigauda,40129495.1,5,6,N,30729924.74,13,45000000
"Nakhu, L'",L,31597883.37,Nakhu,31374118.07,5,4,E,32747439.5,13,39500000
"Hepali Height, K'",K,33377333.82,Hepali Height,36051111.34,4.2,3,SW,37155594.23,20,45000000
"Bhadrabas, K'",K,33377333.82,Bhadrabas,29897778.18,3,2,W,31258615.52,20,12500000
"Dhapasi, K'",K,33377333.82,Dhapasi,35561025.73,4,5,SE,33504792.57,20,41000000
"Bhaisepati, L'",L,31597883.37,Bhaisepati,39830061.41,3.3,4,E,32747439.5,13,38000000
"Dhapasi, K'",K,33377333.82,Dhapasi,35561025.73,4,6,E,32747439.5,13,37500000
"Hattigauda, K'",K,33377333.82,Hattigauda,40129495.1,6.2,6,E,32747439.5,14,65000000
"Hattiban, L'",L,31597883.37,Hattiban,35023601.02,8,4,S,32245048.02,20,90000000
"Balkhu, K'",K,33377333.82,Balkhu,34044889.21,2.3,3,N,30729924.74,20,24900000
"Bhaisepati, L'",L,31597883.37,Bhaisepati,39830061.41,5,4,S,32245048.02,16,45000000
"Rudreshwor, K'",K,33377333.82,Rudreshwor,41074902.25,6,5,S,32245048.02,13,59500000
"Jarankhu, K'",K,33377333.82,Jarankhu,32814444.85,4,8,N,30729924.74,13,35000000
"Paiyatar, K'",K,33377333.82,Paiyatar,28948095.59,4.3,5,W,31258615.52,12,30000000
"Budhanilkantha, K'",K,33377333.82,Budhanilkantha,39650175.48,5.1,4,E,32747439.5,15,50000000
"Ganesh Chowk, K'",K,33377333.82,Ganesh Chowk,38723666.91,5.2,5,SW,37155594.23,13,45000000
"Hattiban, L'",L,31597883.37,Hattiban,35023601.02,4.2,4,SW,37155594.23,20,46500000
"Kalikasthan, K'",K,33377333.82,Kalikasthan,34897778.18,1.3,4,E,32747439.5,30,25000000
"Budhanilkantha, K'",K,33377333.82,Budhanilkantha,39650175.48,4.1,5,S,32245048.02,13,29800000
"Dhapasi, K'",K,33377333.82,Dhapasi,35561025.73,4,4,NE,35380083.03,13,23000000
"Bhadrabas, K'",K,33377333.82,Bhadrabas,29897778.18,4,2,N,30729924.74,20,12500000
"Bagdol, L'",L,31597883.37,Bagdol,35414902.81,6,7,E,32747439.5,16,55000000
"Ganesh Chowk, K'",K,33377333.82,Ganesh Chowk,38723666.91,6.1,6,NE,35380083.03,12,67500000
"Kapan, K'",K,33377333.82,Kapan,25155878.88,5,6,N,30729924.74,13,36000000
"Siddhartha Colony, K'",K,33377333.82,Siddhartha Colony,33377333.82,3,6,E,32747439.5,20,35000000
"Narayanthan, K'",K,33377333.82,Narayanthan,37084889.21,3.3,5,S,32245048.02,16,42500000
"Nakhu, L'",L,31597883.37,Nakhu,31374118.07,5.2,4,SW,37155594.23,13,53000000
"Bhaisepati, L'",L,31597883.37,Bhaisepati,39830061.41,5,5,W,31258615.52,20,40000000
"Hattigauda, K'",K,33377333.82,Hattigauda,40129495.1,6.2,5,E,32747439.5,15,36500000
"Bhaisepati, L'",L,31597883.37,Bhaisepati,39830061.41,5,4,E,32747439.5,15,39900000
"Sundarbasti, K'",K,33377333.82,Sundarbasti,32107222.42,4.2,6,SE,33504792.57,20,38500000
"Sundarbasti, K'",K,33377333.82,Sundarbasti,32107222.42,5,6,NE,35380083.03,13,38500000
"Sitapaila, K'",K,33377333.82,Sitapaila,31149607.91,10.2,4,NW,34218387,20,67400000
"Gothatar, K'",K,33377333.82,Gothatar,32267017.8,3.2,2,E,32747439.5,20,14000000
"Gongabu, K'",K,33377333.82,Gongabu,35322539.91,4,11,S,32245048.02,13,31500000
"Bhaisepati, L'",L,31597883.37,Bhaisepati,39830061.41,4.2,5,SE,33504792.57,13,47500000
"Thaiba, L'",L,31597883.37,Thaiba,31469343.16,4.5,6,N,30729924.74,22,37000000
"Jarankhu, K'",K,33377333.82,Jarankhu,32814444.85,4,5,SE,33504792.57,12,25000000
"Dhapakhel, L'",L,31597883.37,Dhapakhel,28586036.25,4.2,4,W,31258615.52,26,18500000
"Sudal, B'",B,30105180.59,Sudal,26327061.99,3.3,10,E,32747439.5,10,21000000
"Khumaltar, L'",L,31597883.37,Khumaltar,35811618.07,6,6,NE,35380083.03,22,35000000
"Baluwa, K'",K,33377333.82,Baluwa,29964444.85,3.2,5,N,30729924.74,13,19000000
"Deuba Chowk, K'",K,33377333.82,Deuba Chowk,39860833.64,8,8,E,32747439.5,12,52500000
"Machhe Gaun, K'",K,33377333.82,Machhe Gaun,28482564.48,8,5,NE,35380083.03,13,45000000
"Imadol, L'",L,31597883.37,Imadol,25687202.2,3.2,4,NW,34218387,11,26500000
"Satdobato, L'",L,31597883.37,Satdobato,38589946.99,6.1,6,W,31258615.52,12,45000000
"Imadol, L'",L,31597883.37,Imadol,25687202.2,3.2,6,SW,37155594.23,20,27500000
"Sinamangal, K'",K,33377333.82,Sinamangal,34433939.84,5.2,5,W,31258615.52,13,45000000
"Khumaltar, L'",L,31597883.37,Khumaltar,35811618.07,5.2,7,W,31258615.52,18,42500000
"Radhe Radhe, B'",B,30105180.59,Radhe Radhe,31888600.45,8,6,SE,33504792.57,16,62500000
"Dhapakhel, L'",L,31597883.37,Dhapakhel,28586036.25,8.2,4,NE,35380083.03,13,42000000
"Chunikhel, K'",K,33377333.82,Chunikhel,28784889.21,3,4,S,32245048.02,20,15500000
"Dhapakhel, L'",L,31597883.37,Dhapakhel,28586036.25,3,3,SE,33504792.57,26,29000000
"Budhanilkantha, K'",K,33377333.82,Budhanilkantha,39650175.48,4,4,S,32245048.02,20,32000000
"Bhaisepati, L'",L,31597883.37,Bhaisepati,39830061.41,5,3,E,32747439.5,18,55000000
"Sanepa, L'",L,31597883.37,Sanepa,44394230.18,9.2,4,E,32747439.5,16,77500000
"Boharatar, K'",K,33377333.82,Boharatar,32433939.84,3,5,E,32747439.5,13,20000000
"Budhanilkantha, K'",K,33377333.82,Budhanilkantha,39650175.48,4,6,NE,35380083.03,25,48000000
"Jhamsikhel, L'",L,31597883.37,Jhamsikhel,29267602.59,3,4,E,32747439.5,20,40000000
"Bhaisepati, L'",L,31597883.37,Bhaisepati,39830061.41,3.2,5,N,30729924.74,20,36500000
"Grande Hospital, K'",K,33377333.82,Grande Hospital,33809123.06,5.2,5,E,32747439.5,21,53500000
"Bhaisepati, L'",L,31597883.37,Bhaisepati,39830061.41,5,4,SW,37155594.23,20,55000000
"Budhanilkantha, K'",K,33377333.82,Budhanilkantha,39650175.48,3.2,6,E,32747439.5,20,35000000
"Pepsicola, K'",K,33377333.82,Pepsicola,36370158.96,3,8,N,30729924.74,10,26000000
"Sano bharyang, K'",K,33377333.82,Sano Bharyang,33485287.52,5,4,N,30729924.74,20,45000000
"Sukedhara, K'",K,33377333.82,Sukedhara,35285287.52,7,4,E,32747439.5,12,70000000
"Thulo Bharayang, K'",K,33377333.82,Thulo Bharayang,30892083.64,3,5,N,30729924.74,13,35000000
"Imadol, L'",L,31597883.37,Imadol,25687202.2,2.2,4,N,30729924.74,13,20500000
"Thankot, K'",K,33377333.82,Thankot,20753333.46,4,4,S,32245048.02,13,30000000
"Lazimpat, K'",K,33377333.82,Lazimpat,33983809.87,2.2,4,N,30729924.74,10,22500000
"Tokha, K'",K,33377333.82,Tokha,28346274.65,3,5,S,32245048.02,11,24000000
"Khumaltar, L'",L,31597883.37,Khumaltar,35811618.07,4,4,E,32747439.5,26,40000000
"Kapan, K'",K,33377333.82,Kapan,25155878.88,3.1,4,E,32747439.5,13,16000000
"Budhanilkantha, K'",K,33377333.82,Budhanilkantha,39650175.48,5,6,NW,34218387,20,39000000
"Bansbari, K'",K,33377333.82,Bansbari,37830175.69,9.2,4,S,32245048.02,13,62500000
"Bansbari, K'",K,33377333.82,Bansbari,37830175.69,10,3,S,32245048.02,13,62500000
"Budhanilkantha, K'",K,33377333.82,Budhanilkantha,39650175.48,8,6,W,31258615.52,20,70000000
"Golfutar, K'",K,33377333.82,Golfutar,37927521.49,3.2,5,NE,35380083.03,20,31500000
"Rudreshwor, K'",K,33377333.82,Rudreshwor,41074902.25,6,5,S,32245048.02,15,57500000
"Budhanilkantha, K'",K,33377333.82,Budhanilkantha,39650175.48,8,5,SE,33504792.57,15,67500000
"Pasikot, K'",K,33377333.82,Pasikot,31132444.61,5,5,S,32245048.02,13,33500000
"Nepaltar, K'",K,33377333.82,Nepaltar,31112381.3,3,5,S,32245048.02,10,21000000
"Thankot, K'",K,33377333.82,Thankot,20753333.46,4,6,N,30729924.74,13,26000000
"Setipakha, L'",L,31597883.37,Setipakha,28637712.98,4,4,S,32245048.02,15,31000000
"Ekatabasti, K'",K,33377333.82,Ekatabasti,31739608.13,2.2,4,S,32245048.02,12,16000000
"Budhanilkantha, K'",K,33377333.82,Budhanilkantha,39650175.48,4,6,E,32747439.5,13,33500000
"Sorhakhutte, K'",K,33377333.82,Sorhakhutte,36884889.21,3.2,15,E,32747439.5,12,45000000
"Bhaisepati, L'",L,31597883.37,Bhaisepati,39830061.41,6,5,S,32245048.02,15,14000000
"Thado Dhunga, L'",L,31597883.37,Thado Dhunga,34289902.81,10,3,N,30729924.74,15,18000000
"Imadol, L'",L,31597883.37,Imadol,25687202.2,4,5,E,32747439.5,13,34500000
"Imadol, L'",L,31597883.37,Imadol,25687202.2,3,4,N,30729924.74,11,14500000
"Budhanilkantha, K'",K,33377333.82,Budhanilkantha,39650175.48,3.2,4,S,32245048.02,13,18500000
"Bhaisepati, L'",L,31597883.37,Bhaisepati,39830061.41,3.3,4,N,30729924.74,20,44000000
"Imadol, L'",L,31597883.37,Imadol,25687202.2,4.1,7,NE,35380083.03,20,36000000
"Budhanilkantha, K'",K,33377333.82,Budhanilkantha,39650175.48,7.3,4,S,32245048.02,24,75000000
"Budhanilkantha, K'",K,33377333.82,Budhanilkantha,39650175.48,5,7,SE,33504792.57,13,39500000
"Sitapaila, K'",K,33377333.82,Sitapaila,31149607.91,4.2,6,N,30729924.74,12,30000000
"Kapan, K'",K,33377333.82,Kapan,25155878.88,4.2,6,N,30729924.74,13,33800000
"Kapan, K'",K,33377333.82,Kapan,25155878.88,3,5,S,32245048.02,12,18500000
"Manbhawan, L'",L,31597883.37,Manbhawan,30543530.34,3,5,S,32245048.02,26,20000000
"Kapan, K'",K,33377333.82,Kapan,25155878.88,3,2,SW,37155594.23,12,14000000
"Budhanilkantha, K'",K,33377333.82,Budhanilkantha,39650175.48,4,5,N,30729924.74,13,26000000
"Grande Hospital, K'",K,33377333.82,Grande Hospital,33809123.06,4.3,4,N,30729924.74,16,39000000
"Nakhipot, L'",L,31597883.37,Nakhipot,33737087.32,2.9,4,S,32245048.02,20,29000000
"Lubhu, L'",L,31597883.37,Lubhu,27393622.83,2.5,4,S,32245048.02,13,17500000
"Budhanilkantha, K'",K,33377333.82,Budhanilkantha,39650175.48,4.5,6,N,30729924.74,13,33500000
"Panga, K'",K,33377333.82,Panga,32843030.74,4,13,N,30729924.74,12,27500000
"Budhanilkantha, K'",K,33377333.82,Budhanilkantha,39650175.48,6,6,SE,33504792.57,15,60000000
"Anamnagar, K'",K,33377333.82,Anamnagar,34106111.52,3,4,W,31258615.52,4,13000000
"Greenhill City, K'",K,33377333.82,Greenhill City,31856111.52,4,5,S,32245048.02,13,25500000
"Golfutar, K'",K,33377333.82,Golfutar,37927521.49,5.2,4,SE,33504792.57,13,39000000
"Budhanilkantha, K'",K,33377333.82,Budhanilkantha,39650175.48,7,5,SE,33504792.57,14,75000000
"Khumaltar, L'",L,31597883.37,Khumaltar,35811618.07,3.2,3,E,32747439.5,13,36500000
"Thaiba, L'",L,31597883.37,Thaiba,31469343.16,6,4,SE,33504792.57,20,45000000
"Bhaisepati, L'",L,31597883.37,Bhaisepati,39830061.41,3.3,4,N,30729924.74,20,41000000
"Naya Basti, K'",K,33377333.82,Naya Basti,33184889.21,3,7,S,32245048.02,10,20500000
"Gongabu, K'",K,33377333.82,Gongabu,35322539.91,3.1,8,W,31258615.52,10,37500000
"Golfutar, K'",K,33377333.82,Golfutar,37927521.49,4.2,3,W,31258615.52,16,43500000
"Dhapasi, K'",K,33377333.82,Dhapasi,35561025.73,3.3,5,SW,37155594.23,13,31000000
"Banasthali, K'",K,33377333.82,Banasthali,36538666.91,4,4,S,32245048.02,14,31000000
"Manjushree Marga, L'",L,31597883.37,Manjushree Marga,31597883.37,4,5,S,32245048.02,13,27500000
"Budhanilkantha, K'",K,33377333.82,Budhanilkantha,39650175.48,3,6,NW,34218387,15,32000000
"Handigaun, K'",K,33377333.82,Handigaun,35115758.02,7.2,7,S,32245048.02,15,52500000
"Chakupat, L'",L,31597883.37,Chakupat,34179893.97,6,5,S,32245048.02,13,60000000
"Deuba Chowk, K'",K,33377333.82,Deuba Chowk,39860833.64,7.1,8,E,32747439.5,13,70000000
"Satungal, K'",K,33377333.82,Satungal,29184889.21,4.3,2,E,32747439.5,14,21500000
"Hattigauda, K'",K,33377333.82,Hattigauda,40129495.1,6,6,E,32747439.5,15,57500000
"Naxal, K'",K,33377333.82,Naxal,41298333.64,10,6,E,32747439.5,12,82000000
"Bansbari, K'",K,33377333.82,Bansbari,37830175.69,6.2,6,N,30729924.74,13,55000000
"Mandikhatar, K'",K,33377333.82,Mandikhatar,33778245.74,3.1,4,E,32747439.5,13,28500000
"Samakhusi, K'",K,33377333.82,Samakhusi,34209111.27,3.3,5,N,30729924.74,15,30500000
"Budhanilkantha, K'",K,33377333.82,Budhanilkantha,39650175.48,5,8,N,30729924.74,20,69000000
"Budhanilkantha, K'",K,33377333.82,Budhanilkantha,39650175.48,6,4,S,32245048.02,15,47000000
"Budhanilkantha, K'",K,33377333.82,Budhanilkantha,39650175.48,3.2,4,SE,33504792.57,13,19000000
"Mahankal, K'",K,33377333.82,Mahankal,33388485.29,4,4,N,30729924.74,20,33500000
"Narayantar, K'",K,33377333.82,Narayantar,32876667.01,3.2,6,S,32245048.02,13,30000000
"Budhanilkantha, K'",K,33377333.82,Budhanilkantha,39650175.48,5,5,S,32245048.02,16,46500000
"Narayantar, K'",K,33377333.82,Narayantar,32876667.01,3,6,S,32245048.02,11,24000000
"Budhanilkantha, K'",K,33377333.82,Budhanilkantha,39650175.48,4,6,N,30729924.74,13,32000000
"Nagdaha, L'",L,31597883.37,Nagdaha,29873236.14,3.2,4,N,30729924.74,20,33000000
"Sorhakhutte, K'",K,33377333.82,Sorhakhutte,36884889.21,5,9,S,32245048.02,12,47500000
"Raniban, K'",K,33377333.82,Raniban,35515185.46,3.5,6,S,32245048.02,20,28000000
"Budhanilkantha, K'",K,33377333.82,Budhanilkantha,39650175.48,3.2,6,N,30729924.74,12,29000000
"Gongabu, K'",K,33377333.82,Gongabu,35322539.91,5,4,W,31258615.52,10,37000000
"Sampang Chowk, L'",L,31597883.37,Sampang Chowk,31456569.47,5.2,5,S,32245048.02,13,38500000
"Ganesh Chowk, K'",K,33377333.82,Ganesh Chowk,38723666.91,6.1,6,S,32245048.02,15,62000000
"Budhanilkantha, K'",K,33377333.82,Budhanilkantha,39650175.48,5,6,W,31258615.52,13,45000000
"Budhanilkantha, K'",K,33377333.82,Budhanilkantha,39650175.48,4.2,5,S,32245048.02,13,37500000
"Gwarko, L'",L,31597883.37,Gwarko,29086036.25,4.2,6,S,32245048.02,14,35500000
"Gothatar, K'",K,33377333.82,Gothatar,32267017.8,7,7,W,31258615.52,14,56000000
"Kalimati, K'",K,33377333.82,Kalimati,34174872.17,9.2,5,SE,33504792.57,13,92500000
"Nalinchwok, B'",B,30105180.59,Nalinchwok,28368345.99,3,3,N,30729924.74,8,11000000
"Samakhusi, K'",K,33377333.82,Samakhusi,34209111.27,4,6,N,30729924.74,13,33000000
"Dhumbarahi, K'",K,33377333.82,Dhumbarahi,38251555.88,6,5,SE,33504792.57,20,65000000
"Kharibot, K'",K,33377333.82,Kharibot,33840952.73,3,6,E,32747439.5,13,23500000
"Nakhu, L'",L,31597883.37,Nakhu,31374118.07,4.1,5,NE,35380083.03,10,36000000
"Ochu Height, L'",L,31597883.37,Ochu Height,31410519.63,3.2,4,W,31258615.52,13,22500000
"Imadol, L'",L,31597883.37,Imadol,25687202.2,3.1,4,N,30729924.74,16,25000000
"Tikathali, L'",L,31597883.37,Tikathali,24394856.6,3,6,SE,33504792.57,13,23000000
"Tikathali, L'",L,31597883.37,Tikathali,24394856.6,3,2,N,30729924.74,13,15000000
"Imadol, L'",L,31597883.37,Imadol,25687202.2,3.2,4,W,31258615.52,13,30000000
"Hattiban, L'",L,31597883.37,Hattiban,35023601.02,3.2,4,N,30729924.74,22,35000000
"Hattiban, L'",L,31597883.37,Hattiban,35023601.02,3.2,5,S,32245048.02,13,25000000
"Tikathali, L'",L,31597883.37,Tikathali,24394856.6,2.2,5,S,32245048.02,13,19500000
"Imadol, L'",L,31597883.37,Imadol,25687202.2,4,4,S,32245048.02,13,37500000
"Tikathali, L'",L,31597883.37,Tikathali,24394856.6,2.2,4,S,32245048.02,13,19500000
"Kapan, K'",K,33377333.82,Kapan,25155878.88,5.1,6,SE,33504792.57,13,38500000
"Chabahil, K'",K,33377333.82,Chabahil,34221961.07,5.2,5,SE,33504792.57,5,21500000
"Chapali, K'",K,33377333.82,Chapali,36408666.91,4.1,5,SW,37155594.23,15,33500000
"Budhanilkantha, K'",K,33377333.82,Budhanilkantha,39650175.48,3.1,4,N,30729924.74,18,26500000
"Budhanilkantha, K'",K,33377333.82,Budhanilkantha,39650175.48,6,6,N,30729924.74,13,37000000
"Lamatar, L'",L,31597883.37,Lamatar,29816257.61,3,2,SE,33504792.57,13,12000000
"Bafal, K'",K,33377333.82,Bafal,37063333.51,8.3,4,E,32747439.5,13,60000000
"Budhanilkantha, K'",K,33377333.82,Budhanilkantha,39650175.48,10,4,S,32245048.02,15,82000000
"Hattiban, L'",L,31597883.37,Hattiban,35023601.02,4.1,7,NE,35380083.03,13,39500000
"Karyabinayak, L'",L,31597883.37,Karyabinayak,31956569.47,3,3,S,32245048.02,20,35000000
"Gwarko, L'",L,31597883.37,Gwarko,29086036.25,2.1,6,W,31258615.52,13,25000000
"Mulpani, K'",K,33377333.82,Mulpani,27382807.27,4,6,W,31258615.52,12,15500000
"Sano bharyang, K'",K,33377333.82,Sano Bharyang,33485287.52,4.2,4,E,32747439.5,20,39500000
"Bhaisepati, L'",L,31597883.37,Bhaisepati,39830061.41,6.2,5,SW,37155594.23,13,62500000
"Kapan, K'",K,33377333.82,Kapan,25155878.88,3.1,5,N,30729924.74,13,24000000
"Deuba Chowk, K'",K,33377333.82,Deuba Chowk,39860833.64,8,8,E,32747439.5,13,49500000
"Pasikot, K'",K,33377333.82,Pasikot,31132444.61,5,6,NE,35380083.03,13,34000000
"Golfutar, K'",K,33377333.82,Golfutar,37927521.49,5,5,W,31258615.52,15,44500000
"Gurjudhara, K'",K,33377333.82,Gurjudhara,28584889.21,3.2,6,E,32747439.5,13,22000000
"Chunikhel, K'",K,33377333.82,Chunikhel,28784889.21,4.1,6,S,32245048.02,13,28500000
"Bhaisepati, L'",L,31597883.37,Bhaisepati,39830061.41,4,5,S,32245048.02,13,27500000
"Baluwakhani, K'",K,33377333.82,Baluwakhani,31485833.64,3.2,2,E,32747439.5,13,17000000
"Hasantar, K'",K,33377333.82,Hasantar,34752121.65,8,4,SE,33504792.57,20,48500000
"Golfutar, K'",K,33377333.82,Golfutar,37927521.49,6.1,5,W,31258615.52,14,65000000
"Bhaisepati, L'",L,31597883.37,Bhaisepati,39830061.41,4,4,SE,33504792.57,13,49500000
"Jyotinagar, K'",K,33377333.82,Jyotinagar,32457255.19,5,5,E,32747439.5,18,35000000
"Balkumari, L'",L,31597883.37,Balkumari,38873677.11,5.2,8,N,30729924.74,12,55000000
"Baluwakhani, K'",K,33377333.82,Baluwakhani,31485833.64,3,5,W,31258615.52,20,24500000
"Goldhunga, K'",K,33377333.82,Goldhunga,25889697.19,3.3,5,S,32245048.02,10,17000000
"Bhaisepati, L'",L,31597883.37,Bhaisepati,39830061.41,3,4,SE,33504792.57,16,25000000
"Sitapaila, K'",K,33377333.82,Sitapaila,31149607.91,4,7,S,32245048.02,12,30000000
"Pingalasthan, K'",K,33377333.82,Pingalasthan,34433939.84,5,7,SE,33504792.57,20,45000000
"Budhanilkantha, K'",K,33377333.82,Budhanilkantha,39650175.48,5,7,NE,35380083.03,13,44800000
"Rudreshwor, K'",K,33377333.82,Rudreshwor,41074902.25,5,5,W,31258615.52,13,35000000
"Budhanilkantha, K'",K,33377333.82,Budhanilkantha,39650175.48,9.1,4,SW,37155594.23,13,60000000
"Syuchatar, K'",K,33377333.82,Syuchatar,27880494.01,4.1,7,S,32245048.02,20,85000000
"Sundarbasti, K'",K,33377333.82,Sundarbasti,32107222.42,3.2,7,E,32747439.5,13,24900000
"Nikhileshwor, K'",K,33377333.82,Nikhileshwor,32106111.52,3.1,5,W,31258615.52,16,27500000
"Chunikhel, K'",K,33377333.82,Chunikhel,28784889.21,4.1,5,E,32747439.5,13,31500000
"Tokha, K'",K,33377333.82,Tokha,28346274.65,4,7,N,30729924.74,20,19000000
"Jyotinagar, K'",K,33377333.82,Jyotinagar,32457255.19,3.5,6,S,32245048.02,13,22500000
"Bafal, K'",K,33377333.82,Bafal,37063333.51,4.2,4,S,32245048.02,13,27500000
"Suryabinayak, B'",B,30105180.59,Suryabinayak,30105180.59,5.2,5,S,32245048.02,12,32200000
"Mhaipi, K'",K,33377333.82,Mhaipi,33481111.52,4.2,5,N,30729924.74,20,35000000
"Vinayak Colony, L'",L,31597883.37,Vinayak Colony,31597883.37,4.3,4,W,31258615.52,20,51000000
"Bhaisepati, L'",L,31597883.37,Bhaisepati,39830061.41,3.2,4,S,32245048.02,20,27500000
"Dhapakhel, L'",L,31597883.37,Dhapakhel,28586036.25,4,4,SW,37155594.23,27,40000000
"Budhanilkantha, K'",K,33377333.82,Budhanilkantha,39650175.48,6,6,NE,35380083.03,15,61000000
"Kadaghari, K'",K,33377333.82,Kadaghari,27845965.17,3,5,SW,37155594.23,13,26000000
"Syuchatar, K'",K,33377333.82,Syuchatar,27880494.01,4,4,S,32245048.02,20,39000000
"Makalbari, K'",K,33377333.82,Makalbari,29184889.21,3,5,W,31258615.52,13,19500000
"Kapan, K'",K,33377333.82,Kapan,25155878.88,4.2,6,E,32747439.5,13,28500000
"Tenzing Chowk, K'",K,33377333.82,Tenzing Chowk,32751795.25,8.2,6,SE,33504792.57,12,65500000
"Dhapasi, K'",K,33377333.82,Dhapasi,35561025.73,4.1,7,SE,33504792.57,16,36000000
"Nardevi, K'",K,33377333.82,Nardevi,31979394.38,1.1,7,E,32747439.5,5,18000000
"Paiyatar, K'",K,33377333.82,Paiyatar,28948095.59,3.1,7,W,31258615.52,10,18500000
"Dhapakhel, L'",L,31597883.37,Dhapakhel,28586036.25,3,5,NE,35380083.03,20,27000000
"Changathali, L'",L,31597883.37,Changathali,28959910.28,4.3,4,S,32245048.02,13,28500000
"Imadol, L'",L,31597883.37,Imadol,25687202.2,4,5,SE,33504792.57,13,33000000
"Imadol, L'",L,31597883.37,Imadol,25687202.2,3.3,6,W,31258615.52,20,36500000
"Imadol, L'",L,31597883.37,Imadol,25687202.2,4.2,5,E,32747439.5,13,36500000
"Balkot, B'",B,30105180.59,Balkot,31371147.63,3.2,4,S,32245048.02,13,25000000
"Tikathali, L'",L,31597883.37,Tikathali,24394856.6,4,4,E,32747439.5,13,22000000
"Imadol, L'",L,31597883.37,Imadol,25687202.2,3,4,E,32747439.5,12,23000000
"Sanagaun, L'",L,31597883.37,Sanagaun,29331922.25,3.1,4,S,32245048.02,16,22000000
"Imadol, L'",L,31597883.37,Imadol,25687202.2,3.3,4,SW,37155594.23,13,25000000
"Imadol, L'",L,31597883.37,Imadol,25687202.2,4,6,N,30729924.74,13,35000000
"Imadol, L'",L,31597883.37,Imadol,25687202.2,4,7,N,30729924.74,13,35000000
"Imadol, L'",L,31597883.37,Imadol,25687202.2,3,4,W,31258615.52,20,22000000
"Imadol, L'",L,31597883.37,Imadol,25687202.2,3.1,5,SE,33504792.57,10,23000000
"Imadol, L'",L,31597883.37,Imadol,25687202.2,3.3,4,E,32747439.5,13,28500000
"Imadol, L'",L,31597883.37,Imadol,25687202.2,3,4,W,31258615.52,13,26000000
"Balkhu, K'",K,33377333.82,Balkhu,34044889.21,6,8,SW,37155594.23,15,42500000
"Khumaltar, L'",L,31597883.37,Khumaltar,35811618.07,5.1,5,E,32747439.5,12,24000000
"Balkhu, K'",K,33377333.82,Balkhu,34044889.21,3,3,N,30729924.74,16,22300000
"Mandikhatar, K'",K,33377333.82,Mandikhatar,33778245.74,4,6,E,32747439.5,13,27500000
"Pepsicola, K'",K,33377333.82,Pepsicola,36370158.96,4.2,7,E,32747439.5,36,50000000
"Pasikot, K'",K,33377333.82,Pasikot,31132444.61,4.3,5,S,32245048.02,20,30000000
"Goldhunga, K'",K,33377333.82,Goldhunga,25889697.19,4.5,8,W,31258615.52,10,29900000
"Goldhunga, K'",K,33377333.82,Goldhunga,25889697.19,3,8,W,31258615.52,10,29900000
"Chunikhel, K'",K,33377333.82,Chunikhel,28784889.21,3,2,S,32245048.02,12,13300000
"Imadol, L'",L,31597883.37,Imadol,25687202.2,2.2,4,S,32245048.02,10,19000000
"Kapan, K'",K,33377333.82,Kapan,25155878.88,3.3,6,S,32245048.02,22,33000000
"Patan, L'",L,31597883.37,Patan,31597883.37,2,3,S,32245048.02,12,18000000
"Dhapasi, K'",K,33377333.82,Dhapasi,35561025.73,6,5,E,32747439.5,10,32500000
"Budhanilkantha, K'",K,33377333.82,Budhanilkantha,39650175.48,5.2,6,E,32747439.5,15,45000000
"Hattigauda, K'",K,33377333.82,Hattigauda,40129495.1,6,7,NE,35380083.03,14,37500000
"Baluwakhani, K'",K,33377333.82,Baluwakhani,31485833.64,5.1,7,E,32747439.5,13,34500000
"Jorpati, K'",K,33377333.82,Jorpati,31006111.52,2.2,3,S,32245048.02,12,14300000
"New Buspark, K'",K,33377333.82,New Buspark,37290256.78,9,6,E,32747439.5,13,85000000
"Mitrapark, K'",K,33377333.82,Mitrapark,39814444.85,10,7,E,32747439.5,13,95000000
"Boharatar, K'",K,33377333.82,Boharatar,32433939.84,3.1,4,E,32747439.5,13,23000000
"Chappal karkhana, K'",K,33377333.82,Chappal Karkhana,38412381.3,8.3,5,S,32245048.02,13,75000000
"Sitapaila, K'",K,33377333.82,Sitapaila,31149607.91,4,3,E,32747439.5,13,27500000
"Imadol, L'",L,31597883.37,Imadol,25687202.2,3.2,4,E,32747439.5,13,26000000
"Imadol, L'",L,31597883.37,Imadol,25687202.2,2.2,6,N,30729924.74,13,17500000
"Dhapasi, K'",K,33377333.82,Dhapasi,35561025.73,4,3,S,32245048.02,13,29500000
"Dholahiti, L'",L,31597883.37,Dholahiti,32361712.15,4,4,SW,37155594.23,27,40000000
"Jyotinagar, K'",K,33377333.82,Jyotinagar,32457255.19,4,7,SE,33504792.57,14,35000000
"Imadol, L'",L,31597883.37,Imadol,25687202.2,3.1,6,N,30729924.74,13,22500000
"Imadol, L'",L,31597883.37,Imadol,25687202.2,2.3,4,N,30729924.74,13,21000000
"Ochu Height, L'",L,31597883.37,Ochu Height,31410519.63,3,4,W,31258615.52,13,22500000
"Imadol, L'",L,31597883.37,Imadol,25687202.2,3.3,6,W,31258615.52,20,25500000
"Bhangal, K'",K,33377333.82,Bhangal,27786495.85,4,6,SE,33504792.57,18,27000000
"Sitapaila, K'",K,33377333.82,Sitapaila,31149607.91,5,4,N,30729924.74,13,29500000
"Goldhunga, K'",K,33377333.82,Goldhunga,25889697.19,3,4,E,32747439.5,16,20500000
"Mandikhatar, K'",K,33377333.82,Mandikhatar,33778245.74,3,10,SE,33504792.57,13,25000000
"Lolang, K'",K,33377333.82,Lolang,26742083.64,3,2,E,32747439.5,13,13800000
"Bhangal, K'",K,33377333.82,Bhangal,27786495.85,5,5,E,32747439.5,13,29500000
"Mandikhatar, K'",K,33377333.82,Mandikhatar,33778245.74,3.2,5,E,32747439.5,13,22200000
"Megha City, K'",K,33377333.82,Megha City,31197949.09,3.2,5,SE,33504792.57,13,29900000
"Kapan, K'",K,33377333.82,Kapan,25155878.88,3,2,E,32747439.5,10,11200000
"Ram Mandir, K'",K,33377333.82,Ram Mandir,32390952.73,4.2,6,SW,37155594.23,13,27200000
"Syuchatar, K'",K,33377333.82,Syuchatar,27880494.01,4,6,N,30729924.74,13,22400000
"Budhanilkantha, K'",K,33377333.82,Budhanilkantha,39650175.48,3,4,NE,35380083.03,10,29900000
"Grande Hospital, K'",K,33377333.82,Grande Hospital,33809123.06,4.1,6,SW,37155594.23,10,32800000
"Mandikhatar, K'",K,33377333.82,Mandikhatar,33778245.74,4,6,S,32245048.02,12,25000000
"Mandikhatar, K'",K,33377333.82,Mandikhatar,33778245.74,8,5,W,31258615.52,32,65000000
"Balambu, K'",K,33377333.82,Balambu,30521026.01,4,4,E,32747439.5,13,22500000
"Sainbu, L'",L,31597883.37,Sainbu,35731922.25,4.7,4,SW,37155594.23,13,35000000
"Ramkot, K'",K,33377333.82,Ramkot,29382807.27,3.2,6,W,31258615.52,16,26000000
"Sitapaila, K'",K,33377333.82,Sitapaila,31149607.91,3.8,4,W,31258615.52,14,35000000
"Thankot, K'",K,33377333.82,Thankot,20753333.46,3,8,E,32747439.5,13,22000000
"Bafal, K'",K,33377333.82,Bafal,37063333.51,3.2,6,S,32245048.02,13,45000000
"Ramkot, K'",K,33377333.82,Ramkot,29382807.27,7.2,9,E,32747439.5,16,42000000
"Raniban, K'",K,33377333.82,Raniban,35515185.46,3.2,4,N,30729924.74,20,32000000
"Sitapaila, K'",K,33377333.82,Sitapaila,31149607.91,7.2,5,NE,35380083.03,16,50000000
"Raniban, K'",K,33377333.82,Raniban,35515185.46,4.2,6,SW,37155594.23,20,42500000
"Raniban, K'",K,33377333.82,Raniban,35515185.46,4.3,3,E,32747439.5,20,42500000
"Golfutar, K'",K,33377333.82,Golfutar,37927521.49,8,7,N,30729924.74,14,77500000
"Kapan, K'",K,33377333.82,Kapan,25155878.88,4.6,5,SW,37155594.23,15,47500000
"Sano bharyang, K'",K,33377333.82,Sano Bharyang,33485287.52,10,8,W,31258615.52,14,50000000
"Sano bharyang, K'",K,33377333.82,Sano Bharyang,33485287.52,6.3,5,NW,34218387,16,35000000
"Budhanilkantha, K'",K,33377333.82,Budhanilkantha,39650175.48,1,6,W,31258615.52,20,90000000
"Dhapasi, K'",K,33377333.82,Dhapasi,35561025.73,1,5,E,32747439.5,20,70000000
"Lubhu, L'",L,31597883.37,Lubhu,27393622.83,3,3,SE,33504792.57,11,11000000
"Budhanilkantha, K'",K,33377333.82,Budhanilkantha,39650175.48,8,5,E,32747439.5,20,50000000
"Sukedhara, K'",K,33377333.82,Sukedhara,35285287.52,4,6,SE,33504792.57,12,32500000
"Chapali, K'",K,33377333.82,Chapali,36408666.91,4,5,NW,34218387,14,39900000
"Budhanilkantha, K'",K,33377333.82,Budhanilkantha,39650175.48,5,2,S,32245048.02,12,15000000
"Budhanilkantha, K'",K,33377333.82,Budhanilkantha,39650175.48,8,5,SE,33504792.57,20,52500000
"Budhanilkantha, K'",K,33377333.82,Budhanilkantha,39650175.48,4,6,E,32747439.5,13,26500000
"Sitapaila, K'",K,33377333.82,Sitapaila,31149607.91,4,6,E,32747439.5,13,25500000
"Narephate, K'",K,33377333.82,Narephate,32867179.86,6,6,E,32747439.5,20,33000000
"Sipadol, B'",B,30105180.59,Sipadol,26967986.13,3,7,E,32747439.5,10,20500000
"Sitapaila, K'",K,33377333.82,Sitapaila,31149607.91,4,4,E,32747439.5,13,24000000
"Dhapasi, K'",K,33377333.82,Dhapasi,35561025.73,6.1,6,SE,33504792.57,32,37000000
"Imadol, L'",L,31597883.37,Imadol,25687202.2,4,7,S,32245048.02,13,22000000
"Pepsicola, K'",K,33377333.82,Pepsicola,36370158.96,6.5,6,E,32747439.5,16,58500000
"Imadol, L'",L,31597883.37,Imadol,25687202.2,3,4,E,32747439.5,13,18500000
"Imadol, L'",L,31597883.37,Imadol,25687202.2,3,4,E,32747439.5,13,21000000
"Imadol, L'",L,31597883.37,Imadol,25687202.2,3,5,S,32245048.02,13,17500000
"Kapan, K'",K,33377333.82,Kapan,25155878.88,4,6,E,32747439.5,16,27500000
"Mandikhatar, K'",K,33377333.82,Mandikhatar,33778245.74,7,7,E,32747439.5,15,40000000
"Hattigauda, K'",K,33377333.82,Hattigauda,40129495.1,5,6,W,31258615.52,14,26500000
"Budhanilkantha, K'",K,33377333.82,Budhanilkantha,39650175.48,3.1,6,NE,35380083.03,18,22500000
"Tokha, K'",K,33377333.82,Tokha,28346274.65,9,9,E,32747439.5,13,40000000
"Sukedhara, K'",K,33377333.82,Sukedhara,35285287.52,3.5,6,E,32747439.5,15,30000000
"Budhanilkantha, K'",K,33377333.82,Budhanilkantha,39650175.48,5,5,N,30729924.74,13,33000000
"Budhanilkantha, K'",K,33377333.82,Budhanilkantha,39650175.48,4,5,W,31258615.52,13,30500000
"Mandikhatar, K'",K,33377333.82,Mandikhatar,33778245.74,3.1,2,SW,37155594.23,13,14000000
"Budhanilkantha, K'",K,33377333.82,Budhanilkantha,39650175.48,4,6,SE,33504792.57,13,28000000
"Tokha, K'",K,33377333.82,Tokha,28346274.65,4,10,SE,33504792.57,26,41000000
"Budhanilkantha, K'",K,33377333.82,Budhanilkantha,39650175.48,4.5,6,E,32747439.5,14,27000000
"Tokha, K'",K,33377333.82,Tokha,28346274.65,3.1,5,E,32747439.5,13,22000000
"Budhanilkantha, K'",K,33377333.82,Budhanilkantha,39650175.48,8,5,SE,33504792.57,15,37000000
"Baluwatar, K'",K,33377333.82,Baluwatar,43077101.66,6,4,SW,37155594.23,13,46000000
"Naikap, K'",K,33377333.82,Naikap,29692549.31,4,5,E,32747439.5,13,22500000
"Balkot, B'",B,30105180.59,Balkot,31371147.63,4.5,3,N,30729924.74,20,29000000
"Bazar, K'",K,33377333.82,Bazar,33979394.38,3,3,E,32747439.5,20,31000000
"Jorpati, K'",K,33377333.82,Jorpati,31006111.52,1,5,SW,37155594.23,12,21000000
"Makalbari, K'",K,33377333.82,Makalbari,29184889.21,4,7,W,31258615.52,10,20000000
"Sipadol, B'",B,30105180.59,Sipadol,26967986.13,3,7,W,31258615.52,20,19000000
"Dhapasi, K'",K,33377333.82,Dhapasi,35561025.73,2.4,8,S,32245048.02,12,40000000
"Imadol, L'",L,31597883.37,Imadol,25687202.2,3,2,W,31258615.52,20,12500000
"Imadol, L'",L,31597883.37,Imadol,25687202.2,3,5,E,32747439.5,20,19500000
"Imadol, L'",L,31597883.37,Imadol,25687202.2,3,5,W,31258615.52,20,22000000
"Imadol, L'",L,31597883.37,Imadol,25687202.2,4,4,E,32747439.5,20,21500000
"Imadol, L'",L,31597883.37,Imadol,25687202.2,3,4,NE,35380083.03,20,19500000
"Imadol, L'",L,31597883.37,Imadol,25687202.2,3,4,S,32245048.02,13,19000000
"Imadol, L'",L,31597883.37,Imadol,25687202.2,3,4,S,32245048.02,13,18000000
"Swayambhu, K'",K,33377333.82,Swayambhu,29874920.87,5,8,S,32245048.02,12,37000000
"Swayambhu, K'",K,33377333.82,Swayambhu,29874920.87,4,6,S,32245048.02,12,34000000
"Manamaiju, K'",K,33377333.82,Manamaiju,34339608.13,4,8,S,32245048.02,16,26000000
"Imadol, L'",L,31597883.37,Imadol,25687202.2,3.3,6,N,30729924.74,10,23500000
"Kalanki, K'",K,33377333.82,Kalanki,29237407.68,4,4,NW,34218387,10,17000000
"Imadol, L'",L,31597883.37,Imadol,25687202.2,3,2,S,32245048.02,13,12500000
"Tikathali, L'",L,31597883.37,Tikathali,24394856.6,3,2,S,32245048.02,13,12500000
"Imadol, L'",L,31597883.37,Imadol,25687202.2,3,4,NW,34218387,13,19000000
"Kadaghari, K'",K,33377333.82,Kadaghari,27845965.17,4,2,SW,37155594.23,20,15500000
"Bhaisepati, L'",L,31597883.37,Bhaisepati,39830061.41,3.51,3,E,32747439.5,40,16500000
"Manamaiju, K'",K,33377333.82,Manamaiju,34339608.13,3,5,W,31258615.52,14,17000000
"Godawari, L'",L,31597883.37,Godawari,32534439.43,5,3,W,31258615.52,16,12500000
"Imadol, L'",L,31597883.37,Imadol,25687202.2,4,5,NW,34218387,10,22000000
"Tikathali, L'",L,31597883.37,Tikathali,24394856.6,3,2,W,31258615.52,13,11000000
"Imadol, L'",L,31597883.37,Imadol,25687202.2,3,4,NE,35380083.03,13,13000000
"Hattisar, K'",K,33377333.82,Hattisar,35606111.52,5,3,S,32245048.02,20,50000000
"Tokha, K'",K,33377333.82,Tokha,28346274.65,5,6,N,30729924.74,14,30000000
"Bhaisepati, L'",L,31597883.37,Bhaisepati,39830061.41,4.3,4,S,32245048.02,12,31500000
"Harisiddhi, L'",L,31597883.37,Harisiddhi,28943268.54,3,3,SE,33504792.57,18,18000000
"Budhanilkantha, K'",K,33377333.82,Budhanilkantha,39650175.48,8,4,SW,37155594.23,20,57500000
"Shankhamul, K'",K,33377333.82,Shankhamul,35367179.86,3,7,W,31258615.52,12,35000000
"Chabahil, K'",K,33377333.82,Chabahil,34221961.07,2.5,6,E,32747439.5,20,25000000
"Golfutar, K'",K,33377333.82,Golfutar,37927521.49,4,5,S,32245048.02,20,37000000
"Budhanilkantha, K'",K,33377333.82,Budhanilkantha,39650175.48,5,5,E,32747439.5,20,36500000
"Sano bharyang, K'",K,33377333.82,Sano Bharyang,33485287.52,3,5,E,32747439.5,14,22500000
"Bharyang, K'",K,33377333.82,Bharyang,33998095.59,3,5,E,32747439.5,15,23500000
"Budhanilkantha, K'",K,33377333.82,Budhanilkantha,39650175.48,3,4,E,32747439.5,15,22500000
"Budhanilkantha, K'",K,33377333.82,Budhanilkantha,39650175.48,4,5,E,32747439.5,15,32500000
"Thankot, K'",K,33377333.82,Thankot,20753333.46,4,10,E,32747439.5,3,11000000
"Sukedhara, K'",K,33377333.82,Sukedhara,35285287.52,5,5,E,32747439.5,12,42500000
"Budhanilkantha, K'",K,33377333.82,Budhanilkantha,39650175.48,6,5,E,32747439.5,18,35000000
"Sukedhara, K'",K,33377333.82,Sukedhara,35285287.52,6,6,E,32747439.5,20,45000000
"Manamaiju, K'",K,33377333.82,Manamaiju,34339608.13,3.75,5,E,32747439.5,12,17000000
"Goldhunga, K'",K,33377333.82,Goldhunga,25889697.19,3,6,SE,33504792.57,10,16500000
"Sitapaila, K'",K,33377333.82,Sitapaila,31149607.91,3,4,E,32747439.5,13,20500000
"Imadol, L'",L,31597883.37,Imadol,25687202.2,4.75,7,NE,35380083.03,13,25000000
"Imadol, L'",L,31597883.37,Imadol,25687202.2,4,4,SW,37155594.23,20,21000000
"Kapan, K'",K,33377333.82,Kapan,25155878.88,1.26,6,S,32245048.02,13,18000000
"Gairgaun, K'",K,33377333.82,Gairgaun,33521026.01,5,4,E,32747439.5,14,55000000
"Budhanilkantha, K'",K,33377333.82,Budhanilkantha,39650175.48,6,5,NE,35380083.03,13,45000000
"Sano bharyang, K'",K,33377333.82,Sano Bharyang,33485287.52,3.1,6,E,32747439.5,14,22500000
"Swayambhu, K'",K,33377333.82,Swayambhu,29874920.87,3,6,E,32747439.5,13,23500000
"Bhaisepati, L'",L,31597883.37,Bhaisepati,39830061.41,4,4,NE,35380083.03,40,28200000
"Kadaghari, K'",K,33377333.82,Kadaghari,27845965.17,3,2,E,32747439.5,10,13000000
"Budhanilkantha, K'",K,33377333.82,Budhanilkantha,39650175.48,4,5,E,32747439.5,13,32500000
"Satungal, K'",K,33377333.82,Satungal,29184889.21,5,11,N,30729924.74,13,26000000
"Chapali, K'",K,33377333.82,Chapali,36408666.91,5,7,SE,33504792.57,13,24000000
"Dhapakhel, L'",L,31597883.37,Dhapakhel,28586036.25,2,3,W,31258615.52,12,17700000
"Pasikot, K'",K,33377333.82,Pasikot,31132444.61,3,5,NE,35380083.03,14,16800000
"Budhanilkantha, K'",K,33377333.82,Budhanilkantha,39650175.48,5.5,6,NE,35380083.03,30,34000000
"Budhanilkantha, K'",K,33377333.82,Budhanilkantha,39650175.48,3,5,SE,33504792.57,14,22500000
"Baluwatar, K'",K,33377333.82,Baluwatar,43077101.66,5,7,N,30729924.74,10,41000000
"Bhaisepati, L'",L,31597883.37,Bhaisepati,39830061.41,7,8,NW,34218387,12,37500000
"Tinthana, K'",K,33377333.82,Tinthana,30647778.18,3,5,E,32747439.5,13,16000000
"Tikathali, L'",L,31597883.37,Tikathali,24394856.6,4,6,W,31258615.52,20,21500000
"Baluwatar, K'",K,33377333.82,Baluwatar,43077101.66,6,5,S,32245048.02,13,60000000
"Thankot, K'",K,33377333.82,Thankot,20753333.46,3,6,W,31258615.52,23,13000000
"Nagarjun, K'",K,33377333.82,Nagarjun,30424927.75,3.25,5,N,30729924.74,15,17500000
"Bafal, K'",K,33377333.82,Bafal,37063333.51,4,7,S,32245048.02,10,31000000
"Imadol, L'",L,31597883.37,Imadol,25687202.2,3,5,NE,35380083.03,20,19500000
"Budhanilkantha, K'",K,33377333.82,Budhanilkantha,39650175.48,8,5,E,32747439.5,20,65000000
"Budhanilkantha, K'",K,33377333.82,Budhanilkantha,39650175.48,6,6,E,32747439.5,16,37000000
"Budhanilkantha, K'",K,33377333.82,Budhanilkantha,39650175.48,3,4,E,32747439.5,15,19000000
"Dhapasi, K'",K,33377333.82,Dhapasi,35561025.73,8,5,SE,33504792.57,22,65000000
"Imadol, L'",L,31597883.37,Imadol,25687202.2,3,5,W,31258615.52,20,19500000
"Sitapaila, K'",K,33377333.82,Sitapaila,31149607.91,4,8,W,31258615.52,14,24000000
"Tikathali, L'",L,31597883.37,Tikathali,24394856.6,1.1,5,E,32747439.5,15,20000000
"Imadol, L'",L,31597883.37,Imadol,25687202.2,4,6,W,31258615.52,13,23500000
"Jorpati, K'",K,33377333.82,Jorpati,31006111.52,3,4,S,32245048.02,18,24000000
"Tikathali, L'",L,31597883.37,Tikathali,24394856.6,9,4,S,32245048.02,15,40000000
"Balkot, B'",B,30105180.59,Balkot,31371147.63,5,4,S,32245048.02,28,39999999
"Shantinagar, K'",K,33377333.82,Shantinagar,36121026.01,7,7,W,31258615.52,13,43500000
"Basundhara, K'",K,33377333.82,Basundhara,33996041.82,2.5,4,E,32747439.5,16,22500000
"Golfutar, K'",K,33377333.82,Golfutar,37927521.49,6,6,E,32747439.5,15,45000000
"Chabahil, K'",K,33377333.82,Chabahil,34221961.07,4.5,5,E,32747439.5,14,49500000
"Baniyatar, K'",K,33377333.82,Baniyatar,30735833.64,3.5,6,NE,35380083.03,15,24000000
"Basundhara, K'",K,33377333.82,Basundhara,33996041.82,8,6,SW,37155594.23,20,45000000
"Basundhara, K'",K,33377333.82,Basundhara,33996041.82,10,7,S,32245048.02,15,60000000
"Basundhara, K'",K,33377333.82,Basundhara,33996041.82,2.5,5,E,32747439.5,14,22500000
"Sukedhara, K'",K,33377333.82,Sukedhara,35285287.52,6,8,SE,33504792.57,20,42000000
"Imadol, L'",L,31597883.37,Imadol,25687202.2,3,2,NE,35380083.03,10,13000000
"Imadol, L'",L,31597883.37,Imadol,25687202.2,3,2,N,30729924.74,10,12700000
"Imadol, L'",L,31597883.37,Imadol,25687202.2,2,2,W,31258615.52,16,11000000
"Imadol, L'",L,31597883.37,Imadol,25687202.2,3,2,W,31258615.52,13,12000000
"Tikathali, L'",L,31597883.37,Tikathali,24394856.6,3,2,E,32747439.5,13,12500000
"Budhanilkantha, K'",K,33377333.82,Budhanilkantha,39650175.48,3,8,N,30729924.74,10,19000000
"Tikathali, L'",L,31597883.37,Tikathali,24394856.6,3,2,S,32245048.02,13,11500000
"Tikathali, L'",L,31597883.37,Tikathali,24394856.6,4,2,NE,35380083.03,16,15000000
"Tikathali, L'",L,31597883.37,Tikathali,24394856.6,3,2,E,32747439.5,13,11000000
"Bhangal, K'",K,33377333.82,Bhangal,27786495.85,4,5,W,31258615.52,13,23000000
"Baluwatar, K'",K,33377333.82,Baluwatar,43077101.66,5.5,7,E,32747439.5,14,60000000
"Baluwatar, K'",K,33377333.82,Baluwatar,43077101.66,5.5,5,E,32747439.5,13,60000000
"Basundhara, K'",K,33377333.82,Basundhara,33996041.82,4,7,E,32747439.5,14,25500000
"Samakhusi, K'",K,33377333.82,Samakhusi,34209111.27,7,5,SE,33504792.57,14,55000000
"Kapan, K'",K,33377333.82,Kapan,25155878.88,3.3,5,E,32747439.5,13,24000000
"Samakhusi, K'",K,33377333.82,Samakhusi,34209111.27,7,5,S,32245048.02,14,55000000
"Basundhara, K'",K,33377333.82,Basundhara,33996041.82,3.75,7,SW,37155594.23,14,25500000
"Mandikhatar, K'",K,33377333.82,Mandikhatar,33778245.74,4,6,E,32747439.5,15,27500000
"Budhanilkantha, K'",K,33377333.82,Budhanilkantha,39650175.48,10,5,E,32747439.5,16,63000000
"Budhanilkantha, K'",K,33377333.82,Budhanilkantha,39650175.48,6,6,E,32747439.5,30,34500000
"Baluwatar, K'",K,33377333.82,Baluwatar,43077101.66,5.2,3,E,32747439.5,15,39500000
"Imadol, L'",L,31597883.37,Imadol,25687202.2,5,4,NE,35380083.03,4,12000000
"Tikathali, L'",L,31597883.37,Tikathali,24394856.6,3,2,E,32747439.5,13,12500000
"Imadol, L'",L,31597883.37,Imadol,25687202.2,3.75,4,W,31258615.52,13,23500000
"Imadol, L'",L,31597883.37,Imadol,25687202.2,3,6,E,32747439.5,13,27000000
"Mandikhatar, K'",K,33377333.82,Mandikhatar,33778245.74,4,7,E,32747439.5,13,27600000
"Chabahil, K'",K,33377333.82,Chabahil,34221961.07,4.5,4,E,32747439.5,16,50000000
"Banasthali, K'",K,33377333.82,Banasthali,36538666.91,3,4,E,32747439.5,15,22500000
"Baluwatar, K'",K,33377333.82,Baluwatar,43077101.66,6,6,SE,33504792.57,15,42500000
"Budhanilkantha, K'",K,33377333.82,Budhanilkantha,39650175.48,3.1,5,N,30729924.74,13,18000000
"Bhangal, K'",K,33377333.82,Bhangal,27786495.85,4,6,E,32747439.5,14,27500000
"Shantinagar, K'",K,33377333.82,Shantinagar,36121026.01,5,5,W,31258615.52,15,33000000
"Satdobato, L'",L,31597883.37,Satdobato,38589946.99,5,5,S,32245048.02,8,3700000
"Imadol, L'",L,31597883.37,Imadol,25687202.2,4,4,SW,37155594.23,20,21000000
"Bhaisepati, L'",L,31597883.37,Bhaisepati,39830061.41,4,5,SE,33504792.57,13,28500000
"Chapali, K'",K,33377333.82,Chapali,36408666.91,8.5,7,E,32747439.5,13,42000000
"Gwarko, L'",L,31597883.37,Gwarko,29086036.25,3,3,S,32245048.02,13,21000000
"Gothatar, K'",K,33377333.82,Gothatar,32267017.8,3,3,E,32747439.5,14,18500000
"Kapan, K'",K,33377333.82,Kapan,25155878.88,3,4,W,31258615.52,16,17000000
"Mandikhatar, K'",K,33377333.82,Mandikhatar,33778245.74,4,8,SE,33504792.57,20,32500000
"Budhanilkantha, K'",K,33377333.82,Budhanilkantha,39650175.48,4,5,E,32747439.5,15,29800000
"Hattigauda, K'",K,33377333.82,Hattigauda,40129495.1,5.5,5,NW,34218387,14,33500000
"Budhanilkantha, K'",K,33377333.82,Budhanilkantha,39650175.48,5,7,SW,37155594.23,20,29900000
"Basundhara, K'",K,33377333.82,Basundhara,33996041.82,5.3,6,S,32245048.02,14,49000000
"Buddhanagar, K'",K,33377333.82,Buddhanagar,33061212.56,3,5,S,32245048.02,10,29900000
"Tokha, K'",K,33377333.82,Tokha,28346274.65,3,6,E,32747439.5,13,21000000
"Hattigauda, K'",K,33377333.82,Hattigauda,40129495.1,6,5,N,30729924.74,13,45000000
"Tokha, K'",K,33377333.82,Tokha,28346274.65,4,6,SE,33504792.57,14,33500000
"Hattigauda, K'",K,33377333.82,Hattigauda,40129495.1,4,5,N,30729924.74,15,28500000
"Bazar, K'",K,33377333.82,Bazar,33979394.38,5,5,E,32747439.5,20,35000000
"Budhanilkantha, K'",K,33377333.82,Budhanilkantha,39650175.48,8.5,5,W,31258615.52,13,49000000
"Bharyang, K'",K,33377333.82,Bharyang,33998095.59,7,5,E,32747439.5,15,39000000
"Tokha, K'",K,33377333.82,Tokha,28346274.65,4,6,E,32747439.5,13,29000000
"Budhanilkantha, K'",K,33377333.82,Budhanilkantha,39650175.48,5,5,S,32245048.02,16,44500000
"Basundhara, K'",K,33377333.82,Basundhara,33996041.82,4.1,5,E,32747439.5,16,29800000
"Baneshwor, K'",K,33377333.82,Baneshwor,34728718.32,4,6,E,32747439.5,15,38700000
"Baneshwor, K'",K,33377333.82,Baneshwor,34728718.32,4,6,E,32747439.5,13,39000000
"Syuchatar, K'",K,33377333.82,Syuchatar,27880494.01,4,4,S,32245048.02,18,15000000
"Tinkune, K'",K,33377333.82,Tinkune,34272778.18,5.75,4,E,32747439.5,11,32500000
"Sitapaila, K'",K,33377333.82,Sitapaila,31149607.91,4,6,E,32747439.5,14,21000000
"Imadol, L'",L,31597883.37,Imadol,25687202.2,3,5,S,32245048.02,20,21500000
"Imadol, L'",L,31597883.37,Imadol,25687202.2,3,6,S,32245048.02,20,22500000
"Golfutar, K'",K,33377333.82,Golfutar,37927521.49,7,4,E,32747439.5,20,35000000
"Basundhara, K'",K,33377333.82,Basundhara,33996041.82,5,4,E,32747439.5,15,36500000
"Hattigauda, K'",K,33377333.82,Hattigauda,40129495.1,5,4,SE,33504792.57,15,37500000
"Tokha, K'",K,33377333.82,Tokha,28346274.65,3.1,4,E,32747439.5,12,25000000
"Budhanilkantha, K'",K,33377333.82,Budhanilkantha,39650175.48,4,4,E,32747439.5,14,24000000
"Basundhara, K'",K,33377333.82,Basundhara,33996041.82,4.75,4,E,32747439.5,15,35500000
"Hattigauda, K'",K,33377333.82,Hattigauda,40129495.1,5.5,4,E,32747439.5,15,35500000
"Tokha, K'",K,33377333.82,Tokha,28346274.65,4,4,E,32747439.5,13,29500000
"Kapan, K'",K,33377333.82,Kapan,25155878.88,4.5,4,SE,33504792.57,14,28000000
"Dhapasi, K'",K,33377333.82,Dhapasi,35561025.73,5,4,E,32747439.5,15,35000000
"Golfutar, K'",K,33377333.82,Golfutar,37927521.49,9,4,SE,33504792.57,20,55000000
"Maharajgunj, K'",K,33377333.82,Maharajgunj,44988666.91,8,4,SE,33504792.57,14,55000000
"Samakhusi, K'",K,33377333.82,Samakhusi,34209111.27,5,6,E,32747439.5,15,35000000
"Budhanilkantha, K'",K,33377333.82,Budhanilkantha,39650175.48,6,5,NE,35380083.03,15,36000000
"Kapan, K'",K,33377333.82,Kapan,25155878.88,4,4,NE,35380083.03,14,26000000
"Golfutar, K'",K,33377333.82,Golfutar,37927521.49,9,5,SE,33504792.57,16,47500000
"Kapan, K'",K,33377333.82,Kapan,25155878.88,3.2,5,E,32747439.5,13,18200000
"Kapan, K'",K,33377333.82,Kapan,25155878.88,4,6,E,32747439.5,14,26000000
"Swayambhu, K'",K,33377333.82,Swayambhu,29874920.87,7,5,E,32747439.5,14,39000000
"Hattigauda, K'",K,33377333.82,Hattigauda,40129495.1,5.5,5,NW,34218387,13,33500000
"Basundhara, K'",K,33377333.82,Basundhara,33996041.82,7,5,E,32747439.5,14,39900000
"Mandikhatar, K'",K,33377333.82,Mandikhatar,33778245.74,4,8,SE,33504792.57,20,32500000
"Budhanilkantha, K'",K,33377333.82,Budhanilkantha,39650175.48,5,5,S,32245048.02,14,29000000
"Budhanilkantha, K'",K,33377333.82,Budhanilkantha,39650175.48,6,5,E,32747439.5,13,36000000
"Golfutar, K'",K,33377333.82,Golfutar,37927521.49,9,4,E,32747439.5,15,47500000
"Imadol, L'",L,31597883.37,Imadol,25687202.2,2,5,W,31258615.52,13,15000000
"Imadol, L'",L,31597883.37,Imadol,25687202.2,3,6,N,30729924.74,13,20000000
"Samakhusi, K'",K,33377333.82,Samakhusi,34209111.27,3.5,6,NW,34218387,13,23000000
"Imadol, L'",L,31597883.37,Imadol,25687202.2,3,5,W,31258615.52,13,18500000
"Hattigauda, K'",K,33377333.82,Hattigauda,40129495.1,4,6,NE,35380083.03,22,24500000
"Bhangal, K'",K,33377333.82,Bhangal,27786495.85,4,6,E,32747439.5,18,23800000
"Budhanilkantha, K'",K,33377333.82,Budhanilkantha,39650175.48,4.5,5,SW,37155594.23,14,31000000
"Tokha, K'",K,33377333.82,Tokha,28346274.65,4,6,S,32245048.02,13,29000000
"Maharajgunj, K'",K,33377333.82,Maharajgunj,44988666.91,8,5,S,32245048.02,15,56000000
"Maharajgunj, K'",K,33377333.82,Maharajgunj,44988666.91,9,5,SE,33504792.57,20,67500000
"Samakhusi, K'",K,33377333.82,Samakhusi,34209111.27,3.75,6,E,32747439.5,13,37500000
"Samakhusi, K'",K,33377333.82,Samakhusi,34209111.27,4.75,6,E,32747439.5,13,35000000
"Imadol, L'",L,31597883.37,Imadol,25687202.2,3,5,E,32747439.5,20,22000000
"Imadol, L'",L,31597883.37,Imadol,25687202.2,3,5,E,32747439.5,13,19500000
"Lubhu, L'",L,31597883.37,Lubhu,27393622.83,3,5,S,32245048.02,20,17000000
"Imadol, L'",L,31597883.37,Imadol,25687202.2,3,6,S,32245048.02,16,17500000
"Imadol, L'",L,31597883.37,Imadol,25687202.2,3,5,SE,33504792.57,13,17500000
"Naikap, K'",K,33377333.82,Naikap,29692549.31,6,11,S,32245048.02,11,22000000
"Narephate, K'",K,33377333.82,Narephate,32867179.86,3,5,E,32747439.5,13,22000000
"Nagarjun, K'",K,33377333.82,Nagarjun,30424927.75,3.1,5,N,30729924.74,15,17500000
"Tokha, K'",K,33377333.82,Tokha,28346274.65,4,4,E,32747439.5,12,21000000
"Imadol, L'",L,31597883.37,Imadol,25687202.2,3,4,S,32245048.02,13,17000000
"Imadol, L'",L,31597883.37,Imadol,25687202.2,3,8,S,32245048.02,13,17000000
"Imadol, L'",L,31597883.37,Imadol,25687202.2,3,10,S,32245048.02,13,22000000
"Tarakeshwar, K'",K,33377333.82,Tarakeshwar,28718222.55,4,2,NE,35380083.03,13,11500000
"Imadol, L'",L,31597883.37,Imadol,25687202.2,3.5,4,S,32245048.02,13,19700000
"Baniyatar, K'",K,33377333.82,Baniyatar,30735833.64,4,6,E,32747439.5,20,29000000
"Hattigauda, K'",K,33377333.82,Hattigauda,40129495.1,5.5,6,E,32747439.5,13,45000000
"Golfutar, K'",K,33377333.82,Golfutar,37927521.49,7,4,W,31258615.52,30,36000000
"Hattigauda, K'",K,33377333.82,Hattigauda,40129495.1,5.5,5,NW,34218387,13,35500000
"Bharyang, K'",K,33377333.82,Bharyang,33998095.59,2.75,3,SW,37155594.23,13,24100000
"Budhanilkantha, K'",K,33377333.82,Budhanilkantha,39650175.48,7.5,5,E,32747439.5,20,40000000
"Thaiba, L'",L,31597883.37,Thaiba,31469343.16,3,3,S,32245048.02,20,20000000
"Imadol, L'",L,31597883.37,Imadol,25687202.2,3.1,5,W,31258615.52,13,18000000
"Gongabu, K'",K,33377333.82,Gongabu,35322539.91,3.2,4,N,30729924.74,13,26000000
"Dhapasi, K'",K,33377333.82,Dhapasi,35561025.73,3.5,5,E,32747439.5,13,25500000
"Chapali, K'",K,33377333.82,Chapali,36408666.91,3.5,5,E,32747439.5,15,68000000
"Mandikhatar, K'",K,33377333.82,Mandikhatar,33778245.74,3,6,W,31258615.52,13,18200000
"Bhangal, K'",K,33377333.82,Bhangal,27786495.85,3.1,6,SW,37155594.23,12,19900000
"Baluwatar, K'",K,33377333.82,Baluwatar,43077101.66,6,5,NE,35380083.03,13,60000000
"Ekatabasti, K'",K,33377333.82,Ekatabasti,31739608.13,4,7,SW,37155594.23,13,29900000
"Ekatabasti, K'",K,33377333.82,Ekatabasti,31739608.13,5,7,SE,33504792.57,13,29900000
"Dhapasi, K'",K,33377333.82,Dhapasi,35561025.73,5,4,NE,35380083.03,20,33500000
"Balkhu, K'",K,33377333.82,Balkhu,34044889.21,4.5,3,E,32747439.5,20,23000000
"Swayambhu, K'",K,33377333.82,Swayambhu,29874920.87,3.1,5,NE,35380083.03,13,20600000
"Manohara, K'",K,33377333.82,Manohara,32706667.11,4,5,W,31258615.52,26,26000000
"Budhanilkantha, K'",K,33377333.82,Budhanilkantha,39650175.48,7,4,SE,33504792.57,15,45000000
"Guheshwori, K'",K,33377333.82,Guheshwori,33377333.82,4,8,NE,35380083.03,16,28500000
"Imadol, L'",L,31597883.37,Imadol,25687202.2,2.3,2,E,32747439.5,13,11000000
"Imadol, L'",L,31597883.37,Imadol,25687202.2,3.1,4,E,32747439.5,20,19200000
"Ekatabasti, K'",K,33377333.82,Ekatabasti,31739608.13,5.5,5,E,32747439.5,13,36000000
"Sitapaila, K'",K,33377333.82,Sitapaila,31149607.91,3.1,4,N,30729924.74,13,18000000
"Tokha, K'",K,33377333.82,Tokha,28346274.65,4,6,E,32747439.5,13,23000000
"Mandikhatar, K'",K,33377333.82,Mandikhatar,33778245.74,3.14,6,SE,33504792.57,13,19900000
"Samakhusi, K'",K,33377333.82,Samakhusi,34209111.27,4,7,E,32747439.5,14,40000000
"Bhangal, K'",K,33377333.82,Bhangal,27786495.85,3.5,5,S,32245048.02,13,21500000
"Dhumbarahi, K'",K,33377333.82,Dhumbarahi,38251555.88,8,7,E,32747439.5,13,62000000
"Budhanilkantha, K'",K,33377333.82,Budhanilkantha,39650175.48,5.5,4,E,32747439.5,15,32500000
"Golfutar, K'",K,33377333.82,Golfutar,37927521.49,7,4,E,32747439.5,15,35000000
"Budhanilkantha, K'",K,33377333.82,Budhanilkantha,39650175.48,4.2,4,E,32747439.5,14,31000000
"Sukedhara, K'",K,33377333.82,Sukedhara,35285287.52,3.3,4,E,32747439.5,18,32500000
"Mandikhatar, K'",K,33377333.82,Mandikhatar,33778245.74,3.1,4,E,32747439.5,15,20000000
"Golfutar, K'",K,33377333.82,Golfutar,37927521.49,4,4,E,32747439.5,30,32500000
"Budhanilkantha, K'",K,33377333.82,Budhanilkantha,39650175.48,5,10,N,30729924.74,15,22000000
"Budhanilkantha, K'",K,33377333.82,Budhanilkantha,39650175.48,6,4,E,32747439.5,33,35000000
"Banasthali, K'",K,33377333.82,Banasthali,36538666.91,5,7,S,32245048.02,16,37000000
"Imadol, L'",L,31597883.37,Imadol,25687202.2,3,2,W,31258615.52,5,6500000
"Ekatabasti, K'",K,33377333.82,Ekatabasti,31739608.13,4.5,7,E,32747439.5,13,27500000
"Golfutar, K'",K,33377333.82,Golfutar,37927521.49,3,6,E,32747439.5,13,18000000
"Kusunti, L'",L,31597883.37,Kusunti,31340991.25,5.2,4,NW,34218387,13,38500000
"Mulpani, K'",K,33377333.82,Mulpani,27382807.27,4,4,E,32747439.5,22,35000000
"Pepsicola, K'",K,33377333.82,Pepsicola,36370158.96,2.5,4,SE,33504792.57,13,13500000
"Kapan, K'",K,33377333.82,Kapan,25155878.88,2.05,6,E,32747439.5,12,32500000
"Satdobato, L'",L,31597883.37,Satdobato,38589946.99,10,3,E,32747439.5,20,70000000
"Shantinagar, K'",K,33377333.82,Shantinagar,36121026.01,9.2,4,E,32747439.5,20,70000000
"Imadol, L'",L,31597883.37,Imadol,25687202.2,2.3,3,NE,35380083.03,10,13500000
"Imadol, L'",L,31597883.37,Imadol,25687202.2,3,2,NE,35380083.03,12,12000000
"Mandikhatar, K'",K,33377333.82,Mandikhatar,33778245.74,5,6,E,32747439.5,13,27800000
"Golfutar, K'",K,33377333.82,Golfutar,37927521.49,10,6,E,32747439.5,20,56000000
"Budhanilkantha, K'",K,33377333.82,Budhanilkantha,39650175.48,8.1,6,SE,33504792.57,15,44500000
"Banasthali, K'",K,33377333.82,Banasthali,36538666.91,3,8,S,32245048.02,10,19000000
"Kadaghari, K'",K,33377333.82,Kadaghari,27845965.17,2.2,3,N,30729924.74,4,7500000
"Imadol, L'",L,31597883.37,Imadol,25687202.2,3.3,7,S,32245048.02,13,22500000
"Baneshwor, K'",K,33377333.82,Baneshwor,34728718.32,7,7,SE,33504792.57,10,50000000
"Balaju, K'",K,33377333.82,Balaju,33113333.71,3,7,N,30729924.74,13,25000000
"Kaushaltar, B'",B,30105180.59,Kaushaltar,29467986.13,7.2,5,E,32747439.5,15,30000000
"Bansbari, K'",K,33377333.82,Bansbari,37830175.69,5,2,S,32245048.02,13,28000000
"Bhangal, K'",K,33377333.82,Bhangal,27786495.85,3.5,5,E,32747439.5,13,21500000
"Budhanilkantha, K'",K,33377333.82,Budhanilkantha,39650175.48,5,7,E,32747439.5,20,25500000
"Banasthali, K'",K,33377333.82,Banasthali,36538666.91,5.3,5,N,30729924.74,20,39500000
"Chabahil, K'",K,33377333.82,Chabahil,34221961.07,5.1,2,S,32245048.02,12,18000000
"Sitapaila, K'",K,33377333.82,Sitapaila,31149607.91,3,3,E,32747439.5,14,22000000
"Maharajgunj, K'",K,33377333.82,Maharajgunj,44988666.91,6.5,5,E,32747439.5,15,62500000
"Dhapasi, K'",K,33377333.82,Dhapasi,35561025.73,8,6,SW,37155594.23,20,45000000
"Kapan, K'",K,33377333.82,Kapan,25155878.88,5,6,E,32747439.5,14,22000000
"Tikathali, L'",L,31597883.37,Tikathali,24394856.6,4,3,W,31258615.52,13,17000000
"Budhanilkantha, K'",K,33377333.82,Budhanilkantha,39650175.48,4,10,S,32245048.02,30,30000000
"Thaiba, L'",L,31597883.37,Thaiba,31469343.16,4,4,E,32747439.5,13,19000000
"Tarakeshwar, K'",K,33377333.82,Tarakeshwar,28718222.55,2.2,1,NW,34218387,10,12000000
"Harisiddhi, L'",L,31597883.37,Harisiddhi,28943268.54,3,8,N,30729924.74,20,15500000
"Samakhusi, K'",K,33377333.82,Samakhusi,34209111.27,4,5,E,32747439.5,15,44000000
"Bhangal, K'",K,33377333.82,Bhangal,27786495.85,4.5,6,E,32747439.5,20,28500000
"Samakhusi, K'",K,33377333.82,Samakhusi,34209111.27,5,11,N,30729924.74,13,30000000
"Maharajgunj, K'",K,33377333.82,Maharajgunj,44988666.91,6.5,5,E,32747439.5,15,65000000
"Dhapasi, K'",K,33377333.82,Dhapasi,35561025.73,6.2,6,W,31258615.52,32,35000000
"Anamnagar, K'",K,33377333.82,Anamnagar,34106111.52,5,5,E,32747439.5,12,33000000
"Samakhusi, K'",K,33377333.82,Samakhusi,34209111.27,3,9,S,32245048.02,13,22500000
"Samakhusi, K'",K,33377333.82,Samakhusi,34209111.27,4,6,W,31258615.52,13,27500000
"Imadol, L'",L,31597883.37,Imadol,25687202.2,4,6,SE,33504792.57,13,23800000
"Swayambhu, K'",K,33377333.82,Swayambhu,29874920.87,4,10,S,32245048.02,12,23000000
"Nakhu, L'",L,31597883.37,Nakhu,31374118.07,1.1,4,SW,37155594.23,16,26500000
"Budhanilkantha, K'",K,33377333.82,Budhanilkantha,39650175.48,8.1,5,E,32747439.5,13,41000000
"Budhanilkantha, K'",K,33377333.82,Budhanilkantha,39650175.48,4.5,6,E,32747439.5,13,25500000
"Pepsicola, K'",K,33377333.82,Pepsicola,36370158.96,1.1,6,S,32245048.02,30,32000000
"Gothatar, K'",K,33377333.82,Gothatar,32267017.8,2.2,8,W,31258615.52,13,14000000
"Kadaghari, K'",K,33377333.82,Kadaghari,27845965.17,3,5,E,32747439.5,12,17000000
"Imadol, L'",L,31597883.37,Imadol,25687202.2,3,2,NE,35380083.03,13,10000000
"Imadol, L'",L,31597883.37,Imadol,25687202.2,3.2,9,NW,34218387,33,30000000
"Kadaghari, K'",K,33377333.82,Kadaghari,27845965.17,5,11,W,31258615.52,15,22000000
"Kadaghari, K'",K,33377333.82,Kadaghari,27845965.17,2.2,7,N,30729924.74,13,13200000
"Imadol, L'",L,31597883.37,Imadol,25687202.2,3.2,5,N,30729924.74,13,19500000
"Kapan, K'",K,33377333.82,Kapan,25155878.88,4,11,E,32747439.5,13,26500000
"Kapan, K'",K,33377333.82,Kapan,25155878.88,4,11,N,30729924.74,13,25500000
"Naikap, K'",K,33377333.82,Naikap,29692549.31,6.3,5,S,32245048.02,15,29500000
"Imadol, L'",L,31597883.37,Imadol,25687202.2,2.2,4,S,32245048.02,13,15000000
"Imadol, L'",L,31597883.37,Imadol,25687202.2,3,4,SE,33504792.57,10,19000000
"Imadol, L'",L,31597883.37,Imadol,25687202.2,3.3,4,S,32245048.02,20,23500000
"Imadol, L'",L,31597883.37,Imadol,25687202.2,3,5,NW,34218387,11,18000000
"Imadol, L'",L,31597883.37,Imadol,25687202.2,3.1,3,S,32245048.02,13,18500000
"Tokha, K'",K,33377333.82,Tokha,28346274.65,4.2,7,SE,33504792.57,10,24500000
"Sanepa, L'",L,31597883.37,Sanepa,44394230.18,3,2,W,31258615.52,13,4800000
"Baghdol, L'",L,31597883.37,Baghdol,31597883.37,1,4,W,31258615.52,20,19500000
"Nakhu, L'",L,31597883.37,Nakhu,31374118.07,4,4,E,32747439.5,16,26500000
"Budhanilkantha, K'",K,33377333.82,Budhanilkantha,39650175.48,3,2,W,31258615.52,12,15000000
"Bazar, K'",K,33377333.82,Bazar,33979394.38,3,3,E,32747439.5,20,40000000
"Manamaiju, K'",K,33377333.82,Manamaiju,34339608.13,2.2,4,E,32747439.5,10,13500000
"Imadol, L'",L,31597883.37,Imadol,25687202.2,3,3,N,30729924.74,14,11000000
"Maharajgunj, K'",K,33377333.82,Maharajgunj,44988666.91,9,5,N,30729924.74,13,70000000
"Bhangal, K'",K,33377333.82,Bhangal,27786495.85,3.5,5,E,32747439.5,14,17900000
"Bhangal, K'",K,33377333.82,Bhangal,27786495.85,7,5,SW,37155594.23,15,34500000
"Basundhara, K'",K,33377333.82,Basundhara,33996041.82,7,7,E,32747439.5,20,41000000
"Koteshwor, K'",K,33377333.82,Koteshwor,38518222.55,1.5,7,E,32747439.5,26,18500000
"Hattigauda, K'",K,33377333.82,Hattigauda,40129495.1,6,9,S,32245048.02,14,36500000
"Bhangal, K'",K,33377333.82,Bhangal,27786495.85,3.5,5,W,31258615.52,13,21000000
"Kapan, K'",K,33377333.82,Kapan,25155878.88,3.5,2,N,30729924.74,12,7500000
"Imadol, L'",L,31597883.37,Imadol,25687202.2,3.3,2,E,32747439.5,13,13000000
"Tokha, K'",K,33377333.82,Tokha,28346274.65,3.1,5,S,32245048.02,12,17800000
"Budhanilkantha, K'",K,33377333.82,Budhanilkantha,39650175.48,3.5,5,NE,35380083.03,12,21800000
"Basundhara, K'",K,33377333.82,Basundhara,33996041.82,3.1,4,S,32245048.02,15,23000000
"Kadaghari, K'",K,33377333.82,Kadaghari,27845965.17,4,5,W,31258615.52,12,29000000
"Dhapasi, K'",K,33377333.82,Dhapasi,35561025.73,1,3,N,30729924.74,20,70000000
"Shantinagar, K'",K,33377333.82,Shantinagar,36121026.01,6.2,6,N,30729924.74,10,42500000
"Pasikot, K'",K,33377333.82,Pasikot,31132444.61,4,5,W,31258615.52,20,30000000
"Jhamsikhel, L'",L,31597883.37,Jhamsikhel,29267602.59,1.9,2,E,32747439.5,20,12000000
"Kirtipur, K'",K,33377333.82,Kirtipur,31397778.18,4.2,6,S,32245048.02,12,25000000
"Gurjudhara, K'",K,33377333.82,Gurjudhara,28584889.21,4.1,6,SE,33504792.57,11,17000000
"Sanepa, L'",L,31597883.37,Sanepa,44394230.18,4,4,N,30729924.74,13,30000000
"Bhangal, K'",K,33377333.82,Bhangal,27786495.85,4,6,NW,34218387,15,24000000
"Bhangal, K'",K,33377333.82,Bhangal,27786495.85,4,6,SE,33504792.57,14,24000000
"Imadol, L'",L,31597883.37,Imadol,25687202.2,3,5,E,32747439.5,13,21000000
"Tokha, K'",K,33377333.82,Tokha,28346274.65,4,5,S,32245048.02,26,27500000
"Nepaltar, K'",K,33377333.82,Nepaltar,31112381.3,4,11,N,30729924.74,13,24000000
"Bhaisepati, L'",L,31597883.37,Bhaisepati,39830061.41,4.2,3,SW,37155594.23,18,28500000
"Budhanilkantha, K'",K,33377333.82,Budhanilkantha,39650175.48,10,4,E,32747439.5,15,62000000
"Basundhara, K'",K,33377333.82,Basundhara,33996041.82,6,6,S,32245048.02,15,42500000
"Hattigauda, K'",K,33377333.82,Hattigauda,40129495.1,4,5,E,32747439.5,30,24500000
"Basundhara, K'",K,33377333.82,Basundhara,33996041.82,8,6,SW,37155594.23,15,45000000
"Baluwatar, K'",K,33377333.82,Baluwatar,43077101.66,4,5,S,32245048.02,15,34000000
"Jorpati, K'",K,33377333.82,Jorpati,31006111.52,7.89,4,E,32747439.5,12,21500000
"Joranku, K'",K,33377333.82,Joranku,30389444.85,3,5,W,31258615.52,8,15900000
"Gurjudhara, K'",K,33377333.82,Gurjudhara,28584889.21,3.1,2,W,31258615.52,10,8500000
"Budhanilkantha, K'",K,33377333.82,Budhanilkantha,39650175.48,5,4,NE,35380083.03,15,30500000
"Sukedhara, K'",K,33377333.82,Sukedhara,35285287.52,3,6,N,30729924.74,14,21000000
"Tikathali, L'",L,31597883.37,Tikathali,24394856.6,3.2,6,E,32747439.5,12,22500000
"Budhanilkantha, K'",K,33377333.82,Budhanilkantha,39650175.48,3.3,3,E,32747439.5,20,33000000
"Sukedhara, K'",K,33377333.82,Sukedhara,35285287.52,6,5,S,32245048.02,15,40000000
"Kapan, K'",K,33377333.82,Kapan,25155878.88,3,2,S,32245048.02,10,10600000
"Bhaisepati, L'",L,31597883.37,Bhaisepati,39830061.41,5.5,4,E,32747439.5,15,19000000
"Basundhara, K'",K,33377333.82,Basundhara,33996041.82,5,5,S,32245048.02,14,39000000
"Budhanilkantha, K'",K,33377333.82,Budhanilkantha,39650175.48,10,4,S,32245048.02,13,39000000
"Banasthali, K'",K,33377333.82,Banasthali,36538666.91,10,4,S,32245048.02,12,70000000
"Budhanilkantha, K'",K,33377333.82,Budhanilkantha,39650175.48,8.31,5,E,32747439.5,12,35000000
"Makalbari, K'",K,33377333.82,Makalbari,29184889.21,3.2,2,SW,37155594.23,12,10500000
"Kapan, K'",K,33377333.82,Kapan,25155878.88,3,3,N,30729924.74,10,12500000
"Khumaltar, L'",L,31597883.37,Khumaltar,35811618.07,4,6,S,32245048.02,14,19500000
"Kalanki, K'",K,33377333.82,Kalanki,29237407.68,6.1,7,E,32747439.5,14,38000000
"Sitapaila, K'",K,33377333.82,Sitapaila,31149607.91,7,4,SE,33504792.57,20,29500000
"Bouddha, K'",K,33377333.82,Bouddha,36021026.01,3.1,10,S,32245048.02,20,22000000
"Dadhikot, B'",B,30105180.59,Dadhikot,29927061.99,4,12,SE,33504792.57,20,22500000
"Sitapaila, K'",K,33377333.82,Sitapaila,31149607.91,3.5,3,S,32245048.02,13,18000000
"Sukedhara, K'",K,33377333.82,Sukedhara,35285287.52,6.3,9,E,32747439.5,12,34500000
"Tokha, K'",K,33377333.82,Tokha,28346274.65,3,2,N,30729924.74,13,11500000
"Basundhara, K'",K,33377333.82,Basundhara,33996041.82,5,2,N,30729924.74,14,37500000
"Bhangal, K'",K,33377333.82,Bhangal,27786495.85,4.2,4,S,32245048.02,26,32500000
"Balkot, B'",B,30105180.59,Balkot,31371147.63,7,2,E,32747439.5,13,25000000
"Budhanilkantha, K'",K,33377333.82,Budhanilkantha,39650175.48,7,4,S,32245048.02,20,57500000
"Dallu, K'",K,33377333.82,Dallu,36074902.25,3.1,8,W,31258615.52,20,29000000
"Budhanilkantha, K'",K,33377333.82,Budhanilkantha,39650175.48,3.1,7,N,30729924.74,15,17800000
"Golfutar, K'",K,33377333.82,Golfutar,37927521.49,4,5,SW,37155594.23,15,29000000
"Tokha, K'",K,33377333.82,Tokha,28346274.65,3.1,4,W,31258615.52,13,14200000
"Kapan, K'",K,33377333.82,Kapan,25155878.88,5,2,S,32245048.02,11,15000000
"Baniyatar, K'",K,33377333.82,Baniyatar,30735833.64,3.1,6,S,32245048.02,10,16500000
"Tokha, K'",K,33377333.82,Tokha,28346274.65,7.5,6,W,31258615.52,15,53000000
"Tokha, K'",K,33377333.82,Tokha,28346274.65,8,6,SE,33504792.57,12,43000000
"Baniyatar, K'",K,33377333.82,Baniyatar,30735833.64,4,10,N,30729924.74,16,35000000
"Nakhu, L'",L,31597883.37,Nakhu,31374118.07,4.2,4,NW,34218387,14,25500000
"Imadol, L'",L,31597883.37,Imadol,25687202.2,3.5,5,S,32245048.02,13,16500000
"Sukedhara, K'",K,33377333.82,Sukedhara,35285287.52,5.1,10,E,32747439.5,14,31800000
"Sukedhara, K'",K,33377333.82,Sukedhara,35285287.52,3.1,3,SW,37155594.23,24,19000000
"Bhaisepati, L'",L,31597883.37,Bhaisepati,39830061.41,6.5,5,N,30729924.74,16,44500000
"Hattigauda, K'",K,33377333.82,Hattigauda,40129495.1,5,5,S,32245048.02,15,32000000
"Golfutar, K'",K,33377333.82,Golfutar,37927521.49,4.1,5,NE,35380083.03,12,28500000
"Basundhara, K'",K,33377333.82,Basundhara,33996041.82,4.3,5,E,32747439.5,12,26000000
"Nagdaha, L'",L,31597883.37,Nagdaha,29873236.14,3.2,4,W,31258615.52,15,9500000
"Sitapaila, K'",K,33377333.82,Sitapaila,31149607.91,5,6,N,30729924.74,13,25000000
"Thankot, K'",K,33377333.82,Thankot,20753333.46,4,5,S,32245048.02,16,17500000
"Goldhunga, K'",K,33377333.82,Goldhunga,25889697.19,2.5,3,W,31258615.52,10,6500000
"Kadaghari, K'",K,33377333.82,Kadaghari,27845965.17,3,3,NE,35380083.03,13,12500000
"Imadol, L'",L,31597883.37,Imadol,25687202.2,3.5,2,E,32747439.5,20,14200000
"Budhanilkantha, K'",K,33377333.82,Budhanilkantha,39650175.48,3.2,2,W,31258615.52,12,12800000
"Jorpati, K'",K,33377333.82,Jorpati,31006111.52,3,9,E,32747439.5,36,39000000
"Budhanilkantha, K'",K,33377333.82,Budhanilkantha,39650175.48,4,10,S,32245048.02,13,27500000
"Jorpati, K'",K,33377333.82,Jorpati,31006111.52,3,9,SW,37155594.23,10,16500000
"Budhanilkantha, K'",K,33377333.82,Budhanilkantha,39650175.48,5,5,SE,33504792.57,13,32000000
"Dhapasi, K'",K,33377333.82,Dhapasi,35561025.73,3.1,4,E,32747439.5,13,17000000
"Budhanilkantha, K'",K,33377333.82,Budhanilkantha,39650175.48,3.2,3,S,32245048.02,13,13000000
"Kaushaltar, B'",B,30105180.59,Kaushaltar,29467986.13,3.5,10,E,32747439.5,20,19500000
"Sitapaila, K'",K,33377333.82,Sitapaila,31149607.91,5,4,S,32245048.02,20,23000000
"Jhamsikhel, L'",L,31597883.37,Jhamsikhel,29267602.59,3,5,S,32245048.02,20,35000000
"Bhaisepati, L'",L,31597883.37,Bhaisepati,39830061.41,10,5,SW,37155594.23,13,70000000
"Dhapasi, K'",K,33377333.82,Dhapasi,35561025.73,4,3,E,32747439.5,20,23500000
"Imadol, L'",L,31597883.37,Imadol,25687202.2,3.3,7,SW,37155594.23,13,22500000
"Khumaltar, L'",L,31597883.37,Khumaltar,35811618.07,10,5,S,32245048.02,20,60000000
"Bharyang, K'",K,33377333.82,Bharyang,33998095.59,3.5,5,W,31258615.52,12,22700000
"Basundhara, K'",K,33377333.82,Basundhara,33996041.82,3.5,9,SE,33504792.57,12,19800000
"Raniban, K'",K,33377333.82,Raniban,35515185.46,6,7,E,32747439.5,14,33500000
"Budhanilkantha, K'",K,33377333.82,Budhanilkantha,39650175.48,4.5,6,W,31258615.52,13,25000000
"Samakhusi, K'",K,33377333.82,Samakhusi,34209111.27,4.2,10,S,32245048.02,20,34500000
"Bhaisepati, L'",L,31597883.37,Bhaisepati,39830061.41,8,4,S,32245048.02,16,39077000
"Khumaltar, L'",L,31597883.37,Khumaltar,35811618.07,1.78,6,SW,37155594.23,13,37500000
"Chundevi, K'",K,33377333.82,Chundevi,33377333.82,4,8,SW,37155594.23,14,31000000
"Ekantakuna, L'",L,31597883.37,Ekantakuna,31179893.97,3,5,W,31258615.52,22,27000000
"Dhobighat, L'",L,31597883.37,Dhobighat,36152217.98,8,4,E,32747439.5,20,40000000
"Budhanilkantha, K'",K,33377333.82,Budhanilkantha,39650175.48,4,4,W,31258615.52,13,21500000
"Jorpati, K'",K,33377333.82,Jorpati,31006111.52,3.2,4,E,32747439.5,12,12000000
"Tikathali, L'",L,31597883.37,Tikathali,24394856.6,3.1,10,E,32747439.5,10,14500000
"Kapan, K'",K,33377333.82,Kapan,25155878.88,4,7,S,32245048.02,16,24000000
"Kapan, K'",K,33377333.82,Kapan,25155878.88,4,11,S,32245048.02,20,20400000
"Mulpani, K'",K,33377333.82,Mulpani,27382807.27,3.1,7,SE,33504792.57,14,16000000
"Tikathali, L'",L,31597883.37,Tikathali,24394856.6,3.2,4,W,31258615.52,10,9000000
"Basundhara, K'",K,33377333.82,Basundhara,33996041.82,2.3,3,SE,33504792.57,12,19500000
"Kapan, K'",K,33377333.82,Kapan,25155878.88,3.2,4,E,32747439.5,13,17000000
"Kapan, K'",K,33377333.82,Kapan,25155878.88,3.2,1,W,31258615.52,13,20000000
"Pasikot, K'",K,33377333.82,Pasikot,31132444.61,3.2,6,N,30729924.74,12,17500000
"Bhangal, K'",K,33377333.82,Bhangal,27786495.85,4,4,E,32747439.5,13,25000000
"Bafal, K'",K,33377333.82,Bafal,37063333.51,4.5,4,W,31258615.52,13,26500000
"Dhumbarahi, K'",K,33377333.82,Dhumbarahi,38251555.88,4.1,8,S,32245048.02,13,32500000
"Makalbari, K'",K,33377333.82,Makalbari,29184889.21,3.1,7,SW,37155594.23,14,21500000
"Mhaipi, K'",K,33377333.82,Mhaipi,33481111.52,7,8,NW,34218387,15,38000000
"Dhapasi, K'",K,33377333.82,Dhapasi,35561025.73,4.3,7,N,30729924.74,12,25000000
"Dallu, K'",K,33377333.82,Dallu,36074902.25,3,15,N,30729924.74,20,24000000
"Tokha, K'",K,33377333.82,Tokha,28346274.65,3.2,8,W,31258615.52,20,17000000
"Gongabu, K'",K,33377333.82,Gongabu,35322539.91,4.3,5,N,30729924.74,16,26000000
"Kalanki, K'",K,33377333.82,Kalanki,29237407.68,3,3,SW,37155594.23,12,13500000
"Budhanilkantha, K'",K,33377333.82,Budhanilkantha,39650175.48,4,6,E,32747439.5,20,22800000
"Basundhara, K'",K,33377333.82,Basundhara,33996041.82,1,3,E,32747439.5,12,26000000
"Sukedhara, K'",K,33377333.82,Sukedhara,35285287.52,4,6,S,32245048.02,12,27500000
"Mandikhatar, K'",K,33377333.82,Mandikhatar,33778245.74,3.13,4,E,32747439.5,12,22500000
"Hattigauda, K'",K,33377333.82,Hattigauda,40129495.1,6.5,5,W,31258615.52,15,30000000
"Baluwatar, K'",K,33377333.82,Baluwatar,43077101.66,6,6,NE,35380083.03,12,51500000
"Sitapaila, K'",K,33377333.82,Sitapaila,31149607.91,1,11,W,31258615.52,20,15000000
"Basundhara, K'",K,33377333.82,Basundhara,33996041.82,9.6,11,S,32245048.02,14,45000000
"Sukedhara, K'",K,33377333.82,Sukedhara,35285287.52,5,11,E,32747439.5,15,33000000
"Dhumbarahi, K'",K,33377333.82,Dhumbarahi,38251555.88,7,12,E,32747439.5,13,40000000
"Bhangal, K'",K,33377333.82,Bhangal,27786495.85,3.1,9,S,32245048.02,13,18200000
"Budhanilkantha, K'",K,33377333.82,Budhanilkantha,39650175.48,1.17,5,E,32747439.5,13,19200000
"Budhanilkantha, K'",K,33377333.82,Budhanilkantha,39650175.48,3.5,12,E,32747439.5,13,17700000
"Budhanilkantha, K'",K,33377333.82,Budhanilkantha,39650175.48,6,10,W,31258615.52,13,29800000
"Budhanilkantha, K'",K,33377333.82,Budhanilkantha,39650175.48,3.5,9,NW,34218387,13,21000000
"Budhanilkantha, K'",K,33377333.82,Budhanilkantha,39650175.48,6,6,SE,33504792.57,13,34000000
"Chandol, K'",K,33377333.82,Chandol,39642083.64,1.75,6,SE,33504792.57,14,40000000
"Budhanilkantha, K'",K,33377333.82,Budhanilkantha,39650175.48,3,10,SW,37155594.23,13,16800000
"Dhapakhel, L'",L,31597883.37,Dhapakhel,28586036.25,3,3,S,32245048.02,10,12500000
"Balaju, K'",K,33377333.82,Balaju,33113333.71,3.2,5,NW,34218387,13,14200000
"Satdobato, L'",L,31597883.37,Satdobato,38589946.99,3,5,N,30729924.74,16,20000000
"Sundarbasti, K'",K,33377333.82,Sundarbasti,32107222.42,3.2,5,E,32747439.5,13,19500000
"Swayambhu, K'",K,33377333.82,Swayambhu,29874920.87,3.1,4,S,32245048.02,18,21000000
"Samakhusi, K'",K,33377333.82,Samakhusi,34209111.27,3,6,N,30729924.74,10,22500000
"Chabahil, K'",K,33377333.82,Chabahil,34221961.07,4,5,SW,37155594.23,12,37000000
"Ramkot, K'",K,33377333.82,Ramkot,29382807.27,3,4,E,32747439.5,20,19000000
"Sitapaila, K'",K,33377333.82,Sitapaila,31149607.91,9,5,E,32747439.5,12,45000000
"Tarakeshwar, K'",K,33377333.82,Tarakeshwar,28718222.55,4,6,S,32245048.02,12,16500000
"Gongabu, K'",K,33377333.82,Gongabu,35322539.91,4.2,10,W,31258615.52,10,29000000
"Kadaghari, K'",K,33377333.82,Kadaghari,27845965.17,3.2,6,SE,33504792.57,13,36000000
"Pepsicola, K'",K,33377333.82,Pepsicola,36370158.96,3.2,10,E,32747439.5,13,24000000
"Kadaghari, K'",K,33377333.82,Kadaghari,27845965.17,3,4,E,32747439.5,13,12000000
"Joranku, K'",K,33377333.82,Joranku,30389444.85,3.2,3,S,32245048.02,10,15000000
"Sitapaila, K'",K,33377333.82,Sitapaila,31149607.91,5,4,E,32747439.5,13,20000000
"Imadol, L'",L,31597883.37,Imadol,25687202.2,3,4,SE,33504792.57,13,16000000
"Gongabu, K'",K,33377333.82,Gongabu,35322539.91,2.2,9,N,30729924.74,9,31000000
"Samakhusi, K'",K,33377333.82,Samakhusi,34209111.27,2.2,5,S,32245048.02,16,20500000
"Bharyang, K'",K,33377333.82,Bharyang,33998095.59,4,4,E,32747439.5,12,26000000
"Lazimpat, K'",K,33377333.82,Lazimpat,33983809.87,4.6,3,S,32245048.02,20,17500000
"Dhapakhel, L'",L,31597883.37,Dhapakhel,28586036.25,4,4,S,32245048.02,13,25000000
"Budhanilkantha, K'",K,33377333.82,Budhanilkantha,39650175.48,4,3,SW,37155594.23,18,28500000
"Lubhu, L'",L,31597883.37,Lubhu,27393622.83,5,4,SE,33504792.57,13,14500000
"Sundarbasti, K'",K,33377333.82,Sundarbasti,32107222.42,5,6,SE,33504792.57,13,27500000
"Chabahil, K'",K,33377333.82,Chabahil,34221961.07,4.5,10,W,31258615.52,20,35000000
"Syuchatar, K'",K,33377333.82,Syuchatar,27880494.01,3,5,N,30729924.74,20,20000000
"Tripureshwor, K'",K,33377333.82,Tripureshwor,32564444.85,8.5,3,SE,33504792.57,13,25000000
"Balkhu, K'",K,33377333.82,Balkhu,34044889.21,9,7,S,32245048.02,10,49500000
"Kirtipur, K'",K,33377333.82,Kirtipur,31397778.18,6,4,SE,33504792.57,20,18000000
"Hattisar, K'",K,33377333.82,Hattisar,35606111.52,3,6,W,31258615.52,20,43500000
"Lokanthali, B'",B,30105180.59,Lokanthali,30920983.82,7.1,14,E,32747439.5,14,35000000
"Bharyang, K'",K,33377333.82,Bharyang,33998095.59,6,3,NW,34218387,20,70000000
"Kalanki, K'",K,33377333.82,Kalanki,29237407.68,7,8,E,32747439.5,14,41500000
"Thapathali, K'",K,33377333.82,Thapathali,37490256.78,4,5,E,32747439.5,14,40100000
"Mulpani, K'",K,33377333.82,Mulpani,27382807.27,3,5,N,30729924.74,10,16500000
"Dhapasi, K'",K,33377333.82,Dhapasi,35561025.73,5,4,W,31258615.52,15,26000000
"Harisiddhi, L'",L,31597883.37,Harisiddhi,28943268.54,7.1,8,E,32747439.5,10,33000000
"Hattigauda, K'",K,33377333.82,Hattigauda,40129495.1,7,4,E,32747439.5,13,55000000
"Jhamsikhel, L'",L,31597883.37,Jhamsikhel,29267602.59,2,2,E,32747439.5,20,12500000
"Bhaisepati, L'",L,31597883.37,Bhaisepati,39830061.41,1.9,3,NW,34218387,28,13000000
"Lokanthali, B'",B,30105180.59,Lokanthali,30920983.82,7,6,NE,35380083.03,18,35000000
"Sitapaila, K'",K,33377333.82,Sitapaila,31149607.91,2.5,4,NE,35380083.03,13,12000000
"Budhanilkantha, K'",K,33377333.82,Budhanilkantha,39650175.48,8,5,E,32747439.5,12,27000000
