Location,District,District_PriceCode,Area,Area_PriceCode,Land Area,Bedrooms,Floor,Facing,Facing_PriceCode,Road Access,Price
"'Bhaisepati, L'",L,34535434.84,Bhaisepati,47003669.23,4.1,4,2.5,NE,38939095.74,12,38000000
"'Sitapaila, K'",K,40271779.3,Sitapaila,32122471.91,6.2,5,2.5,W,35035732.01,20,47000000
"'Imadol, L'",L,34535434.84,Imadol,26245555.56,4.0,4,2.5,S,38378801.08,13,34000000
"'Attarkhel, K'",K,40271779.3,Attarkhel,30000000.0,3.2,8,3.0,E,40021095.89,13,30000000
"'Syuchatar, K'",K,40271779.3,Syuchatar,27519230.77,3.2,4,2.0,N,36524064.17,14,22000000
"'Bhaisepati, L'",L,34535434.84,Bhaisepati,47003669.23,6.0,4,2.5,S,38378801.08,13,50000000
"'Lazimpat, K'",K,40271779.3,Lazimpat,54400000.0,5.2,6,2.5,W,35035732.01,15,60000000
"'Budhanilkantha, K'",K,40271779.3,Budhanilkantha,54403539.82,9.2,4,2.5,W,35035732.01,20,62000000
"'Lambagar, K'",K,40271779.3,Lambagar,21000000.0,4.0,6,2.5,S,38378801.08,11,26000000
"'Baluwakhani, K'",K,40271779.3,Baluwakhani,26636363.64,3.1,6,3.0,W,35035732.01,16,27500000
"'Mandikhatar, K'",K,40271779.3,Mandikhatar,45133333.33,4.0,4,2.5,S,38378801.08,20,42500000
"'Danchhi, K'",K,40271779.3,Danchhi,13500000.0,3.1,2,1.0,NE,38939095.74,20,12000000
"'Dhapasi, K'",K,40271779.3,Dhapasi,43197058.82,9.0,6,2.5,E,40021095.89,12,47000000
"'Jagdol, K'",K,40271779.3,Jagdol,9000000.0,3.2,5,2.0,E,40021095.89,13,9000000
"'Bhaisepati, L'",L,34535434.84,Bhaisepati,47003669.23,4.2,5,2.5,SE,41320000.0,13,45000000
"'Mandikhatar, K'",K,40271779.3,Mandikhatar,45133333.33,3.1,6,2.5,W,35035732.01,13,26500000
"'Mandikhatar, K'",K,40271779.3,Mandikhatar,45133333.33,5.0,6,2.5,E,40021095.89,13,38500000
"'Pepsicola, K'",K,40271779.3,Pepsicola,37138888.89,7.0,5,2.5,S,38378801.08,20,67500000
"'Bhaisepati, L'",L,34535434.84,Bhaisepati,47003669.23,4.2,6,2.5,SE,41320000.0,20,40000000
"'Khumaltar, L'",L,34535434.84,Khumaltar,38023809.52,4.2,4,2.5,S,38378801.08,14,39000000
"'Raniban, K'",K,40271779.3,Raniban,37400000.0,4.2,6,3.5,SW,39995597.48,14,31000000
"'Kusunti, L'",L,34535434.84,Kusunti,47312500.0,4.2,4,2.5,W,35035732.01,11,40000000
"'Golfutar, K'",K,40271779.3,Golfutar,47734782.61,9.0,6,2.5,S,38378801.08,12,125000000
"'Sano bharyang, K'",K,40271779.3,Sano Bharyang,35300000.0,3.3,7,2.5,NW,36240206.19,13,36000000
"'Aakasedhara, K'",K,40271779.3,Aakasedhara,31000000.0,5.0,6,2.5,SW,39995597.48,12,31500000
"'Hattiban, L'",L,34535434.84,Hattiban,39415384.62,4.1,7,3.0,NE,38939095.74,13,40000000
"'Nakhipot, L'",L,34535434.84,Nakhipot,39136363.64,6.94,5,2.5,W,35035732.01,13,32500000
"'Tokha, K'",K,40271779.3,Tokha,26794117.65,2.2,3,1.0,NW,36240206.19,13,10000000
"'Dharmasthali, K'",K,40271779.3,Dharmasthali,19500000.0,5.0,8,2.5,NE,38939095.74,36,26500000
"'Bhaisepati, L'",L,34535434.84,Bhaisepati,47003669.23,3.5,4,2.5,S,38378801.08,15,45000000
"'Golfutar, K'",K,40271779.3,Golfutar,47734782.61,4.0,4,2.5,E,40021095.89,13,32500000
"'Sitapaila, K'",K,40271779.3,Sitapaila,32122471.91,3.0,2,1.0,W,35035732.01,13,14000000
"'Manbhawan, L'",L,34535434.84,Manbhawan,41000000.0,7.2,17,5.0,W,35035732.01,13,62000000
"'Kapan, K'",K,40271779.3,Kapan,24537096.77,3.0,2,1.0,S,38378801.08,13,13500000
"'Hepali Height, K'",K,40271779.3,Hepali Height,38807142.86,4.0,4,2.5,NE,38939095.74,13,33500000
"'Budhanilkantha, K'",K,40271779.3,Budhanilkantha,54403539.82,5.0,6,2.5,SW,39995597.48,14,36000000
"'Machhapokhari, K'",K,40271779.3,Machhapokhari,37333333.33,3.0,16,5.0,W,35035732.01,20,33500000
"'Yetkha, K'",K,40271779.3,Yetkha,32000000.0,2.3,8,4.0,S,38378801.08,16,32000000
"'Sitapaila, K'",K,40271779.3,Sitapaila,32122471.91,5.0,5,2.5,E,40021095.89,13,65000000
"'Pasikot, K'",K,40271779.3,Pasikot,37148571.43,4.4,4,2.5,NE,38939095.74,15,45000000
"'Gothatar, K'",K,40271779.3,Gothatar,30709090.91,3.3,5,2.5,NW,36240206.19,28,24000000
"'Bhangal, K'",K,40271779.3,Bhangal,26641463.41,15.2,6,3.0,W,35035732.01,24,65000000
"'Nakhipot, L'",L,34535434.84,Nakhipot,39136363.64,4.0,7,2.5,SE,41320000.0,12,36000000
"'Imadol, L'",L,34535434.84,Imadol,26245555.56,3.0,3,2.5,S,38378801.08,13,21000000
"'Budhanilkantha, K'",K,40271779.3,Budhanilkantha,54403539.82,13.0,4,2.5,E,40021095.89,13,105000000
"'Budhanilkantha, K'",K,40271779.3,Budhanilkantha,54403539.82,6.0,4,2.5,W,35035732.01,13,46000000
"'Ekatabasti, K'",K,40271779.3,Ekatabasti,28400000.0,4.1,4,2.5,W,35035732.01,16,36000000
"'Mandikhatar, K'",K,40271779.3,Mandikhatar,45133333.33,4.3,5,2.5,E,40021095.89,13,34500000
"'Dhapasi, K'",K,40271779.3,Dhapasi,43197058.82,7.0,5,2.5,NE,38939095.74,13,44000000
"'Lolang, K'",K,40271779.3,Lolang,19860000.0,3.0,2,1.0,E,40021095.89,13,13800000
"'Ekatabasti, K'",K,40271779.3,Ekatabasti,28400000.0,3.0,5,2.5,S,38378801.08,13,18500000
"'Baluwatar, K'",K,40271779.3,Baluwatar,77346153.85,8.0,3,2.5,S,38378801.08,10,80000000
"'Radhe Radhe, B'",B,29873684.19,Radhe Radhe,37833333.33,2.2,4,4.0,N,36524064.17,24,24000000
"'Mandikhatar, K'",K,40271779.3,Mandikhatar,45133333.33,5.0,6,2.5,E,40021095.89,13,37800000
"'Pepsicola, K'",K,40271779.3,Pepsicola,37138888.89,3.2,6,2.5,E,40021095.89,20,24000000
"'Kapan, K'",K,40271779.3,Kapan,24537096.77,3.1,2,1.0,SE,41320000.0,13,16800000
"'Balkot, B'",B,29873684.19,Balkot,33999999.9,6.52,4,3.0,S,38378801.08,20,28000000
"'Putalisadak, K'",K,40271779.3,Putalisadak,63750000.0,3.0,12,6.0,E,40021095.89,13,77500000
"'Thamel, K'",K,40271779.3,Thamel,38500000.0,3.0,5,2.5,SE,41320000.0,13,55000000
"'Kusunti, L'",L,34535434.84,Kusunti,47312500.0,9.0,4,2.5,E,40021095.89,16,110000000
"'Bafal, K'",K,40271779.3,Bafal,36767857.14,4.0,7,2.5,SW,39995597.48,12,36500000
"'Sipadol, B'",B,29873684.19,Sipadol,19125000.0,4.0,2,1.0,SE,41320000.0,13,15000000
"'Budhanilkantha, K'",K,40271779.3,Budhanilkantha,54403539.82,4.5,7,2.5,N,36524064.17,13,50000000
"'Ganesh Chowk, K'",K,40271779.3,Ganesh Chowk,43018181.82,4.0,5,2.5,E,40021095.89,13,35000000
"'Chunikhel, K'",K,40271779.3,Chunikhel,21255555.56,4.0,5,2.5,SW,39995597.48,13,28000000
"'Baluwatar, K'",K,40271779.3,Baluwatar,77346153.85,6.0,5,2.5,W,35035732.01,25,35000000
"'Mhaipi, K'",K,40271779.3,Mhaipi,37125000.0,4.0,4,3.0,N,36524064.17,20,33000000
"'Tikathali, L'",L,34535434.84,Tikathali,21964285.71,2.6,6,2.5,SE,41320000.0,12,22000000
"'Imadol, L'",L,34535434.84,Imadol,26245555.56,3.2,7,2.5,NE,38939095.74,20,28500000
"'Ekatabasti, K'",K,40271779.3,Ekatabasti,28400000.0,4.1,2,1.0,E,40021095.89,16,17000000
"'Budhanilkantha, K'",K,40271779.3,Budhanilkantha,54403539.82,5.0,5,2.5,W,35035732.01,13,36000000
"'Dhapasi, K'",K,40271779.3,Dhapasi,43197058.82,3.1,5,2.5,E,40021095.89,12,21000000
"'Harisiddhi, L'",L,34535434.84,Harisiddhi,24777777.78,3.2,5,2.5,S,38378801.08,20,23500000
"'Rudreshwor, K'",K,40271779.3,Rudreshwor,54909090.91,6.3,5,2.5,E,40021095.89,14,68000000
"'Baluwa, K'",K,40271779.3,Baluwa,12900000.0,3.3,2,1.0,SE,41320000.0,10,6800000
"'Thapathali, K'",K,40271779.3,Thapathali,64720000.0,7.0,5,2.0,E,40021095.89,14,60000000
"'Maijubahal, K'",K,40271779.3,Maijubahal,35000000.0,6.2,5,3.5,N,36524064.17,8,35000000
"'Samakhusi, K'",K,40271779.3,Samakhusi,44224137.93,3.0,3,2.5,W,35035732.01,12,32500000
"'Budhanilkantha, K'",K,40271779.3,Budhanilkantha,54403539.82,3.0,6,2.5,N,36524064.17,15,40000000
"'Budhanilkantha, K'",K,40271779.3,Budhanilkantha,54403539.82,10.0,9,4.5,S,38378801.08,13,105000000
"'Kusunti, L'",L,34535434.84,Kusunti,47312500.0,3.2,5,2.5,S,38378801.08,13,24000000
"'Dhapakhel, L'",L,34535434.84,Dhapakhel,27325000.0,2.2,6,3.0,S,38378801.08,13,19000000
"'Sundarbasti, K'",K,40271779.3,Sundarbasti,30884210.53,3.2,6,3.0,E,40021095.89,12,25500000
"'Chandragiri, K'",K,40271779.3,Chandragiri,22463636.36,15.2,5,2.5,S,38378801.08,14,40000000
"'Baluwakhani, K'",K,40271779.3,Baluwakhani,26636363.64,3.2,5,2.5,E,40021095.89,13,19500000
"'Basundhara, K'",K,40271779.3,Basundhara,40705882.35,5.2,4,2.5,N,36524064.17,16,35000000
"'Thankot, K'",K,40271779.3,Thankot,16989743.59,2.3,5,2.5,SW,39995597.48,13,16000000
"'Imadol, L'",L,34535434.84,Imadol,26245555.56,3.2,5,2.5,S,38378801.08,13,27500000
"'Wasik, K'",K,40271779.3,Wasik,35333333.33,5.2,5,3.0,S,38378801.08,14,37500000
"'Khumaltar, L'",L,34535434.84,Khumaltar,38023809.52,4.1,5,3.5,SE,41320000.0,13,31000000
"'Koteshwor, K'",K,40271779.3,Koteshwor,44111111.11,4.0,5,3.5,E,40021095.89,26,45000000
"'Gongabu, K'",K,40271779.3,Gongabu,42027777.78,8.0,5,2.5,SW,39995597.48,10,51500000
"'Budhanilkantha, K'",K,40271779.3,Budhanilkantha,54403539.82,4.2,4,2.5,SW,39995597.48,13,35000000
"'Ochu Height, L'",L,34535434.84,Ochu Height,28750000.0,3.0,4,2.5,W,35035732.01,13,23000000
"'Mandikhatar, K'",K,40271779.3,Mandikhatar,45133333.33,5.0,5,2.5,E,40021095.89,16,39500000
"'Thankot, K'",K,40271779.3,Thankot,16989743.59,3.0,4,2.5,N,36524064.17,13,21000000
"'Imadol, L'",L,34535434.84,Imadol,26245555.56,7.0,14,4.5,SW,39995597.48,18,70000000
"'Bhaisepati, L'",L,34535434.84,Bhaisepati,47003669.23,4.1,4,2.5,SE,41320000.0,10,38000000
"'Makalbari, K'",K,40271779.3,Makalbari,23000000.0,8.0,2,1.0,NE,38939095.74,13,31000000
"'Imadol, L'",L,34535434.84,Imadol,26245555.56,3.1,4,3.0,E,40021095.89,13,24000000
"'Changathali, L'",L,34535434.84,Changathali,20166666.67,3.1,6,2.5,E,40021095.89,11,15000000
"'Pepsicola, K'",K,40271779.3,Pepsicola,37138888.89,2.2,4,3.0,E,40021095.89,20,24000000
"'Banasthali, K'",K,40271779.3,Banasthali,47525000.0,6.2,5,2.5,E,40021095.89,20,70000000
"'Imadol, L'",L,34535434.84,Imadol,26245555.56,3.2,5,2.5,W,35035732.01,20,27500000
"'Kusunti, L'",L,34535434.84,Kusunti,47312500.0,4.0,5,2.5,N,36524064.17,16,27500000
"'Soltidobato, K'",K,40271779.3,Soltidobato,30000000.0,4.0,3,2.5,S,38378801.08,13,30000000
"'Boharatar, K'",K,40271779.3,Boharatar,30500000.0,6.0,4,2.0,W,35035732.01,13,48500000
"'Ekatabasti, K'",K,40271779.3,Ekatabasti,28400000.0,5.0,4,3.5,N,36524064.17,13,36500000
"'Hepali Height, K'",K,40271779.3,Hepali Height,38807142.86,3.0,5,2.5,S,38378801.08,12,30000000
"'Baniyatar, K'",K,40271779.3,Baniyatar,29888888.89,3.5,7,3.0,SW,39995597.48,14,37500000
"'Machhe Gaun, K'",K,40271779.3,Machhe Gaun,28100000.0,3.0,5,1.5,N,36524064.17,16,12000000
"'Thapagaun, K'",K,40271779.3,Thapagaun,43000000.0,4.2,3,2.5,E,40021095.89,12,43000000
"'Ekatabasti, K'",K,40271779.3,Ekatabasti,28400000.0,4.0,4,2.5,NE,38939095.74,13,29500000
"'Shankhamul, K'",K,40271779.3,Shankhamul,43166666.67,3.2,8,2.5,S,38378801.08,13,45000000
"'Bhaisepati, L'",L,34535434.84,Bhaisepati,47003669.23,3.2,5,2.5,NW,36240206.19,16,26500000
"'Golfutar, K'",K,40271779.3,Golfutar,47734782.61,4.0,4,2.5,E,40021095.89,13,37500000
"'Jharuwarasi, L'",L,34535434.84,Jharuwarasi,14500000.0,4.3,3,2.5,NW,36240206.19,20,13000000
"'Pasikot, K'",K,40271779.3,Pasikot,37148571.43,6.0,5,2.5,SE,41320000.0,13,35000000
"'Manabahadur Marga, K'",K,40271779.3,Manabahadur Marga,31500000.0,4.0,7,2.5,E,40021095.89,13,31000000
"'Sinamangal, K'",K,40271779.3,Sinamangal,47000000.0,4.1,5,2.5,W,35035732.01,20,49000000
"'Manabahadur Marga, K'",K,40271779.3,Manabahadur Marga,31500000.0,4.2,5,2.5,NE,38939095.74,16,33000000
"'Imadol, L'",L,34535434.84,Imadol,26245555.56,3.2,5,2.5,N,36524064.17,13,26500000
"'Manamaiju, K'",K,40271779.3,Manamaiju,31454545.45,8.2,13,3.5,SE,41320000.0,18,58500000
"'Nakhu, L'",L,34535434.84,Nakhu,31019047.62,4.0,4,2.5,SW,39995597.48,15,28000000
"'Imadol, L'",L,34535434.84,Imadol,26245555.56,2.3,4,2.5,E,40021095.89,13,19500000
"'Bhangal, K'",K,40271779.3,Bhangal,26641463.41,4.0,5,2.5,E,40021095.89,13,31000000
"'Bhimsengola, K'",K,40271779.3,Bhimsengola,98000000.0,10.0,6,2.5,NE,38939095.74,20,75000000
"'Manabahadur Marga, K'",K,40271779.3,Manabahadur Marga,31500000.0,4.0,5,3.5,W,35035732.01,20,35000000
"'Bhangal, K'",K,40271779.3,Bhangal,26641463.41,5.0,5,2.5,E,40021095.89,13,29500000
"'Darjeeling Height, B'",B,29873684.19,Darjeeling Height,17500000.0,2.0,4,2.0,S,38378801.08,10,17500000
"'Rudreshwor, K'",K,40271779.3,Rudreshwor,54909090.91,12.0,5,2.5,SE,41320000.0,13,145000000
"'Sanepa, L'",L,34535434.84,Sanepa,71436842.11,5.0,5,2.5,SE,41320000.0,10,45000000
"'Dhapasi, K'",K,40271779.3,Dhapasi,43197058.82,3.0,5,2.5,E,40021095.89,13,21000000
"'Narayanthan, K'",K,40271779.3,Narayanthan,57666666.67,11.0,5,2.5,E,40021095.89,13,105000000
"'Bhelpa, L'",L,34535434.84,Bhelpa,26500000.0,3.2,5,2.5,SW,39995597.48,11,26500000
"'Sanepa, L'",L,34535434.84,Sanepa,71436842.11,5.0,6,2.5,NE,38939095.74,16,65000000
"'Manamaiju, K'",K,40271779.3,Manamaiju,31454545.45,4.0,9,3.5,S,38378801.08,12,38000000
"'Maitidevi, K'",K,40271779.3,Maitidevi,74500000.0,14.0,8,3.5,E,40021095.89,13,105000000
"'Sukedhara, K'",K,40271779.3,Sukedhara,38941379.31,4.0,7,2.5,S,38378801.08,12,29500000
"'Hattigauda, K'",K,40271779.3,Hattigauda,40888888.89,5.1,5,3.5,N,36524064.17,13,39000000
"'Thaiba, L'",L,34535434.84,Thaiba,30846153.85,3.1,4,2.5,SE,41320000.0,20,12500000
"'Bhaisepati, L'",L,34535434.84,Bhaisepati,47003669.23,4.2,4,2.5,SE,41320000.0,20,45000000
"'Jawalakhel, L'",L,34535434.84,Jawalakhel,66500000.0,3.0,7,3.5,W,35035732.01,18,30000000
"'Golfutar, K'",K,40271779.3,Golfutar,47734782.61,4.1,4,2.5,E,40021095.89,13,37500000
"'Chunikhel, K'",K,40271779.3,Chunikhel,21255555.56,3.1,5,2.5,SE,41320000.0,13,20500000
"'Mandikhatar, K'",K,40271779.3,Mandikhatar,45133333.33,3.2,5,2.5,E,40021095.89,13,22200000
"'Machhapokhari, K'",K,40271779.3,Machhapokhari,37333333.33,6.3,14,5.5,SE,41320000.0,20,48500000
"'Dallu, K'",K,40271779.3,Dallu,36944444.44,3.2,6,4.5,E,40021095.89,20,45000000
"'Budhanilkantha, K'",K,40271779.3,Budhanilkantha,54403539.82,5.0,4,2.5,S,38378801.08,13,48000000
"'Dhumbarahi, K'",K,40271779.3,Dhumbarahi,59708333.33,6.1,7,4.5,SE,41320000.0,36,69000000
"'Budhanilkantha, K'",K,40271779.3,Budhanilkantha,54403539.82,18.0,5,2.5,SE,41320000.0,15,165000000
"'Koteshwor, K'",K,40271779.3,Koteshwor,44111111.11,4.0,6,4.5,E,40021095.89,26,45000000
"'Bhaisepati, L'",L,34535434.84,Bhaisepati,47003669.23,5.2,5,2.5,NE,38939095.74,18,38000000
"'Budhanilkantha, K'",K,40271779.3,Budhanilkantha,54403539.82,8.2,4,2.5,NE,38939095.74,13,55000000
"'Bhaisepati, L'",L,34535434.84,Bhaisepati,47003669.23,3.0,6,2.5,NW,36240206.19,20,36000000
"'Anamnagar, K'",K,40271779.3,Anamnagar,29500000.0,3.3,6,3.5,SW,39995597.48,11,42500000
"'Phutung, K'",K,40271779.3,Phutung,21725000.0,4.2,5,3.0,W,35035732.01,18,26000000
"'Bhaisepati, L'",L,34535434.84,Bhaisepati,47003669.23,3.2,6,2.5,SE,41320000.0,20,29500000
"'Narayanthan, K'",K,40271779.3,Narayanthan,57666666.67,7.0,6,2.5,N,36524064.17,18,65000000
"'Aakasedhara, K'",K,40271779.3,Aakasedhara,31000000.0,5.0,5,2.5,SE,41320000.0,20,45000000
"'Gokarneswhor, K'",K,40271779.3,Gokarneswhor,24166666.67,3.1,2,1.0,E,40021095.89,12,13000000
"'Kapan, K'",K,40271779.3,Kapan,24537096.77,2.2,4,2.5,N,36524064.17,12,15500000
"'Banasthali, K'",K,40271779.3,Banasthali,47525000.0,13.2,6,2.5,SE,41320000.0,20,70000000
"'Baluwakhani, K'",K,40271779.3,Baluwakhani,26636363.64,5.0,7,3.0,W,35035732.01,13,38000000
"'Bhangal, K'",K,40271779.3,Bhangal,26641463.41,4.0,4,2.5,N,36524064.17,13,29000000
"'Mandikhatar, K'",K,40271779.3,Mandikhatar,45133333.33,3.2,4,2.5,E,40021095.89,32,27500000
"'Chhaling, B'",B,29873684.19,Chhaling,9500000.0,4.0,2,1.0,N,36524064.17,16,9500000
"'Sunakothi, L'",L,34535434.84,Sunakothi,41100000.0,4.2,3,1.5,SW,39995597.48,8,12500000
"'Panga, K'",K,40271779.3,Panga,31250000.0,5.2,14,3.5,S,38378801.08,12,35000000
"'Thankot, K'",K,40271779.3,Thankot,16989743.59,3.3,5,2.5,S,38378801.08,13,16000000
"'Jyotinagar, K'",K,40271779.3,Jyotinagar,31388888.89,3.2,7,2.5,S,38378801.08,13,22500000
"'Machhe Gaun, K'",K,40271779.3,Machhe Gaun,28100000.0,3.1,7,2.5,E,40021095.89,13,10500000
"'Sundarbasti, K'",K,40271779.3,Sundarbasti,30884210.53,4.0,6,2.5,E,40021095.89,18,27500000
"'Thulo Bharayang, K'",K,40271779.3,Thulo Bharayang,35125000.0,3.1,4,2.5,W,35035732.01,14,25000000
"'Chyasal, L'",L,34535434.84,Chyasal,23250000.0,3.0,7,3.0,W,35035732.01,13,22500000
"'Kavresthali, K'",K,40271779.3,Kavresthali,17000000.0,3.1,5,2.5,N,36524064.17,13,18500000
"'Imadol, L'",L,34535434.84,Imadol,26245555.56,3.1,5,2.5,S,38378801.08,16,22500000
"'Budhanilkantha, K'",K,40271779.3,Budhanilkantha,54403539.82,4.0,6,2.5,SE,41320000.0,14,32500000
"'Naya Basti, K'",K,40271779.3,Naya Basti,31071428.57,3.3,5,3.5,E,40021095.89,12,25000000
"'Kalanki, K'",K,40271779.3,Kalanki,26308823.53,6.3,8,3.5,S,38378801.08,20,45000000
"'Bhaisepati, L'",L,34535434.84,Bhaisepati,47003669.23,3.2,4,2.5,SW,39995597.48,20,26500000
"'Kapan, K'",K,40271779.3,Kapan,24537096.77,3.3,6,2.5,W,35035732.01,12,24000000
"'Bhaisepati, L'",L,34535434.84,Bhaisepati,47003669.23,4.0,6,2.5,NW,36240206.19,16,37000000
"'Balkot, B'",B,29873684.19,Balkot,33999999.9,6.0,4,3.5,S,38378801.08,10,42500000
"'Mulpani, K'",K,40271779.3,Mulpani,20590909.09,4.0,5,2.5,N,36524064.17,20,31500000
"'Nakhudole, L'",L,34535434.84,Nakhudole,24250000.0,4.0,3,2.5,S,38378801.08,10,27500000
"'Basundhara, K'",K,40271779.3,Basundhara,40705882.35,6.0,7,2.5,S,38378801.08,14,47500000
"'Kalikasthan, K'",K,40271779.3,Kalikasthan,61666666.67,4.0,8,5.5,NW,36240206.19,15,60000000
"'Sainbu, L'",L,34535434.84,Sainbu,41642857.14,3.2,4,3.0,SE,41320000.0,15,35000000
"'Bansbari, K'",K,40271779.3,Bansbari,52578947.37,10.2,5,2.5,E,40021095.89,15,62000000
"'Padmasal, K'",K,40271779.3,Padmasal,22000000.0,5.0,3,3.0,NE,38939095.74,10,20000000
"'Buddha Chowk, K'",K,40271779.3,Buddha Chowk,30375000.0,5.0,5,2.5,W,35035732.01,13,36000000
"'Mahadevtar, K'",K,40271779.3,Mahadevtar,51100000.0,10.2,6,2.5,S,38378801.08,20,46500000
"'Budhanilkantha, K'",K,40271779.3,Budhanilkantha,54403539.82,16.0,5,2.5,NE,38939095.74,13,69000000
"'Bhangal, K'",K,40271779.3,Bhangal,26641463.41,5.0,3,2.5,SW,39995597.48,13,34000000
"'Dhungedhara, K'",K,40271779.3,Dhungedhara,34816666.67,9.2,4,2.5,E,40021095.89,20,65000000
"'Kapan, K'",K,40271779.3,Kapan,24537096.77,4.2,6,2.5,S,38378801.08,12,37500000
"'Thankot, K'",K,40271779.3,Thankot,16989743.59,3.0,4,2.0,N,36524064.17,13,12500000
"'Mahadevtar, K'",K,40271779.3,Mahadevtar,51100000.0,10.1,6,2.5,S,38378801.08,20,46500000
"'Maharajgunj, K'",K,40271779.3,Maharajgunj,66125000.0,5.0,12,4.5,W,35035732.01,12,41000000
"'Hattiban, L'",L,34535434.84,Hattiban,39415384.62,3.2,8,3.5,E,40021095.89,13,34000000
"'Budhanilkantha, K'",K,40271779.3,Budhanilkantha,54403539.82,4.2,5,2.5,SE,41320000.0,13,28500000
"'Sitapaila, K'",K,40271779.3,Sitapaila,32122471.91,4.0,5,2.5,W,35035732.01,13,18500000
"'Mid Baneshwor, K'",K,40271779.3,Mid Baneshwor,71250000.0,16.0,3,2.5,W,35035732.01,12,100000000
"'Teku, K'",K,40271779.3,Teku,77500000.0,8.1,7,3.5,E,40021095.89,10,77500000
"'Bhutkhel , K'",K,40271779.3,Bhutkhel,22350000.0,4.0,7,3.0,W,35035732.01,20,26700000
"'Khadka Gaun, K'",K,40271779.3,Khadka Gaun,24850000.0,3.0,5,2.5,SE,41320000.0,13,21900000
"'Syuchatar, K'",K,40271779.3,Syuchatar,27519230.77,3.0,6,2.5,E,40021095.89,13,22500000
"'Goldhunga, K'",K,40271779.3,Goldhunga,20686666.67,3.0,2,1.0,S,38378801.08,16,13000000
"'Bouddha, K'",K,40271779.3,Bouddha,61083333.33,4.0,6,2.5,E,40021095.89,18,29500000
"'Satungal, K'",K,40271779.3,Satungal,20550000.0,3.2,6,2.5,W,35035732.01,13,18500000
"'Gurjudhara, K'",K,40271779.3,Gurjudhara,21375000.0,2.5,5,2.5,W,35035732.01,13,16500000
"'Naikap, K'",K,40271779.3,Naikap,27187500.0,3.1,4,2.5,S,38378801.08,13,21000000
"'Dhungedhara, K'",K,40271779.3,Dhungedhara,34816666.67,3.5,5,2.5,N,36524064.17,13,33000000
"'Grande Hospital, K'",K,40271779.3,Grande Hospital,34471428.57,8.2,5,2.5,W,35035732.01,18,70000000
"'Golfutar, K'",K,40271779.3,Golfutar,47734782.61,5.1,6,2.5,E,40021095.89,12,29500000
"'Sukedhara, K'",K,40271779.3,Sukedhara,38941379.31,4.0,4,2.5,S,38378801.08,12,30000000
"'Gatthaghar, B'",B,29873684.19,Gatthaghar,35000000.0,4.0,5,3.5,W,35035732.01,13,30000000
"'Pasikot, K'",K,40271779.3,Pasikot,37148571.43,5.0,5,2.5,N,36524064.17,13,36000000
"'Bhaisepati, L'",L,34535434.84,Bhaisepati,47003669.23,5.3,7,3.5,NE,38939095.74,16,49500000
"'Koteshwor, K'",K,40271779.3,Koteshwor,44111111.11,9.2,7,3.5,SE,41320000.0,20,60000000
"'Nikhileshwor, K'",K,40271779.3,Nikhileshwor,25750000.0,3.2,5,2.5,W,35035732.01,16,24000000
"'Gurjudhara, K'",K,40271779.3,Gurjudhara,21375000.0,6.0,5,2.5,SE,41320000.0,10,29000000
"'Naikap, K'",K,40271779.3,Naikap,27187500.0,3.1,2,1.0,W,35035732.01,32,8500000
"'Baniyatar, K'",K,40271779.3,Baniyatar,29888888.89,3.0,4,2.5,W,35035732.01,12,19500000
"'Paiyatar, K'",K,40271779.3,Paiyatar,20300000.0,3.2,2,1.0,E,40021095.89,13,13500000
"'Padmasal, K'",K,40271779.3,Padmasal,22000000.0,3.2,5,3.0,W,35035732.01,13,24000000
"'Imadol, L'",L,34535434.84,Imadol,26245555.56,2.2,3,2.0,S,38378801.08,13,17000000
"'Khichapokhari, K'",K,40271779.3,Khichapokhari,35500000.0,5.3,7,4.0,W,35035732.01,10,35500000
"'Paiyatar, K'",K,40271779.3,Paiyatar,20300000.0,3.0,11,2.5,SE,41320000.0,13,17500000
"'Maharajgunj, K'",K,40271779.3,Maharajgunj,66125000.0,8.1,6,3.0,E,40021095.89,14,75000000
"'Lubhu, L'",L,34535434.84,Lubhu,20353333.33,3.0,4,2.5,S,38378801.08,20,29000000
"'Bhangal, K'",K,40271779.3,Bhangal,26641463.41,3.0,4,2.5,NW,36240206.19,13,17500000
"'Bhangal, K'",K,40271779.3,Bhangal,26641463.41,3.2,4,2.5,N,36524064.17,20,21000000
"'Jyotinagar, K'",K,40271779.3,Jyotinagar,31388888.89,5.3,4,2.5,W,35035732.01,13,33500000
"'Dhapasi, K'",K,40271779.3,Dhapasi,43197058.82,3.0,5,2.5,E,40021095.89,12,19500000
"'Hattiban, L'",L,34535434.84,Hattiban,39415384.62,5.5,5,3.0,S,38378801.08,16,50000000
"'Megha City, K'",K,40271779.3,Megha City,23933333.33,3.2,5,3.5,SE,41320000.0,13,29900000
"'Jarankhu, K'",K,40271779.3,Jarankhu,34066666.67,16.0,5,2.5,W,35035732.01,12,65000000
"'Pasikot, K'",K,40271779.3,Pasikot,37148571.43,4.0,5,2.5,SE,41320000.0,20,24000000
"'Jaya Bageshwori, K'",K,40271779.3,Jaya Bageshwori,38500000.0,4.0,5,3.0,N,36524064.17,18,38500000
"'Sallaghari, B'",B,29873684.19,Sallaghari,31250000.0,6.1,4,2.5,NE,38939095.74,20,37500000
"'Golfutar, K'",K,40271779.3,Golfutar,47734782.61,9.0,4,2.5,S,38378801.08,12,110000000
"'Dhungedhara, K'",K,40271779.3,Dhungedhara,34816666.67,6.0,5,2.5,SE,41320000.0,13,55000000
"'Dhaneshwor, K'",K,40271779.3,Dhaneshwor,16750000.0,3.0,2,1.0,E,40021095.89,13,13500000
"'Bafal, K'",K,40271779.3,Bafal,36767857.14,9.2,3,2.5,E,40021095.89,13,70000000
"'Srijananagar, B'",B,29873684.19,Srijananagar,19250000.0,3.2,7,3.0,NW,36240206.19,20,22500000
"'Ekatabasti, K'",K,40271779.3,Ekatabasti,28400000.0,5.3,3,2.5,S,38378801.08,13,33000000
"'Mandikhatar, K'",K,40271779.3,Mandikhatar,45133333.33,3.0,6,2.5,N,36524064.17,13,21000000
"'Bhangal, K'",K,40271779.3,Bhangal,26641463.41,4.0,4,2.5,E,40021095.89,16,23500000
"'Kapan, K'",K,40271779.3,Kapan,24537096.77,3.0,2,1.0,E,40021095.89,10,11200000
"'Bhangal, K'",K,40271779.3,Bhangal,26641463.41,3.2,2,1.0,NW,36240206.19,13,13500000
"'Sukedhara, K'",K,40271779.3,Sukedhara,38941379.31,2.2,4,2.5,N,36524064.17,13,17000000
"'Lubhu, L'",L,34535434.84,Lubhu,20353333.33,3.1,5,2.5,S,38378801.08,11,15000000
"'Ram Mandir, K'",K,40271779.3,Ram Mandir,29380000.0,3.5,5,4.0,NE,38939095.74,26,37500000
"'Sano thimi, B'",B,29873684.19,Sano Thimi,49500000.0,8.0,6,4.0,E,40021095.89,20,50000000
"'Chapali, K'",K,40271779.3,Chapali,41350000.0,5.0,6,2.5,N,36524064.17,18,39000000
"'Aakasedhara, K'",K,40271779.3,Aakasedhara,31000000.0,4.0,5,2.5,N,36524064.17,10,19000000
"'Paiyatar, K'",K,40271779.3,Paiyatar,20300000.0,4.2,6,2.5,E,40021095.89,12,22000000
"'Ganesh Chowk, K'",K,40271779.3,Ganesh Chowk,43018181.82,4.2,4,2.5,S,38378801.08,13,32500000
"'Naya Basti, K'",K,40271779.3,Naya Basti,31071428.57,5.0,7,3.0,E,40021095.89,10,28000000
"'Thankot, K'",K,40271779.3,Thankot,16989743.59,4.0,4,2.5,N,36524064.17,13,16500000
"'Hattiban, L'",L,34535434.84,Hattiban,39415384.62,9.0,2,1.0,SW,39995597.48,20,38000000
"'Hattiban, L'",L,34535434.84,Hattiban,39415384.62,3.2,3,2.5,W,35035732.01,20,32500000
"'Gaurighat, K'",K,40271779.3,Gaurighat,39333333.33,7.0,9,5.0,S,38378801.08,10,60000000
"'Lolang, K'",K,40271779.3,Lolang,19860000.0,3.0,6,2.0,N,36524064.17,18,15500000
"'Goldhunga, K'",K,40271779.3,Goldhunga,20686666.67,3.0,5,2.0,S,38378801.08,13,15000000
"'Pasikot, K'",K,40271779.3,Pasikot,37148571.43,12.0,3,2.0,N,36524064.17,12,75000000
"'Pasikot, K'",K,40271779.3,Pasikot,37148571.43,9.0,6,3.5,E,40021095.89,16,60000000
"'Koteshwor, K'",K,40271779.3,Koteshwor,44111111.11,2.2,6,2.5,E,40021095.89,12,27500000
"'Bhangal, K'",K,40271779.3,Bhangal,26641463.41,4.1,5,2.5,NW,36240206.19,13,22000000
"'Sai Baba chowk, K'",K,40271779.3,Sai Baba Chowk,25000000.0,4.0,6,2.5,E,40021095.89,13,25000000
"'Greenland Chowk, K'",K,40271779.3,Greenland Chowk,41250000.0,9.0,7,2.5,E,40021095.89,10,45000000
"'Sundarbasti, K'",K,40271779.3,Sundarbasti,30884210.53,3.2,6,2.5,S,38378801.08,12,20000000
"'Imadol, L'",L,34535434.84,Imadol,26245555.56,3.0,5,2.5,E,40021095.89,20,21000000
"'Chapali, K'",K,40271779.3,Chapali,41350000.0,5.0,5,2.5,NW,36240206.19,12,44000000
"'Bhaisepati, L'",L,34535434.84,Bhaisepati,47003669.23,4.0,3,2.5,N,36524064.17,16,40000000
"'Bhaisepati, L'",L,34535434.84,Bhaisepati,47003669.23,5.0,4,2.5,E,40021095.89,15,36000000
"'Imadol, L'",L,34535434.84,Imadol,26245555.56,2.3,4,2.5,N,36524064.17,13,18000000
"'Saraswotinagar, K'",K,40271779.3,Saraswotinagar,31500000.0,7.0,4,2.5,NE,38939095.74,13,40000000
"'Imadol, L'",L,34535434.84,Imadol,26245555.56,3.2,6,2.5,E,40021095.89,16,23500000
"'Banasthali, K'",K,40271779.3,Banasthali,47525000.0,11.0,4,2.5,E,40021095.89,20,70000000
"'Bhimsengola, K'",K,40271779.3,Bhimsengola,98000000.0,7.2,4,2.5,N,36524064.17,16,65000000
"'Special Court, K'",K,40271779.3,Special Court,62500000.0,10.0,5,2.5,NE,38939095.74,12,62500000
"'Chandol, K'",K,40271779.3,Chandol,46812500.0,4.0,4,2.5,W,35035732.01,16,34000000
"'Bhaisepati, L'",L,34535434.84,Bhaisepati,47003669.23,3.2,4,2.5,N,36524064.17,13,24500000
"'Kadaghari, K'",K,40271779.3,Kadaghari,18933333.33,3.0,6,2.5,SW,39995597.48,13,24000000
"'Bhangal, K'",K,40271779.3,Bhangal,26641463.41,3.1,5,2.5,NW,36240206.19,13,18500000
"'Sundarbasti, K'",K,40271779.3,Sundarbasti,30884210.53,3.1,5,2.5,N,36524064.17,13,20000000
"'Sipadol, B'",B,29873684.19,Sipadol,19125000.0,4.1,5,2.5,S,38378801.08,13,22000000
"'Bansbari, K'",K,40271779.3,Bansbari,52578947.37,7.2,6,2.5,W,35035732.01,20,52000000
"'Kupandole, L'",L,34535434.84,Kupandole,65055555.56,17.2,9,3.5,SW,39995597.48,9,80000000
"'Bhatkepati, K'",K,40271779.3,Bhatkepati,21250000.0,6.0,4,2.5,N,36524064.17,20,25000000
"'Dadhikot, B'",B,29873684.19,Dadhikot,27625000.0,4.0,12,3.5,SE,41320000.0,20,25000000
"'Dhungedhara, K'",K,40271779.3,Dhungedhara,34816666.67,4.1,7,2.5,SW,39995597.48,13,29800000
"'Kusunti, L'",L,34535434.84,Kusunti,47312500.0,4.3,4,2.5,SE,41320000.0,20,31000000
"'Chabahil, K'",K,40271779.3,Chabahil,83909090.91,4.2,8,3.0,W,35035732.01,20,32000000
"'Sitapaila, K'",K,40271779.3,Sitapaila,32122471.91,3.2,4,2.5,S,38378801.08,20,27000000
"'Radhe Radhe, B'",B,29873684.19,Radhe Radhe,37833333.33,4.3,4,2.5,E,40021095.89,20,27000000
"'Imadol, L'",L,34535434.84,Imadol,26245555.56,4.0,6,3.5,SE,41320000.0,13,23000000
"'Nakhu, L'",L,34535434.84,Nakhu,31019047.62,3.0,3,2.5,W,35035732.01,13,23000000
"'Golfutar, K'",K,40271779.3,Golfutar,47734782.61,4.0,3,1.0,SE,41320000.0,13,16000000
"'Nakhu, L'",L,34535434.84,Nakhu,31019047.62,4.0,4,2.5,S,38378801.08,14,30000000
"'Sundarbasti, K'",K,40271779.3,Sundarbasti,30884210.53,4.0,4,2.5,SE,41320000.0,12,25000000
"'Kusunti, L'",L,34535434.84,Kusunti,47312500.0,4.0,5,2.5,S,38378801.08,15,27500000
"'Bhaisepati, L'",L,34535434.84,Bhaisepati,47003669.23,5.0,4,2.5,S,38378801.08,13,36000000
"'Nakhu, L'",L,34535434.84,Nakhu,31019047.62,3.0,3,2.5,N,36524064.17,13,23000000
"'Dhapakhel, L'",L,34535434.84,Dhapakhel,27325000.0,4.0,7,2.5,S,38378801.08,20,29000000
"'Imadol, L'",L,34535434.84,Imadol,26245555.56,5.2,7,2.5,W,35035732.01,13,25000000
"'Sukedhara, K'",K,40271779.3,Sukedhara,38941379.31,3.1,10,4.0,W,35035732.01,25,28000000
"'Imadol, L'",L,34535434.84,Imadol,26245555.56,5.3,6,2.5,E,40021095.89,16,29500000
"'Bhaisepati, L'",L,34535434.84,Bhaisepati,47003669.23,5.0,5,2.5,SW,39995597.48,13,33500000
"'Dhapasi, K'",K,40271779.3,Dhapasi,43197058.82,4.0,5,2.5,NE,38939095.74,13,37500000
"'Sallaghari, B'",B,29873684.19,Sallaghari,31250000.0,4.0,6,2.5,SW,39995597.48,13,25000000
"'Srijananagar, B'",B,29873684.19,Srijananagar,19250000.0,3.3,5,2.5,E,40021095.89,8,16000000
"'Dhungedhara, K'",K,40271779.3,Dhungedhara,34816666.67,4.0,5,2.5,N,36524064.17,13,27500000
"'Sukedhara, K'",K,40271779.3,Sukedhara,38941379.31,2.3,5,2.5,N,36524064.17,13,16000000
"'Mulpani, K'",K,40271779.3,Mulpani,20590909.09,3.0,5,2.5,W,35035732.01,8,14000000
"'Dahachowk, K'",K,40271779.3,Dahachowk,18250000.0,2.4,4,2.5,W,35035732.01,18,18000000
"'Thecho, L'",L,34535434.84,Thecho,45833333.33,5.3,7,3.5,S,38378801.08,12,27500000
"'Nakhipot, L'",L,34535434.84,Nakhipot,39136363.64,3.1,4,2.5,E,40021095.89,15,23500000
"'Dhapasi, K'",K,40271779.3,Dhapasi,43197058.82,4.0,5,3.0,SW,39995597.48,28,30000000
"'Deuba Chowk, K'",K,40271779.3,Deuba Chowk,50100000.0,6.0,4,2.5,N,36524064.17,15,47000000
"'Shankhamul, K'",K,40271779.3,Shankhamul,43166666.67,3.0,12,5.5,E,40021095.89,12,51000000
"'Kamalbinayak, B'",B,29873684.19,Kamalbinayak,39900000.0,4.2,9,4.5,SW,39995597.48,13,39900000
"'Mahadevtar, K'",K,40271779.3,Mahadevtar,51100000.0,7.2,14,3.5,E,40021095.89,12,42500000
"'Khumaltar, L'",L,34535434.84,Khumaltar,38023809.52,5.0,4,2.5,NE,38939095.74,13,28500000
"'Ram Mandir, K'",K,40271779.3,Ram Mandir,29380000.0,5.0,6,2.5,N,36524064.17,16,28500000
"'Bagbazar, K'",K,40271779.3,Bagbazar,48000000.0,2.0,4,5.0,E,40021095.89,20,26000000
"'Khusibu, K'",K,40271779.3,Khusibu,45666666.67,2.2,6,2.5,E,40021095.89,13,22500000
"'Chhauni, K'",K,40271779.3,Chhauni,40166666.67,4.2,4,2.5,N,36524064.17,14,31000000
"'Chhauni, K'",K,40271779.3,Chhauni,40166666.67,12.2,5,2.5,E,40021095.89,12,85000000
"'Setipakha, L'",L,34535434.84,Setipakha,25400000.0,4.1,5,2.5,E,40021095.89,12,22500000
"'Gurjudhara, K'",K,40271779.3,Gurjudhara,21375000.0,3.0,4,2.5,W,35035732.01,13,15500000
"'Hattigauda, K'",K,40271779.3,Hattigauda,40888888.89,4.0,5,2.5,E,40021095.89,15,32500000
"'Budhanilkantha, K'",K,40271779.3,Budhanilkantha,54403539.82,12.0,6,3.5,W,35035732.01,13,100000000
"'Tinkune, K'",K,40271779.3,Tinkune,38750000.0,4.2,6,2.5,E,40021095.89,16,45000000
"'Dhungedhara, K'",K,40271779.3,Dhungedhara,34816666.67,16.0,5,2.5,N,36524064.17,12,72500000
"'Hattiban, L'",L,34535434.84,Hattiban,39415384.62,4.1,6,3.0,S,38378801.08,13,28700000
"'Basundhara, K'",K,40271779.3,Basundhara,40705882.35,12.0,7,3.5,SW,39995597.48,20,92000000
"'Ganesh Chowk, K'",K,40271779.3,Ganesh Chowk,43018181.82,4.0,4,2.5,S,38378801.08,15,32000000
"'Grande Hospital, K'",K,40271779.3,Grande Hospital,34471428.57,3.1,3,2.0,NE,38939095.74,21,24500000
"'Nakhu, L'",L,34535434.84,Nakhu,31019047.62,4.1,4,2.5,SW,39995597.48,15,33000000
"'Kusunti, L'",L,34535434.84,Kusunti,47312500.0,4.0,5,2.5,S,38378801.08,15,27000000
"'Kusunti, L'",L,34535434.84,Kusunti,47312500.0,3.2,4,2.5,S,38378801.08,15,24000000
"'Mulpani, K'",K,40271779.3,Mulpani,20590909.09,4.2,8,3.0,W,35035732.01,12,29500000
"'Gokarneswhor, K'",K,40271779.3,Gokarneswhor,24166666.67,4.0,8,4.5,S,38378801.08,11,27000000
"'Golfutar, K'",K,40271779.3,Golfutar,47734782.61,4.0,6,2.5,E,40021095.89,18,28000000
"'Bhaisepati, L'",L,34535434.84,Bhaisepati,47003669.23,3.1,4,2.5,NW,36240206.19,18,19900000
"'Syuchatar, K'",K,40271779.3,Syuchatar,27519230.77,5.0,4,2.5,E,40021095.89,16,25000000
"'Ganesh Chowk, K'",K,40271779.3,Ganesh Chowk,43018181.82,5.0,5,2.5,S,38378801.08,13,35000000
"'Ganesh Chowk, K'",K,40271779.3,Ganesh Chowk,43018181.82,4.2,5,2.5,SW,39995597.48,15,32000000
"'Narayanthan, K'",K,40271779.3,Narayanthan,57666666.67,7.2,4,2.5,NE,38939095.74,13,55000000
"'Narayanthan, K'",K,40271779.3,Narayanthan,57666666.67,4.0,5,2.5,NE,38939095.74,13,35000000
"'Nakhu, L'",L,34535434.84,Nakhu,31019047.62,3.0,4,2.5,E,40021095.89,20,23500000
"'Nakhu, L'",L,34535434.84,Nakhu,31019047.62,3.0,4,2.5,S,38378801.08,16,23000000
"'Bhaisepati, L'",L,34535434.84,Bhaisepati,47003669.23,4.3,4,2.5,E,40021095.89,16,28000000
"'Kusunti, L'",L,34535434.84,Kusunti,47312500.0,3.1,4,2.5,NW,36240206.19,15,23500000
"'Shankhamul, K'",K,40271779.3,Shankhamul,43166666.67,4.0,7,2.5,W,35035732.01,13,40000000
"'Hattiban, L'",L,34535434.84,Hattiban,39415384.62,4.0,6,2.5,E,40021095.89,12,21500000
"'Gothatar, K'",K,40271779.3,Gothatar,30709090.91,6.0,4,2.5,SW,39995597.48,20,40000000
"'Syuchatar, K'",K,40271779.3,Syuchatar,27519230.77,3.0,6,2.5,S,38378801.08,13,20500000
"'Budhanilkantha, K'",K,40271779.3,Budhanilkantha,54403539.82,7.0,5,2.5,E,40021095.89,20,45000000
"'Khadka Gaun, K'",K,40271779.3,Khadka Gaun,24850000.0,4.0,4,2.5,NW,36240206.19,13,23000000
"'Mandikhatar, K'",K,40271779.3,Mandikhatar,45133333.33,5.0,6,2.5,E,40021095.89,18,45000000
"'Nakhipot, L'",L,34535434.84,Nakhipot,39136363.64,7.0,8,3.0,W,35035732.01,20,80000000
"'Mahadevsthan, K'",K,40271779.3,Mahadevsthan,12614285.71,3.0,2,1.0,E,40021095.89,10,10500000
"'Hattiban, L'",L,34535434.84,Hattiban,39415384.62,4.0,3,2.0,S,38378801.08,13,21100000
"'Kapan, K'",K,40271779.3,Kapan,24537096.77,3.2,3,2.5,E,40021095.89,13,14000000
"'Thaiba, L'",L,34535434.84,Thaiba,30846153.85,6.0,4,2.5,NE,38939095.74,20,48500000
"'Dhumbarahi, K'",K,40271779.3,Dhumbarahi,59708333.33,16.0,4,2.5,SE,41320000.0,15,130000000
"'Narephate, K'",K,40271779.3,Narephate,31166666.67,6.0,6,2.5,W,35035732.01,13,38500000
"'Sano bharyang, K'",K,40271779.3,Sano Bharyang,35300000.0,5.1,7,2.5,S,38378801.08,12,18500000
"'Sitapaila, K'",K,40271779.3,Sitapaila,32122471.91,6.5,5,2.0,S,38378801.08,14,70000000
"'Chandol, K'",K,40271779.3,Chandol,46812500.0,6.0,5,2.0,N,36524064.17,18,46000000
"'Budhanilkantha, K'",K,40271779.3,Budhanilkantha,54403539.82,8.6,7,2.5,S,38378801.08,13,115000000
"'Bhaisepati, L'",L,34535434.84,Bhaisepati,47003669.23,4.0,6,2.5,NW,36240206.19,16,37500000
"'Narayanthan, K'",K,40271779.3,Narayanthan,57666666.67,11.0,6,2.5,SE,41320000.0,14,80000000
"'Naxal, K'",K,40271779.3,Naxal,68200000.0,17.0,5,2.5,S,38378801.08,16,135000000
"'Dhapasi, K'",K,40271779.3,Dhapasi,43197058.82,6.0,6,2.5,S,38378801.08,20,33000000
"'Hepali Height, K'",K,40271779.3,Hepali Height,38807142.86,4.0,6,2.5,N,36524064.17,14,33000000
"'Sitapaila, K'",K,40271779.3,Sitapaila,32122471.91,4.2,4,2.5,N,36524064.17,16,24000000
"'Makalbari, K'",K,40271779.3,Makalbari,23000000.0,2.2,6,3.5,NE,38939095.74,12,17000000
"'Karyabinayak, L'",L,34535434.84,Karyabinayak,34166666.67,4.0,4,2.5,W,35035732.01,20,32500000
"'Syuchatar, K'",K,40271779.3,Syuchatar,27519230.77,4.0,7,3.5,N,36524064.17,20,29500000
"'Mulpani, K'",K,40271779.3,Mulpani,20590909.09,4.1,4,3.0,SE,41320000.0,14,22500000
"'Bhaisepati, L'",L,34535434.84,Bhaisepati,47003669.23,3.2,4,2.5,N,36524064.17,20,25000000
"'Ram Mandir, K'",K,40271779.3,Ram Mandir,29380000.0,4.2,6,2.5,SW,39995597.48,13,27200000
"'Sukedhara, K'",K,40271779.3,Sukedhara,38941379.31,6.0,5,2.5,W,35035732.01,12,40000000
"'Dhumbarahi, K'",K,40271779.3,Dhumbarahi,59708333.33,5.5,7,3.0,E,40021095.89,12,62500000
"'Dhungedhara, K'",K,40271779.3,Dhungedhara,34816666.67,3.2,7,3.0,S,38378801.08,12,26000000
"'Thankot, K'",K,40271779.3,Thankot,16989743.59,4.2,4,2.5,W,35035732.01,13,16000000
"'Imadol, L'",L,34535434.84,Imadol,26245555.56,2.2,3,2.5,E,40021095.89,13,17000000
"'Golfutar, K'",K,40271779.3,Golfutar,47734782.61,5.2,5,3.0,S,38378801.08,13,40000000
"'Gwarko, L'",L,34535434.84,Gwarko,27142857.14,4.0,5,2.0,NW,36240206.19,15,19500000
"'Golfutar, K'",K,40271779.3,Golfutar,47734782.61,4.0,5,2.5,SE,41320000.0,20,37000000
"'Thankot, K'",K,40271779.3,Thankot,16989743.59,3.0,4,2.5,E,40021095.89,13,15000000
"'Imadol, L'",L,34535434.84,Imadol,26245555.56,3.2,4,2.5,N,36524064.17,13,19000000
"'Dhapasi, K'",K,40271779.3,Dhapasi,43197058.82,5.0,3,2.5,E,40021095.89,13,32000000
"'Rudreshwor, K'",K,40271779.3,Rudreshwor,54909090.91,7.2,5,2.5,S,38378801.08,14,42000000
"'Narayanthan, K'",K,40271779.3,Narayanthan,57666666.67,6.0,5,2.5,S,38378801.08,18,47500000
"'Deuba Chowk, K'",K,40271779.3,Deuba Chowk,50100000.0,4.1,5,2.5,SW,39995597.48,14,32500000
"'Pepsicola, K'",K,40271779.3,Pepsicola,37138888.89,3.3,4,2.5,SE,41320000.0,20,33000000
"'Baluwatar, K'",K,40271779.3,Baluwatar,77346153.85,5.0,4,2.5,SE,41320000.0,13,55000000
"'Rudreshwor, K'",K,40271779.3,Rudreshwor,54909090.91,5.0,7,2.5,NW,36240206.19,18,37500000
"'Bhaisepati, L'",L,34535434.84,Bhaisepati,47003669.23,4.0,4,2.5,N,36524064.17,20,38000000
"'Sudal, B'",B,29873684.19,Sudal,13733333.33,3.0,2,1.0,N,36524064.17,10,7500000
"'Bhaisepati, L'",L,34535434.84,Bhaisepati,47003669.23,3.2,4,2.5,E,40021095.89,20,24500000
"'Golfutar, K'",K,40271779.3,Golfutar,47734782.61,4.0,5,2.5,SE,41320000.0,13,27000000
"'Liwali, B'",B,29873684.19,Liwali,35000000.0,7.2,3,2.5,E,40021095.89,13,35000000
"'Imadol, L'",L,34535434.84,Imadol,26245555.56,3.0,4,2.5,E,40021095.89,14,18500000
"'Nakhu, L'",L,34535434.84,Nakhu,31019047.62,3.2,4,2.5,N,36524064.17,20,26500000
"'Imadol, L'",L,34535434.84,Imadol,26245555.56,3.0,7,2.5,N,36524064.17,13,16000000
"'Hattigauda, K'",K,40271779.3,Hattigauda,40888888.89,3.0,4,2.5,E,40021095.89,13,23000000
"'Hattigauda, K'",K,40271779.3,Hattigauda,40888888.89,5.2,7,3.5,SE,41320000.0,13,26500000
"'Dholahiti, L'",L,34535434.84,Dholahiti,33750000.0,4.0,4,2.5,W,35035732.01,20,27500000
"'Imadol, L'",L,34535434.84,Imadol,26245555.56,3.0,4,2.5,E,40021095.89,13,19000000
"'Shantinagar, K'",K,40271779.3,Shantinagar,46114285.71,3.0,10,3.5,S,38378801.08,30,39000000
"'Bafal, K'",K,40271779.3,Bafal,36767857.14,4.2,4,2.5,E,40021095.89,13,25500000
"'Dhungedhara, K'",K,40271779.3,Dhungedhara,34816666.67,3.2,5,2.5,S,38378801.08,12,28000000
"'Thankot, K'",K,40271779.3,Thankot,16989743.59,3.0,7,2.5,W,35035732.01,5,10500000
"'Thankot, K'",K,40271779.3,Thankot,16989743.59,3.0,3,1.0,N,36524064.17,13,11500000
"'Bafal, K'",K,40271779.3,Bafal,36767857.14,4.0,6,2.5,W,35035732.01,14,30000000
"'Banasthali, K'",K,40271779.3,Banasthali,47525000.0,4.0,5,3.0,E,40021095.89,32,30000000
"'Ramkot, K'",K,40271779.3,Ramkot,25384615.38,4.0,4,2.0,N,36524064.17,20,15500000
"'Ramkot, K'",K,40271779.3,Ramkot,25384615.38,5.0,4,2.0,N,36524064.17,20,17500000
"'Khusibu, K'",K,40271779.3,Khusibu,45666666.67,4.2,7,3.5,E,40021095.89,20,41000000
"'Hattiban, L'",L,34535434.84,Hattiban,39415384.62,4.0,6,2.5,N,36524064.17,13,21500000
"'Hattiban, L'",L,34535434.84,Hattiban,39415384.62,4.0,5,2.5,N,36524064.17,13,21000000
"'Bhaisepati, L'",L,34535434.84,Bhaisepati,47003669.23,5.0,4,2.5,N,36524064.17,15,35000000
"'Shovahiti, L'",L,34535434.84,Shovahiti,25000000.0,4.2,2,1.0,S,38378801.08,10,25000000
"'Basantanagar, K'",K,40271779.3,Basantanagar,13000000.0,3.2,2,1.0,E,40021095.89,13,13000000
"'Budhanilkantha, K'",K,40271779.3,Budhanilkantha,54403539.82,5.1,6,2.5,NW,36240206.19,13,41500000
"'Grande Hospital, K'",K,40271779.3,Grande Hospital,34471428.57,4.0,4,2.5,N,36524064.17,26,26000000
"'Grande Hospital, K'",K,40271779.3,Grande Hospital,34471428.57,4.0,6,2.5,E,40021095.89,26,28000000
"'Deuba Chowk, K'",K,40271779.3,Deuba Chowk,50100000.0,6.0,6,2.5,E,40021095.89,14,36000000
"'Hattigauda, K'",K,40271779.3,Hattigauda,40888888.89,5.0,4,2.5,E,40021095.89,14,34500000
"'Gwarko, L'",L,34535434.84,Gwarko,27142857.14,4.2,5,2.5,S,38378801.08,13,30000000
"'Tokha, K'",K,40271779.3,Tokha,26794117.65,7.0,4,2.5,W,35035732.01,20,38000000
"'Hattigauda, K'",K,40271779.3,Hattigauda,40888888.89,3.0,5,3.5,NW,36240206.19,13,31000000
"'Kalanki, K'",K,40271779.3,Kalanki,26308823.53,4.1,5,2.5,S,38378801.08,10,29000000
"'Thulo Bharayang, K'",K,40271779.3,Thulo Bharayang,35125000.0,7.0,7,2.5,N,36524064.17,13,39500000
"'Chandol, K'",K,40271779.3,Chandol,46812500.0,5.2,5,2.5,E,40021095.89,20,47500000
"'New Buspark, K'",K,40271779.3,New Buspark,50333333.33,3.0,4,2.5,E,40021095.89,13,26000000
"'Mahadevsthan, K'",K,40271779.3,Mahadevsthan,12614285.71,3.0,2,1.0,N,36524064.17,13,9800000
"'Hepali Height, K'",K,40271779.3,Hepali Height,38807142.86,4.0,3,2.5,S,38378801.08,13,22500000
"'Nakhu, L'",L,34535434.84,Nakhu,31019047.62,4.0,4,2.5,E,40021095.89,20,28000000
"'Karyabinayak, L'",L,34535434.84,Karyabinayak,34166666.67,6.0,5,2.5,SE,41320000.0,16,35000000
"'Kapan, K'",K,40271779.3,Kapan,24537096.77,7.0,6,2.5,S,38378801.08,13,36000000
"'Mulpani, K'",K,40271779.3,Mulpani,20590909.09,2.5,4,2.5,SE,41320000.0,10,12500000
"'Taukhel, L'",L,34535434.84,Taukhel,30125000.0,4.0,3,2.5,E,40021095.89,26,25000000
"'Gothatar, K'",K,40271779.3,Gothatar,30709090.91,3.1,6,2.5,W,35035732.01,13,23000000
"'Balambu, K'",K,40271779.3,Balambu,21000000.0,3.1,5,2.5,E,40021095.89,13,18000000
"'Bhaisepati, L'",L,34535434.84,Bhaisepati,47003669.23,4.0,6,2.5,E,40021095.89,13,25000000
"'Khadka Gaun, K'",K,40271779.3,Khadka Gaun,24850000.0,4.0,5,2.5,W,35035732.01,16,21500000
"'Bhutkhel , K'",K,40271779.3,Bhutkhel,22350000.0,3.0,5,2.5,S,38378801.08,10,18000000
"'Chyasal, L'",L,34535434.84,Chyasal,23250000.0,3.0,7,4.0,W,35035732.01,13,24000000
"'Thulo Bharayang, K'",K,40271779.3,Thulo Bharayang,35125000.0,3.2,5,2.0,W,35035732.01,16,24000000
"'Dhapakhel, L'",L,34535434.84,Dhapakhel,27325000.0,2.2,3,2.5,E,40021095.89,20,14500000
"'Panipokhari, K'",K,40271779.3,Panipokhari,59500000.0,5.2,4,3.0,E,40021095.89,20,54000000
"'Kapan, K'",K,40271779.3,Kapan,24537096.77,4.0,6,2.5,E,40021095.89,14,21000000
"'Manabahadur Marga, K'",K,40271779.3,Manabahadur Marga,31500000.0,4.0,5,2.5,N,36524064.17,13,27000000
"'Budhanilkantha, K'",K,40271779.3,Budhanilkantha,54403539.82,7.0,4,2.5,S,38378801.08,20,57500000
"'Bansbari, K'",K,40271779.3,Bansbari,52578947.37,8.0,6,2.5,E,40021095.89,20,45000000
"'Kavresthali, K'",K,40271779.3,Kavresthali,17000000.0,4.0,3,1.5,N,36524064.17,10,15500000
"'Goldhunga, K'",K,40271779.3,Goldhunga,20686666.67,4.0,4,2.0,E,40021095.89,26,18500000
"'Thankot, K'",K,40271779.3,Thankot,16989743.59,4.0,5,3.5,E,40021095.89,13,30000000
"'Nakhipot, L'",L,34535434.84,Nakhipot,39136363.64,4.2,5,2.5,N,36524064.17,20,25000000
"'Thankot, K'",K,40271779.3,Thankot,16989743.59,4.0,4,2.0,N,36524064.17,16,19000000
"'Mitrapark, K'",K,40271779.3,Mitrapark,72000000.0,4.3,6,4.5,SW,39995597.48,30,49000000
"'Gongabu, K'",K,40271779.3,Gongabu,42027777.78,4.2,5,3.5,W,35035732.01,20,35000000
"'Imadol, L'",L,34535434.84,Imadol,26245555.56,5.1,6,2.5,E,40021095.89,13,32500000
"'Gyaneshwor, K'",K,40271779.3,Gyaneshwor,40000000.0,6.0,4,3.5,S,38378801.08,15,35000000
"'Syuchatar, K'",K,40271779.3,Syuchatar,27519230.77,4.0,4,2.5,E,40021095.89,13,24500000
"'Syuchatar, K'",K,40271779.3,Syuchatar,27519230.77,3.3,5,3.5,N,36524064.17,13,22000000
"'Shankhamul, K'",K,40271779.3,Shankhamul,43166666.67,4.0,6,4.5,S,38378801.08,15,55500000
"'Jawalakhel, L'",L,34535434.84,Jawalakhel,66500000.0,7.0,4,3.0,N,36524064.17,16,90000000
"'Hattigauda, K'",K,40271779.3,Hattigauda,40888888.89,4.2,4,2.5,W,35035732.01,20,50000000
"'Bansbari, K'",K,40271779.3,Bansbari,52578947.37,3.2,6,2.5,E,40021095.89,18,38000000
"'Banasthali, K'",K,40271779.3,Banasthali,47525000.0,3.2,5,2.5,N,36524064.17,8,20000000
"'Balkumari, L'",L,34535434.84,Balkumari,58714285.71,4.2,6,3.0,E,40021095.89,18,50000000
"'Tikathali, L'",L,34535434.84,Tikathali,21964285.71,3.0,5,2.5,W,35035732.01,13,16000000
"'Thankot, K'",K,40271779.3,Thankot,16989743.59,5.0,4,2.5,E,40021095.89,16,32500000
"'Thankot, K'",K,40271779.3,Thankot,16989743.59,4.0,6,2.5,S,38378801.08,16,16000000
"'Thankot, K'",K,40271779.3,Thankot,16989743.59,3.1,5,2.5,W,35035732.01,13,16000000
"'Siddhartha Colony, K'",K,40271779.3,Siddhartha Colony,76666666.67,9.0,9,4.0,S,38378801.08,12,70000000
"'Chapali, K'",K,40271779.3,Chapali,41350000.0,3.3,7,3.0,E,40021095.89,13,29500000
"'Kalanki, K'",K,40271779.3,Kalanki,26308823.53,4.0,5,2.0,E,40021095.89,14,22000000
"'Bafal, K'",K,40271779.3,Bafal,36767857.14,3.3,5,2.5,NE,38939095.74,15,31000000
"'Lubhu, L'",L,34535434.84,Lubhu,20353333.33,5.0,4,2.5,S,38378801.08,13,18500000
"'Nagarjun, K'",K,40271779.3,Nagarjun,44030000.0,4.1,6,2.5,SE,41320000.0,22,22500000
"'Kumarigal, K'",K,40271779.3,Kumarigal,35000000.0,6.2,4,3.0,W,35035732.01,10,35000000
"'Tenzing Chowk, K'",K,40271779.3,Tenzing Chowk,39375000.0,4.0,6,3.0,W,35035732.01,13,29000000
"'Bhaisepati, L'",L,34535434.84,Bhaisepati,47003669.23,4.1,3,2.5,N,36524064.17,20,22000000
"'Bhaisepati, L'",L,34535434.84,Bhaisepati,47003669.23,3.0,5,2.5,NE,38939095.74,12,21000000
"'Sitapaila, K'",K,40271779.3,Sitapaila,32122471.91,4.2,4,2.5,S,38378801.08,15,34500000
"'Setipakha, L'",L,34535434.84,Setipakha,25400000.0,5.0,5,3.0,E,40021095.89,16,21000000
"'Basundhara, K'",K,40271779.3,Basundhara,40705882.35,3.0,6,4.0,E,40021095.89,12,26000000
"'Rudreshwor, K'",K,40271779.3,Rudreshwor,54909090.91,2.2,5,2.5,W,35035732.01,10,10500000
"'Imadol, L'",L,34535434.84,Imadol,26245555.56,3.0,4,2.5,N,36524064.17,12,18500000
"'Imadol, L'",L,34535434.84,Imadol,26245555.56,3.0,6,2.5,S,38378801.08,13,16500000
"'Imadol, L'",L,34535434.84,Imadol,26245555.56,3.2,5,2.5,S,38378801.08,15,25000000
"'Imadol, L'",L,34535434.84,Imadol,26245555.56,3.2,4,2.5,S,38378801.08,13,22000000
"'Imadol, L'",L,34535434.84,Imadol,26245555.56,3.1,5,2.5,E,40021095.89,13,21500000
"'Imadol, L'",L,34535434.84,Imadol,26245555.56,4.2,4,2.5,S,38378801.08,13,24500000
"'Syuchatar, K'",K,40271779.3,Syuchatar,27519230.77,3.2,5,2.5,W,35035732.01,12,20700000
"'Syuchatar, K'",K,40271779.3,Syuchatar,27519230.77,3.2,4,2.5,W,35035732.01,14,22000000
"'Lolang, K'",K,40271779.3,Lolang,19860000.0,3.1,4,2.5,S,38378801.08,12,15500000
"'Thankot, K'",K,40271779.3,Thankot,16989743.59,3.1,3,1.0,SE,41320000.0,13,11500000
"'Imadol, L'",L,34535434.84,Imadol,26245555.56,3.1,4,2.5,S,38378801.08,13,21500000
"'Imadol, L'",L,34535434.84,Imadol,26245555.56,3.0,5,2.5,E,40021095.89,13,17500000
"'Imadol, L'",L,34535434.84,Imadol,26245555.56,3.0,5,2.5,N,36524064.17,12,18500000
"'Imadol, L'",L,34535434.84,Imadol,26245555.56,3.1,5,2.5,E,40021095.89,13,19800000
"'Bhatkepati, K'",K,40271779.3,Bhatkepati,21250000.0,3.3,5,2.0,S,38378801.08,13,17500000
"'Dhapasi, K'",K,40271779.3,Dhapasi,43197058.82,5.0,5,2.0,S,38378801.08,13,32500000
"'New Baneshwor, K'",K,40271779.3,New Baneshwor,29650000.0,4.0,4,2.5,N,36524064.17,13,42500000
"'Kadaghari, K'",K,40271779.3,Kadaghari,18933333.33,3.0,2,1.0,W,35035732.01,13,12000000
"'Kalanki, K'",K,40271779.3,Kalanki,26308823.53,4.2,4,2.5,E,40021095.89,13,28000000
"'Dharmasthali, K'",K,40271779.3,Dharmasthali,19500000.0,5.0,5,2.5,NE,38939095.74,11,24000000
"'Taulung, K'",K,40271779.3,Taulung,40166666.67,6.0,6,2.5,NE,38939095.74,18,42500000
"'Matatirtha, K'",K,40271779.3,Matatirtha,24571428.57,5.0,4,2.5,N,36524064.17,13,33000000
"'Imadol, L'",L,34535434.84,Imadol,26245555.56,3.1,5,2.5,N,36524064.17,13,20700000
"'Imadol, L'",L,34535434.84,Imadol,26245555.56,3.0,4,2.0,S,38378801.08,13,18200000
"'Syuchatar, K'",K,40271779.3,Syuchatar,27519230.77,4.0,6,2.0,N,36524064.17,13,22400000
"'Syuchatar, K'",K,40271779.3,Syuchatar,27519230.77,4.0,6,2.5,NE,38939095.74,12,24500000
"'Hattigauda, K'",K,40271779.3,Hattigauda,40888888.89,5.0,7,2.5,W,35035732.01,12,32500000
"'Budhanilkantha, K'",K,40271779.3,Budhanilkantha,54403539.82,3.0,4,3.0,NE,38939095.74,10,29900000
"'Ram Mandir, K'",K,40271779.3,Ram Mandir,29380000.0,2.5,5,2.5,W,35035732.01,10,26500000
"'Mahadevsthan, K'",K,40271779.3,Mahadevsthan,12614285.71,2.2,2,1.5,W,35035732.01,10,11000000
"'Mahadevsthan, K'",K,40271779.3,Mahadevsthan,12614285.71,3.2,2,1.5,W,35035732.01,15,11500000
"'Katunje, B'",B,29873684.19,Katunje,23400000.0,2.2,4,2.5,E,40021095.89,15,14000000
"'Katunje, B'",B,29873684.19,Katunje,23400000.0,5.0,5,2.0,S,38378801.08,13,13500000
"'Balkot, B'",B,29873684.19,Balkot,33999999.9,3.3,6,2.5,NE,38939095.74,20,25000000
"'Khumaltar, L'",L,34535434.84,Khumaltar,38023809.52,4.2,3,2.5,NE,38939095.74,13,21000000
"'Mahadevsthan, K'",K,40271779.3,Mahadevsthan,12614285.71,3.0,5,1.5,W,35035732.01,13,11500000
"'Chamati, K'",K,40271779.3,Chamati,48083333.33,4.2,6,3.5,W,35035732.01,12,30000000
"'Kalimati, K'",K,40271779.3,Kalimati,50750000.0,3.0,6,5.0,E,40021095.89,15,50000000
"'Kalimati, K'",K,40271779.3,Kalimati,50750000.0,3.0,4,2.0,W,35035732.01,20,22500000
"'changu Narayan, K'",K,40271779.3,Changu Narayan,26800000.0,5.0,6,3.0,W,35035732.01,12,29000000
"'Syuchatar, K'",K,40271779.3,Syuchatar,27519230.77,3.2,7,3.5,S,38378801.08,15,28500000
"'Maitidevi, K'",K,40271779.3,Maitidevi,74500000.0,3.2,8,4.5,W,35035732.01,18,46500000
"'Grande Hospital, K'",K,40271779.3,Grande Hospital,34471428.57,3.2,5,2.5,N,36524064.17,12,24500000
"'Manamaiju, K'",K,40271779.3,Manamaiju,31454545.45,3.2,6,3.5,N,36524064.17,13,22500000
"'Basundhara, K'",K,40271779.3,Basundhara,40705882.35,3.1,7,2.5,W,35035732.01,10,28500000
"'Samakhusi, K'",K,40271779.3,Samakhusi,44224137.93,3.0,6,2.5,S,38378801.08,10,25000000
"'Panchetar, K'",K,40271779.3,Panchetar,15500000.0,4.2,2,1.0,E,40021095.89,10,15500000
"'Baluwakhani, K'",K,40271779.3,Baluwakhani,26636363.64,3.3,8,3.5,N,36524064.17,13,17000000
"'Imadol, L'",L,34535434.84,Imadol,26245555.56,3.0,4,2.5,NE,38939095.74,13,19000000
"'Dhungedhara, K'",K,40271779.3,Dhungedhara,34816666.67,3.2,4,2.5,W,35035732.01,20,16000000
"'Dhungedhara, K'",K,40271779.3,Dhungedhara,34816666.67,3.0,5,2.5,E,40021095.89,20,15500000
"'Dhungedhara, K'",K,40271779.3,Dhungedhara,34816666.67,3.0,6,2.5,E,40021095.89,13,16500000
"'Tinthana, K'",K,40271779.3,Tinthana,17000000.0,3.0,3,2.5,N,36524064.17,20,18000000
"'Dawadi Gaun, K'",K,40271779.3,Dawadi Gaun,19000000.0,3.0,5,2.5,S,38378801.08,13,19000000
"'Maitidevi, K'",K,40271779.3,Maitidevi,74500000.0,14.0,8,3.5,S,38378801.08,13,100000000
"'Bafal, K'",K,40271779.3,Bafal,36767857.14,3.2,6,2.5,E,40021095.89,13,22500000
"'Putalisadak, K'",K,40271779.3,Putalisadak,63750000.0,5.0,4,4.0,W,35035732.01,15,50000000
"'Thankot, K'",K,40271779.3,Thankot,16989743.59,3.0,6,2.5,W,35035732.01,13,12800000
"'Mahadevsthan, K'",K,40271779.3,Mahadevsthan,12614285.71,4.0,2,1.0,W,35035732.01,13,12000000
"'Thankot, K'",K,40271779.3,Thankot,16989743.59,3.2,3,1.0,E,40021095.89,13,9800000
"'Thankot, K'",K,40271779.3,Thankot,16989743.59,3.0,4,2.5,N,36524064.17,13,17000000
"'Balaju, K'",K,40271779.3,Balaju,93340000.0,18.0,10,5.0,N,36524064.17,15,260000000
"'Ratopool, K'",K,40271779.3,Ratopool,150000000.0,15.0,12,6.5,W,35035732.01,20,150000000
"'Gothatar, K'",K,40271779.3,Gothatar,30709090.91,7.0,6,3.5,W,35035732.01,14,62500000
"'Bhaisepati, L'",L,34535434.84,Bhaisepati,47003669.23,4.0,4,2.5,SE,41320000.0,16,38000000
"'Naxal, K'",K,40271779.3,Naxal,68200000.0,4.0,5,2.5,E,40021095.89,15,38000000
"'Sanepa, L'",L,34535434.84,Sanepa,71436842.11,16.0,4,2.0,S,38378801.08,14,97500000
"'Golfutar, K'",K,40271779.3,Golfutar,47734782.61,5.2,5,2.5,E,40021095.89,12,43000000
"'Samakhusi, K'",K,40271779.3,Samakhusi,44224137.93,4.0,6,2.5,E,40021095.89,12,30000000
"'Bhaisepati, L'",L,34535434.84,Bhaisepati,47003669.23,3.2,3,2.5,W,35035732.01,20,27500000
"'Pasikot, K'",K,40271779.3,Pasikot,37148571.43,5.2,4,2.5,E,40021095.89,20,30000000
"'Nilopool, K'",K,40271779.3,Nilopool,26000000.0,4.2,8,3.0,SW,39995597.48,12,26000000
"'Pasikot, K'",K,40271779.3,Pasikot,37148571.43,5.5,4,3.0,E,40021095.89,14,32000000
"'Hepali Height, K'",K,40271779.3,Hepali Height,38807142.86,5.0,6,3.0,W,35035732.01,14,41000000
"'Baluwatar, K'",K,40271779.3,Baluwatar,77346153.85,10.0,4,2.0,N,36524064.17,16,130000000
"'Dhapasi, K'",K,40271779.3,Dhapasi,43197058.82,4.2,11,2.5,N,36524064.17,20,25000000
"'Baluwatar, K'",K,40271779.3,Baluwatar,77346153.85,5.2,9,5.0,W,35035732.01,26,70000000
"'Golfutar, K'",K,40271779.3,Golfutar,47734782.61,3.0,3,2.5,W,35035732.01,26,22000000
"'Bhangal, K'",K,40271779.3,Bhangal,26641463.41,3.0,6,2.5,E,40021095.89,10,19000000
"'Chunikhel, K'",K,40271779.3,Chunikhel,21255555.56,3.5,2,1.0,E,40021095.89,13,13000000
"'Kapan, K'",K,40271779.3,Kapan,24537096.77,4.3,5,2.5,N,36524064.17,13,20000000
"'Gongabu, K'",K,40271779.3,Gongabu,42027777.78,3.0,5,2.5,NE,38939095.74,12,18500000
"'Kapan, K'",K,40271779.3,Kapan,24537096.77,3.0,4,2.0,W,35035732.01,6,12500000
"'Bhangal, K'",K,40271779.3,Bhangal,26641463.41,4.0,4,2.0,W,35035732.01,13,18000000
"'Chandol, K'",K,40271779.3,Chandol,46812500.0,6.3,5,2.5,W,35035732.01,13,46000000
"'Chappal karkhana, K'",K,40271779.3,Chappal Karkhana,48500000.0,7.0,7,3.5,W,35035732.01,12,38500000
"'Sukedhara, K'",K,40271779.3,Sukedhara,38941379.31,6.0,4,2.5,S,38378801.08,12,45000000
"'Dhapasi, K'",K,40271779.3,Dhapasi,43197058.82,5.0,4,2.5,E,40021095.89,12,33000000
"'Bhaisepati, L'",L,34535434.84,Bhaisepati,47003669.23,3.2,4,2.5,S,38378801.08,24,28000000
"'Bhangal, K'",K,40271779.3,Bhangal,26641463.41,5.0,5,3.0,NE,38939095.74,12,32000000
"'Bhangal, K'",K,40271779.3,Bhangal,26641463.41,2.2,6,3.0,W,35035732.01,10,19000000
"'Swayambhu, K'",K,40271779.3,Swayambhu,34017647.06,3.1,5,2.5,W,35035732.01,15,24500000
"'Taulung, K'",K,40271779.3,Taulung,40166666.67,8.3,5,2.5,E,40021095.89,12,38000000
"'Kapan, K'",K,40271779.3,Kapan,24537096.77,3.0,5,2.5,W,35035732.01,15,27500000
"'Dhapasi, K'",K,40271779.3,Dhapasi,43197058.82,6.0,4,2.5,W,35035732.01,13,47500000
"'Dhapasi, K'",K,40271779.3,Dhapasi,43197058.82,4.1,5,2.5,S,38378801.08,13,28000000
"'Maharajgunj, K'",K,40271779.3,Maharajgunj,66125000.0,4.0,4,2.5,N,36524064.17,20,49000000
"'Tokha, K'",K,40271779.3,Tokha,26794117.65,4.0,5,2.5,N,36524064.17,12,13500000
"'Dhapasi, K'",K,40271779.3,Dhapasi,43197058.82,3.0,5,3.0,SW,39995597.48,15,32000000
"'Golfutar, K'",K,40271779.3,Golfutar,47734782.61,4.0,5,2.5,E,40021095.89,10,34000000
"'Baluwatar, K'",K,40271779.3,Baluwatar,77346153.85,2.2,6,3.0,E,40021095.89,12,22500000
"'Grande Hospital, K'",K,40271779.3,Grande Hospital,34471428.57,4.1,6,2.5,SW,39995597.48,10,32800000
"'Mandikhatar, K'",K,40271779.3,Mandikhatar,45133333.33,4.0,6,2.5,S,38378801.08,12,25000000
"'Dhapasi, K'",K,40271779.3,Dhapasi,43197058.82,7.0,5,2.5,W,35035732.01,13,40000000
"'Sitapaila, K'",K,40271779.3,Sitapaila,32122471.91,5.0,7,2.5,N,36524064.17,24,55000000
"'Tokha, K'",K,40271779.3,Tokha,26794117.65,4.0,5,2.5,W,35035732.01,13,21500000
"'Hepali Height, K'",K,40271779.3,Hepali Height,38807142.86,4.1,5,2.5,S,38378801.08,12,34500000
"'Budhanilkantha, K'",K,40271779.3,Budhanilkantha,54403539.82,5.2,4,2.5,E,40021095.89,15,32500000
"'Golfutar, K'",K,40271779.3,Golfutar,47734782.61,4.0,6,2.5,S,38378801.08,13,34500000
"'Shankhamul, K'",K,40271779.3,Shankhamul,43166666.67,5.0,6,3.5,NE,38939095.74,12,32500000
"'Banasthali, K'",K,40271779.3,Banasthali,47525000.0,5.0,6,2.5,W,35035732.01,14,29500000
"'Kapan, K'",K,40271779.3,Kapan,24537096.77,12.62,4,2.5,W,35035732.01,16,36000000
"'Tokha, K'",K,40271779.3,Tokha,26794117.65,3.5,4,2.5,E,40021095.89,12,24500000
"'Mandikhatar, K'",K,40271779.3,Mandikhatar,45133333.33,8.0,5,3.5,W,35035732.01,32,65000000
"'Budhanilkantha, K'",K,40271779.3,Budhanilkantha,54403539.82,17.2,5,2.5,W,35035732.01,13,67500000
"'Dhapasi, K'",K,40271779.3,Dhapasi,43197058.82,3.0,5,2.5,S,38378801.08,12,21500000
"'Nakhipot, L'",L,34535434.84,Nakhipot,39136363.64,13.0,6,2.5,S,38378801.08,14,55000000
"'Banasthali, K'",K,40271779.3,Banasthali,47525000.0,6.0,6,2.5,N,36524064.17,13,49500000
"'Thankot, K'",K,40271779.3,Thankot,16989743.59,2.8,6,2.5,SE,41320000.0,13,18000000
"'Thankot, K'",K,40271779.3,Thankot,16989743.59,2.2,5,2.5,S,38378801.08,10,11500000
"'Kalanki, K'",K,40271779.3,Kalanki,26308823.53,2.3,4,2.0,SE,41320000.0,13,13000000
"'Thankot, K'",K,40271779.3,Thankot,16989743.59,5.0,5,3.0,E,40021095.89,10,21000000
"'Thankot, K'",K,40271779.3,Thankot,16989743.59,2.3,4,2.5,N,36524064.17,11,13500000
"'Thankot, K'",K,40271779.3,Thankot,16989743.59,6.2,5,2.5,SE,41320000.0,11,17500000
"'Thankot, K'",K,40271779.3,Thankot,16989743.59,3.0,4,2.5,E,40021095.89,13,12000000
"'Thankot, K'",K,40271779.3,Thankot,16989743.59,3.2,4,2.5,W,35035732.01,13,14000000
"'Bansbari, K'",K,40271779.3,Bansbari,52578947.37,6.0,6,3.0,S,38378801.08,10,36000000
"'Chandol, K'",K,40271779.3,Chandol,46812500.0,8.0,4,2.0,E,40021095.89,20,40000000
"'Sitapaila, K'",K,40271779.3,Sitapaila,32122471.91,4.5,5,2.5,E,40021095.89,20,26500000
"'Chappal karkhana, K'",K,40271779.3,Chappal Karkhana,48500000.0,4.0,6,3.0,SE,41320000.0,10,35000000
"'Hepali Height, K'",K,40271779.3,Hepali Height,38807142.86,5.5,5,2.5,NW,36240206.19,16,43000000
"'Dhapasi, K'",K,40271779.3,Dhapasi,43197058.82,3.0,3,2.5,S,38378801.08,26,22000000
"'Ramkot, K'",K,40271779.3,Ramkot,25384615.38,4.3,4,2.0,S,38378801.08,15,23000000
"'Lainchaur, K'",K,40271779.3,Lainchaur,45000000.0,6.2,5,2.5,S,38378801.08,15,55000000
"'Naxal, K'",K,40271779.3,Naxal,68200000.0,8.1,6,3.0,S,38378801.08,15,76000000
"'Naxal, K'",K,40271779.3,Naxal,68200000.0,4.0,6,2.5,S,38378801.08,15,38000000
"'Syuchatar, K'",K,40271779.3,Syuchatar,27519230.77,6.0,4,2.5,E,40021095.89,13,32000000
"'Dhapasi, K'",K,40271779.3,Dhapasi,43197058.82,3.0,6,2.5,S,38378801.08,12,32000000
"'Budhanilkantha, K'",K,40271779.3,Budhanilkantha,54403539.82,3.1,6,2.5,E,40021095.89,12,23500000
"'Maitidevi, K'",K,40271779.3,Maitidevi,74500000.0,3.5,8,4.0,W,35035732.01,20,46500000
"'Samakhusi, K'",K,40271779.3,Samakhusi,44224137.93,4.0,6,3.0,S,38378801.08,13,32000000
"'Golfutar, K'",K,40271779.3,Golfutar,47734782.61,4.0,6,3.0,W,35035732.01,15,32500000
"'Budhanilkantha, K'",K,40271779.3,Budhanilkantha,54403539.82,3.5,7,2.5,W,35035732.01,12,48000000
"'Samakhusi, K'",K,40271779.3,Samakhusi,44224137.93,3.5,6,3.5,E,40021095.89,20,25000000
"'Sukedhara, K'",K,40271779.3,Sukedhara,38941379.31,4.0,5,2.5,N,36524064.17,12,42500000
"'Budhanilkantha, K'",K,40271779.3,Budhanilkantha,54403539.82,12.0,4,2.5,N,36524064.17,12,67500000
"'Hattigauda, K'",K,40271779.3,Hattigauda,40888888.89,4.0,4,3.0,S,38378801.08,10,54000000
"'Budhanilkantha, K'",K,40271779.3,Budhanilkantha,54403539.82,6.0,5,2.5,W,35035732.01,12,95000000
"'Chappal karkhana, K'",K,40271779.3,Chappal Karkhana,48500000.0,3.2,4,2.5,N,36524064.17,12,32000000
"'Samakhusi, K'",K,40271779.3,Samakhusi,44224137.93,4.0,6,2.5,W,35035732.01,15,32000000
"'Thapathali, K'",K,40271779.3,Thapathali,64720000.0,10.0,4,2.5,W,35035732.01,18,69000000
"'Bhaisepati, L'",L,34535434.84,Bhaisepati,47003669.23,4.2,2,1.0,N,36524064.17,16,28000000
"'Nakhipot, L'",L,34535434.84,Nakhipot,39136363.64,3.3,4,2.5,N,36524064.17,16,23000000
"'Banasthali, K'",K,40271779.3,Banasthali,47525000.0,4.5,7,4.0,N,36524064.17,15,45000000
"'Satdobato, L'",L,34535434.84,Satdobato,41446666.67,9.0,6,2.5,N,36524064.17,20,45000000
"'Sanepa, L'",L,34535434.84,Sanepa,71436842.11,16.0,6,2.5,E,40021095.89,10,120000000
"'Sanepa, L'",L,34535434.84,Sanepa,71436842.11,7.0,6,3.0,N,36524064.17,15,75000000
"'Hattiban, L'",L,34535434.84,Hattiban,39415384.62,4.2,4,2.0,W,35035732.01,18,100000000
"'Jawalakhel, L'",L,34535434.84,Jawalakhel,66500000.0,4.0,5,2.5,W,35035732.01,12,36000000
"'Hattiban, L'",L,34535434.84,Hattiban,39415384.62,3.0,4,4.0,E,40021095.89,12,30000000
"'Samakhusi, K'",K,40271779.3,Samakhusi,44224137.93,8.0,1,1.0,E,40021095.89,20,120000000
"'Bouddha, K'",K,40271779.3,Bouddha,61083333.33,7.0,1,1.0,N,36524064.17,20,60000000
"'Budhanilkantha, K'",K,40271779.3,Budhanilkantha,54403539.82,6.0,1,1.0,S,38378801.08,16,45000000
"'Sitapaila, K'",K,40271779.3,Sitapaila,32122471.91,8.0,1,2.5,E,40021095.89,24,55000000
"'Naxal, K'",K,40271779.3,Naxal,68200000.0,15.0,1,1.0,N,36524064.17,16,90000000
"'Dhapasi, K'",K,40271779.3,Dhapasi,43197058.82,4.5,6,2.5,S,38378801.08,10,32000000
"'Hepali Height, K'",K,40271779.3,Hepali Height,38807142.86,4.1,5,2.5,S,38378801.08,12,34000000
"'Naxal, K'",K,40271779.3,Naxal,68200000.0,4.0,6,2.5,SE,41320000.0,15,38000000
"'Budhanilkantha, K'",K,40271779.3,Budhanilkantha,54403539.82,5.5,7,3.0,S,38378801.08,12,45000000
"'Gongabu, K'",K,40271779.3,Gongabu,42027777.78,13.0,6,2.5,S,38378801.08,15,80000000
"'Sukedhara, K'",K,40271779.3,Sukedhara,38941379.31,14.0,5,1.0,W,35035732.01,20,105000000
"'Hepali Height, K'",K,40271779.3,Hepali Height,38807142.86,4.0,1,1.0,E,40021095.89,15,32000000
"'Budhanilkantha, K'",K,40271779.3,Budhanilkantha,54403539.82,9.0,5,2.5,W,35035732.01,16,105000000
"'Pasikot, K'",K,40271779.3,Pasikot,37148571.43,5.0,4,2.5,E,40021095.89,13,55000000
"'Budhanilkantha, K'",K,40271779.3,Budhanilkantha,54403539.82,7.8,7,3.0,E,40021095.89,12,70000000
"'Budhanilkantha, K'",K,40271779.3,Budhanilkantha,54403539.82,7.0,10,3.0,N,36524064.17,15,57000000
"'Kupandole, L'",L,34535434.84,Kupandole,65055555.56,16.0,4,2.0,W,35035732.01,12,52000000
"'Nakhu, L'",L,34535434.84,Nakhu,31019047.62,4.1,5,2.5,N,36524064.17,30,25000000
"'Kupandole, L'",L,34535434.84,Kupandole,65055555.56,4.0,5,3.0,E,40021095.89,15,25000000
"'Hattiban, L'",L,34535434.84,Hattiban,39415384.62,3.0,6,2.5,E,40021095.89,20,35000000
"'Bhaisepati, L'",L,34535434.84,Bhaisepati,47003669.23,4.3,4,2.5,W,35035732.01,10,25000000
"'Bhaisepati, L'",L,34535434.84,Bhaisepati,47003669.23,3.5,6,2.5,N,36524064.17,10,24500000
"'Nakhipot, L'",L,34535434.84,Nakhipot,39136363.64,3.1,4,2.5,W,35035732.01,13,21500000
"'Sorhakhutte, K'",K,40271779.3,Sorhakhutte,43900000.0,5.0,4,3.5,N,36524064.17,10,37000000
"'Bhaisepati, L'",L,34535434.84,Bhaisepati,47003669.23,6.5,4,2.5,NW,36240206.19,13,37500000
"'Bhaisepati, L'",L,34535434.84,Bhaisepati,47003669.23,4.0,3,2.5,W,35035732.01,13,27500000
"'Hattiban, L'",L,34535434.84,Hattiban,39415384.62,3.0,5,2.5,N,36524064.17,22,28000000
"'Kusunti, L'",L,34535434.84,Kusunti,47312500.0,9.0,4,2.5,E,40021095.89,20,110000000
"'Kalanki, K'",K,40271779.3,Kalanki,26308823.53,4.2,4,1.0,E,40021095.89,10,18000000
"'Basundhara, K'",K,40271779.3,Basundhara,40705882.35,4.0,6,3.5,W,35035732.01,10,37000000
"'Imadol, L'",L,34535434.84,Imadol,26245555.56,3.3,6,2.5,N,36524064.17,12,21500000
"'Budhanilkantha, K'",K,40271779.3,Budhanilkantha,54403539.82,6.0,5,2.0,E,40021095.89,20,77000000
"'Gokarneswhor, K'",K,40271779.3,Gokarneswhor,24166666.67,4.0,8,4.5,W,35035732.01,11,27000000
"'Kusunti, L'",L,34535434.84,Kusunti,47312500.0,5.2,4,2.5,SW,39995597.48,15,42500000
"'Sitapaila, K'",K,40271779.3,Sitapaila,32122471.91,4.0,5,2.5,E,40021095.89,10,22000000
"'Balambu, K'",K,40271779.3,Balambu,21000000.0,4.0,4,2.5,E,40021095.89,13,22500000
"'Rai Chowk, K'",K,40271779.3,Rai Chowk,25000000.0,3.7,6,2.5,E,40021095.89,12,25000000
"'Sainbu, L'",L,34535434.84,Sainbu,41642857.14,4.7,4,2.0,SW,39995597.48,13,35000000
"'Bhaisepati, L'",L,34535434.84,Bhaisepati,47003669.23,12.0,11,5.5,E,40021095.89,18,160000000
"'Sitapaila, K'",K,40271779.3,Sitapaila,32122471.91,3.7,6,2.5,NE,38939095.74,10,30000000
"'Ramkot, K'",K,40271779.3,Ramkot,25384615.38,3.2,6,2.5,W,35035732.01,16,26000000
"'Swayambhu, K'",K,40271779.3,Swayambhu,34017647.06,4.5,6,2.0,NE,38939095.74,13,38000000
"'Sitapaila, K'",K,40271779.3,Sitapaila,32122471.91,2.5,6,3.0,W,35035732.01,13,22000000
"'Sitapaila, K'",K,40271779.3,Sitapaila,32122471.91,2.5,4,3.0,W,35035732.01,10,20000000
"'Sitapaila, K'",K,40271779.3,Sitapaila,32122471.91,4.5,6,2.5,S,38378801.08,12,27500000
"'Sitapaila, K'",K,40271779.3,Sitapaila,32122471.91,3.8,4,4.0,W,35035732.01,14,35000000
"'Thankot, K'",K,40271779.3,Thankot,16989743.59,3.0,8,2.5,E,40021095.89,13,22000000
"'Thankot, K'",K,40271779.3,Thankot,16989743.59,3.0,4,2.5,W,35035732.01,12,16500000
"'Thankot, K'",K,40271779.3,Thankot,16989743.59,4.5,8,3.5,E,40021095.89,13,18500000
"'Thankot, K'",K,40271779.3,Thankot,16989743.59,3.1,3,3.5,E,40021095.89,13,11500000
"'Thankot, K'",K,40271779.3,Thankot,16989743.59,3.5,7,3.0,E,40021095.89,13,17000000
"'Dhungedhara, K'",K,40271779.3,Dhungedhara,34816666.67,3.0,5,3.0,N,36524064.17,13,33000000
"'Sano bharyang, K'",K,40271779.3,Sano Bharyang,35300000.0,3.5,6,2.5,E,40021095.89,12,31000000
"'Sitapaila, K'",K,40271779.3,Sitapaila,32122471.91,3.1,5,3.5,SE,41320000.0,14,23500000
"'Budhanilkantha, K'",K,40271779.3,Budhanilkantha,54403539.82,14.5,5,2.5,S,38378801.08,13,120000000
"'Bafal, K'",K,40271779.3,Bafal,36767857.14,3.2,6,2.5,S,38378801.08,13,45000000
"'Sitapaila, K'",K,40271779.3,Sitapaila,32122471.91,3.0,4,2.5,W,35035732.01,16,30000000
"'Baniyatar, K'",K,40271779.3,Baniyatar,29888888.89,6.0,6,2.5,SE,41320000.0,12,60000000
"'Kimdol, K'",K,40271779.3,Kimdol,61500000.0,5.3,5,2.5,SW,39995597.48,13,61500000
"'Dallu, K'",K,40271779.3,Dallu,36944444.44,5.3,5,2.5,SW,39995597.48,13,50000000
"'Sitapaila, K'",K,40271779.3,Sitapaila,32122471.91,5.3,5,2.5,SW,39995597.48,16,38500000
"'Sano bharyang, K'",K,40271779.3,Sano Bharyang,35300000.0,3.2,9,4.0,S,38378801.08,20,36000000
"'Bafal, K'",K,40271779.3,Bafal,36767857.14,4.0,6,3.5,NW,36240206.19,13,28500000
"'Chamati, K'",K,40271779.3,Chamati,48083333.33,3.1,7,2.5,N,36524064.17,20,35500000
"'Sitapaila, K'",K,40271779.3,Sitapaila,32122471.91,6.0,7,2.5,SW,39995597.48,18,55000000
"'Sitapaila, K'",K,40271779.3,Sitapaila,32122471.91,7.0,6,2.5,W,35035732.01,13,42500000
"'Swayambhu, K'",K,40271779.3,Swayambhu,34017647.06,6.0,4,2.5,S,38378801.08,20,26700000
"'Sitapaila, K'",K,40271779.3,Sitapaila,32122471.91,2.2,3,2.5,S,38378801.08,10,22500000
"'Ramkot, K'",K,40271779.3,Ramkot,25384615.38,4.0,6,2.5,S,38378801.08,12,28500000
"'Kalimati, K'",K,40271779.3,Kalimati,50750000.0,5.3,4,2.5,S,38378801.08,13,38000000
"'Ramkot, K'",K,40271779.3,Ramkot,25384615.38,7.2,9,2.5,E,40021095.89,16,42000000
"'Gongabu, K'",K,40271779.3,Gongabu,42027777.78,2.2,6,2.5,N,36524064.17,12,24500000
"'Sangam Basti, L'",L,34535434.84,Sangam Basti,68000000.0,6.0,5,2.5,N,36524064.17,13,68000000
"'Bansbari, K'",K,40271779.3,Bansbari,52578947.37,4.0,7,2.5,SE,41320000.0,13,45000000
"'Budhanilkantha, K'",K,40271779.3,Budhanilkantha,54403539.82,16.0,11,3.0,SE,41320000.0,16,80000000
"'Nagarjun, K'",K,40271779.3,Nagarjun,44030000.0,3.1,7,2.5,N,36524064.17,12,29900000
"'Nagarjun, K'",K,40271779.3,Nagarjun,44030000.0,4.0,8,2.5,NW,36240206.19,13,37500000
"'Nagarjun, K'",K,40271779.3,Nagarjun,44030000.0,3.0,5,2.5,S,38378801.08,14,325000000
"'Dallu, K'",K,40271779.3,Dallu,36944444.44,3.2,4,2.5,SW,39995597.48,20,28500000
"'Nagarjun, K'",K,40271779.3,Nagarjun,44030000.0,10.2,6,2.5,NW,36240206.19,14,60000000
"'Thulo Bharayang, K'",K,40271779.3,Thulo Bharayang,35125000.0,4.2,7,3.5,NE,38939095.74,13,41500000
"'Sitapaila, K'",K,40271779.3,Sitapaila,32122471.91,8.0,8,2.5,E,40021095.89,13,42000000
"'Nagarjun, K'",K,40271779.3,Nagarjun,44030000.0,3.0,6,2.5,N,36524064.17,13,31500000
"'Radha Krishna, K'",K,40271779.3,Radha Krishna,26500000.0,3.0,5,2.5,S,38378801.08,13,26500000
"'Sano bharyang, K'",K,40271779.3,Sano Bharyang,35300000.0,5.5,6,2.5,SW,39995597.48,13,37500000
"'Buddha Chowk, K'",K,40271779.3,Buddha Chowk,30375000.0,3.0,6,3.0,NW,36240206.19,12,22500000
"'Sano bharyang, K'",K,40271779.3,Sano Bharyang,35300000.0,3.1,5,2.5,W,35035732.01,13,26000000
"'Chamati, K'",K,40271779.3,Chamati,48083333.33,2.5,8,2.5,E,40021095.89,20,29500000
"'Swayambhu, K'",K,40271779.3,Swayambhu,34017647.06,4.0,4,2.0,N,36524064.17,16,33500000
"'Nagarjun, K'",K,40271779.3,Nagarjun,44030000.0,4.0,4,2.5,E,40021095.89,13,30000000
"'Sitapaila, K'",K,40271779.3,Sitapaila,32122471.91,6.7,9,3.0,W,35035732.01,10,38500000
"'Imadol, L'",L,34535434.84,Imadol,26245555.56,3.0,5,2.0,E,40021095.89,13,27500000
"'Imadol, L'",L,34535434.84,Imadol,26245555.56,3.0,6,2.5,N,36524064.17,13,27500000
"'Imadol, L'",L,34535434.84,Imadol,26245555.56,5.0,7,3.0,E,40021095.89,13,34500000
"'Sano bharyang, K'",K,40271779.3,Sano Bharyang,35300000.0,4.2,5,2.5,SE,41320000.0,20,49000000
"'Chamati, K'",K,40271779.3,Chamati,48083333.33,2.5,5,3.0,S,38378801.08,20,27000000
"'Sorhakhutte, K'",K,40271779.3,Sorhakhutte,43900000.0,2.3,12,3.0,E,40021095.89,7,25000000
"'Imadol, L'",L,34535434.84,Imadol,26245555.56,3.5,6,2.5,E,40021095.89,13,27500000
"'Bhaisepati, L'",L,34535434.84,Bhaisepati,47003669.23,5.0,7,3.5,SW,39995597.48,13,38000000
"'Sitapaila, K'",K,40271779.3,Sitapaila,32122471.91,4.5,8,2.5,S,38378801.08,13,39000000
"'Baneshwor, K'",K,40271779.3,Baneshwor,51242857.14,5.3,3,2.5,S,38378801.08,8,33000000
"'Budhanilkantha, K'",K,40271779.3,Budhanilkantha,54403539.82,2.2,3,2.5,S,38378801.08,13,14500000
"'Dhapasi Height, K'",K,40271779.3,Dhapasi Height,127500000.0,14.0,2,2.0,NE,38939095.74,14,127500000
"'Hattiban, L'",L,34535434.84,Hattiban,39415384.62,3.0,5,3.5,S,38378801.08,13,21500000
"'Sorhakhutte, K'",K,40271779.3,Sorhakhutte,43900000.0,7.0,9,2.5,SE,41320000.0,8,65000000
"'Sitapaila, K'",K,40271779.3,Sitapaila,32122471.91,3.5,4,2.5,SE,41320000.0,14,28500000
"'Bafal, K'",K,40271779.3,Bafal,36767857.14,4.0,4,2.5,S,38378801.08,14,41000000
"'Nagarjun, K'",K,40271779.3,Nagarjun,44030000.0,2.7,4,1.0,N,36524064.17,13,25500000
"'Nagarjun, K'",K,40271779.3,Nagarjun,44030000.0,3.0,6,2.5,E,40021095.89,13,32000000
"'Chandragiri, K'",K,40271779.3,Chandragiri,22463636.36,4.0,6,2.5,E,40021095.89,13,26500000
"'Chandragiri, K'",K,40271779.3,Chandragiri,22463636.36,5.0,6,2.5,E,40021095.89,13,23500000
"'Chamati, K'",K,40271779.3,Chamati,48083333.33,2.3,7,2.5,E,40021095.89,16,26500000
"'Sano bharyang, K'",K,40271779.3,Sano Bharyang,35300000.0,5.0,6,2.5,W,35035732.01,13,39800000
"'Hattiban, L'",L,34535434.84,Hattiban,39415384.62,5.5,5,1.0,E,40021095.89,13,34000000
"'Kaushaltar, B'",B,29873684.19,Kaushaltar,24300000.0,4.0,5,2.5,N,36524064.17,10,32000000
"'Syuchatar, K'",K,40271779.3,Syuchatar,27519230.77,4.0,5,3.5,NE,38939095.74,13,39500000
"'Sitapaila, K'",K,40271779.3,Sitapaila,32122471.91,3.7,6,3.5,NW,36240206.19,13,28500000
"'Sitapaila, K'",K,40271779.3,Sitapaila,32122471.91,3.0,6,2.0,SW,39995597.48,13,26000000
"'Sano bharyang, K'",K,40271779.3,Sano Bharyang,35300000.0,2.3,5,2.0,E,40021095.89,14,30000000
"'Satungal, K'",K,40271779.3,Satungal,20550000.0,3.0,5,2.5,NE,38939095.74,10,19500000
"'Satungal, K'",K,40271779.3,Satungal,20550000.0,2.3,5,2.5,NE,38939095.74,10,18500000
"'Naikap, K'",K,40271779.3,Naikap,27187500.0,8.0,11,2.5,NE,38939095.74,13,46500000
"'Bhaisepati, L'",L,34535434.84,Bhaisepati,47003669.23,3.1,5,2.0,NE,38939095.74,13,29000000
"'Gokarneswhor, K'",K,40271779.3,Gokarneswhor,24166666.67,4.5,11,3.0,SE,41320000.0,12,35000000
"'Hattiban, L'",L,34535434.84,Hattiban,39415384.62,2.3,4,1.5,S,38378801.08,13,21500000
"'Godamchaur, L'",L,34535434.84,Godamchaur,29000000.0,3.2,6,2.5,S,38378801.08,13,29000000
"'Sano bharyang, K'",K,40271779.3,Sano Bharyang,35300000.0,3.0,4,2.5,N,36524064.17,13,22500000
"'Sitapaila, K'",K,40271779.3,Sitapaila,32122471.91,3.2,5,2.5,W,35035732.01,13,28500000
"'Sitapaila, K'",K,40271779.3,Sitapaila,32122471.91,9.0,5,2.5,N,36524064.17,16,55000000
"'Bafal, K'",K,40271779.3,Bafal,36767857.14,4.2,4,2.5,N,36524064.17,20,40000000
"'Kuleshwor, K'",K,40271779.3,Kuleshwor,51166666.67,7.0,7,2.5,N,36524064.17,22,75000000
"'Chandragiri, K'",K,40271779.3,Chandragiri,22463636.36,5.1,6,3.5,N,36524064.17,13,27000000
"'Bhaisepati, L'",L,34535434.84,Bhaisepati,47003669.23,8.0,6,2.5,NE,38939095.74,10,60000000
"'Bhaisepati, L'",L,34535434.84,Bhaisepati,47003669.23,3.3,4,2.5,SW,39995597.48,14,37500000
"'Imadol, L'",L,34535434.84,Imadol,26245555.56,3.1,5,2.0,SE,41320000.0,13,28500000
"'Sitapaila, K'",K,40271779.3,Sitapaila,32122471.91,8.0,5,2.5,S,38378801.08,16,60000000
"'Nagarjun, K'",K,40271779.3,Nagarjun,44030000.0,3.0,8,2.5,E,40021095.89,13,31000000
"'Nagarjun, K'",K,40271779.3,Nagarjun,44030000.0,2.2,4,2.0,E,40021095.89,13,27500000
"'Bafal, K'",K,40271779.3,Bafal,36767857.14,3.0,5,2.5,W,35035732.01,12,28500000
"'Sitapaila, K'",K,40271779.3,Sitapaila,32122471.91,3.0,6,2.5,N,36524064.17,16,22000000
"'Bafal, K'",K,40271779.3,Bafal,36767857.14,4.0,7,3.0,N,36524064.17,13,28500000
"'Nagarjun, K'",K,40271779.3,Nagarjun,44030000.0,3.0,6,2.5,N,36524064.17,13,20500000
"'Nagarjun, K'",K,40271779.3,Nagarjun,44030000.0,2.2,4,3.0,S,38378801.08,16,18000000
"'Sitapaila, K'",K,40271779.3,Sitapaila,32122471.91,3.5,4,2.5,SE,41320000.0,13,35000000
"'Nagarjun, K'",K,40271779.3,Nagarjun,44030000.0,3.8,4,2.5,SE,41320000.0,13,24000000
"'Nakhu, L'",L,34535434.84,Nakhu,31019047.62,5.2,4,2.5,NE,38939095.74,13,39000000
"'Nagarjun, K'",K,40271779.3,Nagarjun,44030000.0,6.0,9,3.5,E,40021095.89,13,47000000
"'Sitapaila, K'",K,40271779.3,Sitapaila,32122471.91,7.2,5,2.5,NE,38939095.74,16,50000000
"'Sitapaila, K'",K,40271779.3,Sitapaila,32122471.91,5.0,4,2.5,SE,41320000.0,16,37500000
"'Ramkot, K'",K,40271779.3,Ramkot,25384615.38,3.3,4,2.5,SW,39995597.48,13,24000000
"'Dallu, K'",K,40271779.3,Dallu,36944444.44,3.0,4,3.5,N,36524064.17,13,29500000
"'Budhanilkantha, K'",K,40271779.3,Budhanilkantha,54403539.82,20.0,4,3.0,E,40021095.89,13,125000000
"'Sitapaila, K'",K,40271779.3,Sitapaila,32122471.91,4.5,6,2.5,NE,38939095.74,22,33500000
"'Raniban, K'",K,40271779.3,Raniban,37400000.0,4.2,6,3.5,SW,39995597.48,20,42500000
"'Raniban, K'",K,40271779.3,Raniban,37400000.0,4.3,3,2.5,E,40021095.89,20,42500000
"'Sitapaila, K'",K,40271779.3,Sitapaila,32122471.91,3.5,5,2.5,E,40021095.89,13,29000000
"'Bafal, K'",K,40271779.3,Bafal,36767857.14,4.0,5,3.5,SW,39995597.48,13,28500000
"'Lolang, K'",K,40271779.3,Lolang,19860000.0,4.1,6,2.5,SW,39995597.48,10,18500000
"'Thulo Bharayang, K'",K,40271779.3,Thulo Bharayang,35125000.0,3.0,4,3.0,E,40021095.89,13,28000000
"'Thulo Bharayang, K'",K,40271779.3,Thulo Bharayang,35125000.0,3.2,5,2.5,S,38378801.08,10,32500000
"'Ramkot, K'",K,40271779.3,Ramkot,25384615.38,4.0,6,3.5,NE,38939095.74,26,30500000
"'Tarakeshwar, K'",K,40271779.3,Tarakeshwar,20000000.0,3.2,6,2.5,NW,36240206.19,20,36000000
"'Sitapaila, K'",K,40271779.3,Sitapaila,32122471.91,3.0,4,3.5,E,40021095.89,13,26000000
"'Sitapaila, K'",K,40271779.3,Sitapaila,32122471.91,4.0,5,2.5,E,40021095.89,15,26500000
"'Sano bharyang, K'",K,40271779.3,Sano Bharyang,35300000.0,5.0,8,4.0,SW,39995597.48,16,43000000
"'Sitapaila, K'",K,40271779.3,Sitapaila,32122471.91,4.0,6,2.5,W,35035732.01,16,30500000
"'Golfutar, K'",K,40271779.3,Golfutar,47734782.61,8.0,7,5.0,N,36524064.17,14,77500000
"'Sitapaila, K'",K,40271779.3,Sitapaila,32122471.91,3.2,7,2.5,E,40021095.89,13,23500000
"'Dallu, K'",K,40271779.3,Dallu,36944444.44,4.0,7,3.0,S,38378801.08,13,46500000
"'Syuchatar, K'",K,40271779.3,Syuchatar,27519230.77,4.5,7,3.0,S,38378801.08,10,22000000
"'Dallu, K'",K,40271779.3,Dallu,36944444.44,4.0,6,3.0,S,38378801.08,13,40000000
"'Banglamukhi, K'",K,40271779.3,Banglamukhi,29000000.0,3.2,7,2.5,E,40021095.89,16,29000000
"'Sano bharyang, K'",K,40271779.3,Sano Bharyang,35300000.0,3.2,4,2.5,SE,41320000.0,14,27500000
"'Nagarjun, K'",K,40271779.3,Nagarjun,44030000.0,3.0,4,3.5,E,40021095.89,12,20000000
"'Raniban, K'",K,40271779.3,Raniban,37400000.0,5.5,5,3.0,N,36524064.17,18,62000000
"'Magargaun, L'",L,34535434.84,Magargaun,30000000.0,3.3,4,3.0,W,35035732.01,13,30000000
"'Raniban, K'",K,40271779.3,Raniban,37400000.0,3.0,3,2.5,W,35035732.01,13,30000000
"'Raniban, K'",K,40271779.3,Raniban,37400000.0,5.0,5,2.5,S,38378801.08,22,47500000
"'Hattigauda, K'",K,40271779.3,Hattigauda,40888888.89,7.0,7,2.5,SE,41320000.0,22,30000000
"'Hattiban, L'",L,34535434.84,Hattiban,39415384.62,5.0,4,2.5,E,40021095.89,22,26000000
"'Chandragiri, K'",K,40271779.3,Chandragiri,22463636.36,4.0,4,2.5,NE,38939095.74,13,25500000
"'Syuchatar, K'",K,40271779.3,Syuchatar,27519230.77,4.0,5,2.5,N,36524064.17,14,22000000
"'Budhanilkantha, K'",K,40271779.3,Budhanilkantha,54403539.82,5.0,5,2.5,S,38378801.08,13,37500000
"'Ramkot, K'",K,40271779.3,Ramkot,25384615.38,3.0,5,3.0,N,36524064.17,12,18500000
"'Swayambhu, K'",K,40271779.3,Swayambhu,34017647.06,2.7,6,2.5,N,36524064.17,12,25000000
"'Sano bharyang, K'",K,40271779.3,Sano Bharyang,35300000.0,3.1,6,2.5,S,38378801.08,13,25000000
"'Sitapaila, K'",K,40271779.3,Sitapaila,32122471.91,3.1,6,2.5,S,38378801.08,20,35000000
"'Nakhipot, L'",L,34535434.84,Nakhipot,39136363.64,3.7,4,2.5,W,35035732.01,18,28500000
"'Gairgaun, K'",K,40271779.3,Gairgaun,35300000.0,4.5,8,1.0,W,35035732.01,13,23500000
"'Tokha, K'",K,40271779.3,Tokha,26794117.65,3.0,3,2.5,SE,41320000.0,16,22500000
"'Tokha, K'",K,40271779.3,Tokha,26794117.65,4.0,6,2.5,NW,36240206.19,13,27000000
"'Grande Hospital, K'",K,40271779.3,Grande Hospital,34471428.57,3.3,4,3.0,SW,39995597.48,16,37000000
"'Khumaltar, L'",L,34535434.84,Khumaltar,38023809.52,4.0,6,3.0,E,40021095.89,13,35000000
"'Khumaltar, L'",L,34535434.84,Khumaltar,38023809.52,3.5,6,2.5,S,38378801.08,16,25000000
"'Jharuwarasi, L'",L,34535434.84,Jharuwarasi,14500000.0,6.0,4,3.0,E,40021095.89,20,16000000
"'Bafal, K'",K,40271779.3,Bafal,36767857.14,3.0,6,2.5,N,36524064.17,12,35000000
"'changu Narayan, K'",K,40271779.3,Changu Narayan,26800000.0,3.1,5,2.5,SE,41320000.0,12,27500000
"'Sitapaila, K'",K,40271779.3,Sitapaila,32122471.91,4.0,6,2.5,W,35035732.01,10,33000000
"'Kapan, K'",K,40271779.3,Kapan,24537096.77,4.6,5,2.5,SW,39995597.48,15,47500000
"'Tarakeshwar, K'",K,40271779.3,Tarakeshwar,20000000.0,5.0,7,2.5,SE,41320000.0,18,23000000
"'Sano bharyang, K'",K,40271779.3,Sano Bharyang,35300000.0,10.0,8,3.5,W,35035732.01,14,50000000
"'Banasthali, K'",K,40271779.3,Banasthali,47525000.0,11.0,4,2.0,E,40021095.89,20,70000000
"'Nepaltar, K'",K,40271779.3,Nepaltar,23085714.29,5.3,6,3.5,W,35035732.01,13,36500000
"'Dahachowk, K'",K,40271779.3,Dahachowk,18250000.0,4.0,4,3.0,E,40021095.89,13,18500000
"'Budhanilkantha, K'",K,40271779.3,Budhanilkantha,54403539.82,7.5,5,2.5,NE,38939095.74,13,55000000
"'Sano bharyang, K'",K,40271779.3,Sano Bharyang,35300000.0,4.5,6,3.5,SW,39995597.48,13,31500000
"'Budhanilkantha, K'",K,40271779.3,Budhanilkantha,54403539.82,16.0,4,5.0,N,36524064.17,13,70000000
"'Sano bharyang, K'",K,40271779.3,Sano Bharyang,35300000.0,3.3,4,2.5,NE,38939095.74,13,27000000
"'Sitapaila, K'",K,40271779.3,Sitapaila,32122471.91,3.5,3,2.5,S,38378801.08,12,28000000
"'Sitapaila, K'",K,40271779.3,Sitapaila,32122471.91,3.0,5,2.5,S,38378801.08,16,23000000
"'Kusunti, L'",L,34535434.84,Kusunti,47312500.0,5.4,4,2.5,NW,36240206.19,16,36500000
"'Mahankal, K'",K,40271779.3,Mahankal,28250000.0,4.3,6,1.0,E,40021095.89,16,23000000
"'Sitapaila, K'",K,40271779.3,Sitapaila,32122471.91,4.3,6,2.5,SE,41320000.0,16,24000000
"'Dallu, K'",K,40271779.3,Dallu,36944444.44,4.7,5,3.5,W,35035732.01,16,40000000
"'Budhanilkantha, K'",K,40271779.3,Budhanilkantha,54403539.82,21.0,5,3.0,S,38378801.08,16,105000000
"'Budhanilkantha, K'",K,40271779.3,Budhanilkantha,54403539.82,6.0,5,2.5,N,36524064.17,16,45000000
"'Budhanilkantha, K'",K,40271779.3,Budhanilkantha,54403539.82,10.0,5,2.5,SE,41320000.0,16,120000000
"'Budhanilkantha, K'",K,40271779.3,Budhanilkantha,54403539.82,8.0,5,3.5,W,35035732.01,20,100000000
"'Sano bharyang, K'",K,40271779.3,Sano Bharyang,35300000.0,3.5,4,2.0,S,38378801.08,12,30000000
"'Budhanilkantha, K'",K,40271779.3,Budhanilkantha,54403539.82,7.5,4,3.5,SW,39995597.48,16,55000000
"'Gongabu, K'",K,40271779.3,Gongabu,42027777.78,12.0,14,2.5,NW,36240206.19,16,90000000
"'Bouddha, K'",K,40271779.3,Bouddha,61083333.33,11.0,11,2.5,S,38378801.08,12,185000000
"'Halchowk, K'",K,40271779.3,Halchowk,31000000.0,4.5,5,2.5,S,38378801.08,13,36000000
"'Sitapaila, K'",K,40271779.3,Sitapaila,32122471.91,5.3,6,2.5,NE,38939095.74,13,31500000
"'Dhapasi, K'",K,40271779.3,Dhapasi,43197058.82,4.0,6,2.5,SW,39995597.48,13,25000000
"'Sano bharyang, K'",K,40271779.3,Sano Bharyang,35300000.0,4.3,5,2.5,E,40021095.89,13,34000000
"'Chhauni, K'",K,40271779.3,Chhauni,40166666.67,4.6,5,3.0,SE,41320000.0,20,27000000
"'Raniban, K'",K,40271779.3,Raniban,37400000.0,4.5,5,2.5,W,35035732.01,20,30000000
"'Satungal, K'",K,40271779.3,Satungal,20550000.0,3.6,5,2.5,E,40021095.89,16,18000000
"'Satungal, K'",K,40271779.3,Satungal,20550000.0,3.6,5,2.5,E,40021095.89,12,18000000
"'Thankot, K'",K,40271779.3,Thankot,16989743.59,3.0,2,2.5,E,40021095.89,16,14000000
"'Halchowk, K'",K,40271779.3,Halchowk,31000000.0,4.3,4,2.5,N,36524064.17,16,26000000
"'Swayambhu, K'",K,40271779.3,Swayambhu,34017647.06,4.0,5,2.5,N,36524064.17,13,34000000
"'Tahachal, K'",K,40271779.3,Tahachal,72333333.33,4.5,7,2.5,NE,38939095.74,16,55000000
"'Tahachal, K'",K,40271779.3,Tahachal,72333333.33,4.5,7,2.5,N,36524064.17,16,52500000
"'Kalanki, K'",K,40271779.3,Kalanki,26308823.53,4.5,4,2.5,SW,39995597.48,16,30000000
"'Raniban, K'",K,40271779.3,Raniban,37400000.0,4.5,5,2.5,N,36524064.17,16,30000000
"'Tarakeshwar, K'",K,40271779.3,Tarakeshwar,20000000.0,4.5,5,2.5,N,36524064.17,16,21000000
"'Sitapaila, K'",K,40271779.3,Sitapaila,32122471.91,4.5,4,2.5,N,36524064.17,16,26000000
"'Bhatbhateni, K'",K,40271779.3,Bhatbhateni,30000000.0,4.5,3,3.0,S,38378801.08,16,30000000
"'Syuchatar, K'",K,40271779.3,Syuchatar,27519230.77,4.7,4,2.5,S,38378801.08,16,16000000
"'Sano bharyang, K'",K,40271779.3,Sano Bharyang,35300000.0,6.3,5,2.5,NW,36240206.19,16,35000000
"'Budhanilkantha, K'",K,40271779.3,Budhanilkantha,54403539.82,8.0,5,2.0,N,36524064.17,16,48000000
"'Imadol, L'",L,34535434.84,Imadol,26245555.56,4.0,5,3.0,W,35035732.01,12,29000000
"'Satdobato, L'",L,34535434.84,Satdobato,41446666.67,3.0,5,4.5,W,35035732.01,10,47500000
"'Imadol, L'",L,34535434.84,Imadol,26245555.56,2.3,4,2.5,W,35035732.01,10,19900000
"'Bhaisepati, L'",L,34535434.84,Bhaisepati,47003669.23,7.0,4,2.5,NW,36240206.19,12,40000000
"'Bhaisepati, L'",L,34535434.84,Bhaisepati,47003669.23,3.2,4,2.5,NW,36240206.19,13,33000000
"'Budhanilkantha, K'",K,40271779.3,Budhanilkantha,54403539.82,4.3,5,2.5,NE,38939095.74,14,40000000
"'Gyaneshwor, K'",K,40271779.3,Gyaneshwor,40000000.0,2.2,13,5.5,W,35035732.01,10,45000000
"'Bhaisepati, L'",L,34535434.84,Bhaisepati,47003669.23,5.0,5,3.0,E,40021095.89,12,30000000
"'Imadol, L'",L,34535434.84,Imadol,26245555.56,5.2,6,3.0,NE,38939095.74,13,49900000
"'Kharibot, K'",K,40271779.3,Kharibot,32900000.0,3.0,4,2.5,S,38378801.08,16,24500000
"'Bafal, K'",K,40271779.3,Bafal,36767857.14,4.0,4,4.0,SE,41320000.0,13,25000000
"'Khumaltar, L'",L,34535434.84,Khumaltar,38023809.52,4.0,4,2.5,SE,41320000.0,20,42500000
"'Bhaisepati, L'",L,34535434.84,Bhaisepati,47003669.23,6.2,4,2.5,SE,41320000.0,12,65000000
"'Bhaisepati, L'",L,34535434.84,Bhaisepati,47003669.23,4.2,4,2.5,SW,39995597.48,13,36000000
"'Khumaltar, L'",L,34535434.84,Khumaltar,38023809.52,5.0,6,3.5,NW,36240206.19,14,58000000
"'Bhaisepati, L'",L,34535434.84,Bhaisepati,47003669.23,3.2,5,3.5,SE,41320000.0,12,25000000
"'Bhaisepati, L'",L,34535434.84,Bhaisepati,47003669.23,5.2,4,3.0,SE,41320000.0,16,48000000
"'Tahachal, K'",K,40271779.3,Tahachal,72333333.33,4.1,4,3.0,N,36524064.17,20,66500000
"'Dhapasi, K'",K,40271779.3,Dhapasi,43197058.82,9.6,5,2.5,NE,38939095.74,14,133000000
"'Thecho, L'",L,34535434.84,Thecho,45833333.33,7.0,5,3.5,E,40021095.89,12,85000000
"'Bhaisepati, L'",L,34535434.84,Bhaisepati,47003669.23,5.0,4,2.5,NE,38939095.74,12,55000000
"'Bhaisepati, L'",L,34535434.84,Bhaisepati,47003669.23,3.1,4,2.5,S,38378801.08,20,47500000
"'Imadol, L'",L,34535434.84,Imadol,26245555.56,3.2,5,3.0,S,38378801.08,13,29500000
"'Sanepa, L'",L,34535434.84,Sanepa,71436842.11,5.0,5,2.5,NW,36240206.19,10,63500000
"'Bhaisepati, L'",L,34535434.84,Bhaisepati,47003669.23,7.0,5,2.5,W,35035732.01,13,85000000
"'Maharajgunj, K'",K,40271779.3,Maharajgunj,66125000.0,11.0,4,2.5,S,38378801.08,12,105000000
"'Bhaisepati, L'",L,34535434.84,Bhaisepati,47003669.23,7.0,4,2.5,E,40021095.89,26,64000000
"'Sunakothi, L'",L,34535434.84,Sunakothi,41100000.0,4.0,3,2.5,N,36524064.17,20,35000000
"'Kapan, K'",K,40271779.3,Kapan,24537096.77,3.0,6,2.5,S,38378801.08,16,22000000
"'Dhobighat, L'",L,34535434.84,Dhobighat,61000000.0,3.0,4,2.5,S,38378801.08,16,37500000
"'Hattiban, L'",L,34535434.84,Hattiban,39415384.62,6.0,5,2.0,S,38378801.08,20,80000000
"'Satdobato, L'",L,34535434.84,Satdobato,41446666.67,4.2,6,3.5,SE,41320000.0,13,55000000
"'Bhaisepati, L'",L,34535434.84,Bhaisepati,47003669.23,3.3,4,2.5,SW,39995597.48,13,55000000
"'Sanepa, L'",L,34535434.84,Sanepa,71436842.11,9.0,5,2.5,SW,39995597.48,20,77500000
"'Budhanilkantha, K'",K,40271779.3,Budhanilkantha,54403539.82,12.0,7,2.5,N,36524064.17,13,160000000
"'Imadol, L'",L,34535434.84,Imadol,26245555.56,4.1,5,2.5,S,38378801.08,13,31900000
"'Sitapaila, K'",K,40271779.3,Sitapaila,32122471.91,3.0,4,2.5,W,35035732.01,13,25000000
"'Bhaisepati, L'",L,34535434.84,Bhaisepati,47003669.23,6.4,5,2.5,NW,36240206.19,13,62500000
"'Budhanilkantha, K'",K,40271779.3,Budhanilkantha,54403539.82,12.0,7,2.5,N,36524064.17,12,160000000
"'Hattiban, L'",L,34535434.84,Hattiban,39415384.62,2.2,4,2.5,N,36524064.17,12,28000000
"'Bhaisepati, L'",L,34535434.84,Bhaisepati,47003669.23,5.0,6,2.5,S,38378801.08,25,48000000
"'Imadol, L'",L,34535434.84,Imadol,26245555.56,3.1,5,3.0,N,36524064.17,13,25000000
"'Sanepa, L'",L,34535434.84,Sanepa,71436842.11,5.0,4,2.5,W,35035732.01,19,33500000
"'Sanepa, L'",L,34535434.84,Sanepa,71436842.11,5.0,4,2.5,NW,36240206.19,19,35000000
"'Bhaisepati, L'",L,34535434.84,Bhaisepati,47003669.23,4.0,4,2.5,NE,38939095.74,18,40000000
"'Nakhipot, L'",L,34535434.84,Nakhipot,39136363.64,7.0,5,2.5,E,40021095.89,13,60000000
"'Imadol, L'",L,34535434.84,Imadol,26245555.56,3.5,4,2.5,W,35035732.01,12,25000000
"'Imadol, L'",L,34535434.84,Imadol,26245555.56,3.3,5,2.0,E,40021095.89,12,27000000
"'Gwarko, L'",L,34535434.84,Gwarko,27142857.14,3.0,5,2.5,N,36524064.17,12,27500000
"'Budhanilkantha, K'",K,40271779.3,Budhanilkantha,54403539.82,11.0,5,2.5,SE,41320000.0,16,110000000
"'Hattiban, L'",L,34535434.84,Hattiban,39415384.62,3.3,6,2.5,NE,38939095.74,15,32500000
"'Hattiban, L'",L,34535434.84,Hattiban,39415384.62,3.1,5,2.0,SW,39995597.48,13,28000000
"'Imadol, L'",L,34535434.84,Imadol,26245555.56,3.2,6,3.0,W,35035732.01,12,31000000
"'Baneshwor, K'",K,40271779.3,Baneshwor,51242857.14,5.0,4,2.5,S,38378801.08,13,40000000
"'Tokha, K'",K,40271779.3,Tokha,26794117.65,6.0,3,2.5,N,36524064.17,15,35000000
"'Imadol, L'",L,34535434.84,Imadol,26245555.56,5.2,6,2.0,E,40021095.89,20,31500000
"'Ochu Height, L'",L,34535434.84,Ochu Height,28750000.0,3.2,6,2.5,S,38378801.08,13,29000000
"'Imadol, L'",L,34535434.84,Imadol,26245555.56,4.2,5,3.0,E,40021095.89,20,42500000
"'Bhaisepati, L'",L,34535434.84,Bhaisepati,47003669.23,4.0,4,2.0,SE,41320000.0,12,46500000
"'Bhaisepati, L'",L,34535434.84,Bhaisepati,47003669.23,4.0,5,2.5,N,36524064.17,20,40000000
"'Sanepa, L'",L,34535434.84,Sanepa,71436842.11,5.0,6,3.0,NE,38939095.74,16,59500000
"'Nakhu, L'",L,34535434.84,Nakhu,31019047.62,5.0,4,2.5,E,40021095.89,13,39000000
"'Setipakha, L'",L,34535434.84,Setipakha,25400000.0,4.0,8,3.0,E,40021095.89,13,32000000
"'Setipakha, L'",L,34535434.84,Setipakha,25400000.0,4.0,8,3.0,E,40021095.89,13,32500000
"'Sunakothi, L'",L,34535434.84,Sunakothi,41100000.0,7.1,4,2.5,S,38378801.08,20,51500000
"'Kalanki, K'",K,40271779.3,Kalanki,26308823.53,4.0,8,3.5,S,38378801.08,10,35000000
"'Imadol, L'",L,34535434.84,Imadol,26245555.56,4.3,4,2.5,E,40021095.89,20,32500000
"'Bhangal, K'",K,40271779.3,Bhangal,26641463.41,3.1,5,2.5,N,36524064.17,13,32000000
"'Sukedhara, K'",K,40271779.3,Sukedhara,38941379.31,5.2,5,2.5,S,38378801.08,13,55000000
"'Setipakha, L'",L,34535434.84,Setipakha,25400000.0,2.3,5,2.5,E,40021095.89,13,23000000
"'Chandragiri, K'",K,40271779.3,Chandragiri,22463636.36,3.3,3,2.0,E,40021095.89,20,17000000
"'Imadol, L'",L,34535434.84,Imadol,26245555.56,2.3,5,3.5,S,38378801.08,13,24000000
"'Tikathali, L'",L,34535434.84,Tikathali,21964285.71,4.0,4,2.5,S,38378801.08,13,27500000
"'Tikathali, L'",L,34535434.84,Tikathali,21964285.71,3.2,4,2.5,S,38378801.08,13,22500000
"'Lubhu, L'",L,34535434.84,Lubhu,20353333.33,4.2,4,2.5,E,40021095.89,13,18000000
"'Imadol, L'",L,34535434.84,Imadol,26245555.56,3.2,3,2.5,S,38378801.08,14,25000000
"'Setipakha, L'",L,34535434.84,Setipakha,25400000.0,3.1,1,1.0,NE,38939095.74,13,16500000
"'Bhaisepati, L'",L,34535434.84,Bhaisepati,47003669.23,6.3,5,2.5,S,38378801.08,12,51000000
"'Imadol, L'",L,34535434.84,Imadol,26245555.56,7.0,5,2.5,E,40021095.89,20,59900000
"'Bhaisepati, L'",L,34535434.84,Bhaisepati,47003669.23,3.2,5,2.5,N,36524064.17,13,27500000
"'Sudal, B'",B,29873684.19,Sudal,13733333.33,4.0,2,1.0,E,40021095.89,13,12700000
"'Baluwatar, K'",K,40271779.3,Baluwatar,77346153.85,4.0,4,2.5,SE,41320000.0,20,22500000
"'Bhaisepati, L'",L,34535434.84,Bhaisepati,47003669.23,6.0,6,3.5,S,38378801.08,18,61000000
"'Hattiban, L'",L,34535434.84,Hattiban,39415384.62,4.1,5,3.5,S,38378801.08,18,36900000
"'Sunakothi, L'",L,34535434.84,Sunakothi,41100000.0,2.3,3,2.0,E,40021095.89,20,23000000
"'Budhanilkantha, K'",K,40271779.3,Budhanilkantha,54403539.82,4.0,5,2.0,S,38378801.08,14,32000000
"'Nil Barahi Mandir, B'",B,29873684.19,Nil Barahi Mandir,15500000.0,3.2,6,2.5,SW,39995597.48,20,15500000
"'Dhapasi, K'",K,40271779.3,Dhapasi,43197058.82,4.2,7,2.5,W,35035732.01,13,42500000
"'Katyani Chowk, K'",K,40271779.3,Katyani Chowk,65000000.0,7.0,9,2.5,E,40021095.89,24,65000000
"'Gaurighat, K'",K,40271779.3,Gaurighat,39333333.33,4.0,6,2.0,N,36524064.17,15,35000000
"'Budhanilkantha, K'",K,40271779.3,Budhanilkantha,54403539.82,3.2,6,3.0,S,38378801.08,16,28000000
"'Lubhu, L'",L,34535434.84,Lubhu,20353333.33,3.0,2,1.5,S,38378801.08,13,13300000
"'Imadol, L'",L,34535434.84,Imadol,26245555.56,2.2,4,2.0,S,38378801.08,13,16000000
"'Harisiddhi, L'",L,34535434.84,Harisiddhi,24777777.78,3.1,4,2.5,W,35035732.01,13,25000000
"'Harisiddhi, L'",L,34535434.84,Harisiddhi,24777777.78,3.0,5,2.5,W,35035732.01,20,28000000
"'Imadol, L'",L,34535434.84,Imadol,26245555.56,3.2,5,2.5,SW,39995597.48,14,27000000
"'Bhaisepati, L'",L,34535434.84,Bhaisepati,47003669.23,4.2,5,2.5,S,38378801.08,16,39900000
"'Bhaisepati, L'",L,34535434.84,Bhaisepati,47003669.23,5.0,4,3.5,S,38378801.08,16,49900000
"'Lubhu, L'",L,34535434.84,Lubhu,20353333.33,4.2,5,2.5,E,40021095.89,10,17000000
"'Bhaisepati, L'",L,34535434.84,Bhaisepati,47003669.23,3.3,4,2.5,SW,39995597.48,20,42500000
"'Sanagaun, L'",L,34535434.84,Sanagaun,23437500.0,3.0,4,2.0,W,35035732.01,13,17000000
"'Balkot, B'",B,29873684.19,Balkot,33999999.9,5.0,5,2.5,SE,41320000.0,20,52500000
"'Bageshwori, B'",B,29873684.19,Bageshwori,25000000.0,5.0,7,2.5,S,38378801.08,13,25000000
"'Bhangal, K'",K,40271779.3,Bhangal,26641463.41,4.2,7,2.5,W,35035732.01,13,32000000
"'Tikathali, L'",L,34535434.84,Tikathali,21964285.71,3.2,6,3.0,S,38378801.08,18,25000000
"'Imadol, L'",L,34535434.84,Imadol,26245555.56,3.2,4,2.5,W,35035732.01,13,23500000
"'Muhanpokhari, K'",K,40271779.3,Muhanpokhari,20000000.0,3.2,7,3.0,S,38378801.08,20,20000000
"'Samakhusi, K'",K,40271779.3,Samakhusi,44224137.93,3.0,3,2.5,W,35035732.01,13,39000000
"'Budhanilkantha, K'",K,40271779.3,Budhanilkantha,54403539.82,6.0,5,2.5,N,36524064.17,12,33000000
"'Chandol, K'",K,40271779.3,Chandol,46812500.0,9.3,6,2.5,E,40021095.89,20,85000000
"'Hepali Height, K'",K,40271779.3,Hepali Height,38807142.86,5.0,4,3.5,N,36524064.17,16,60300000
"'Imadol, L'",L,34535434.84,Imadol,26245555.56,3.1,4,2.5,S,38378801.08,16,16500000
"'Imadol, L'",L,34535434.84,Imadol,26245555.56,3.1,4,2.5,NW,36240206.19,20,22500000
"'Hepali Height, K'",K,40271779.3,Hepali Height,38807142.86,6.2,6,2.5,S,38378801.08,13,33000000
"'Mandikhatar, K'",K,40271779.3,Mandikhatar,45133333.33,9.1,8,3.5,SW,39995597.48,16,75000000
"'Imadol, L'",L,34535434.84,Imadol,26245555.56,3.1,5,3.0,W,35035732.01,13,27500000
"'Bojepokhari, L'",L,34535434.84,Bojepokhari,26500000.0,3.2,6,2.5,E,40021095.89,12,28500000
"'Hattigauda, K'",K,40271779.3,Hattigauda,40888888.89,4.0,6,2.5,E,40021095.89,14,31500000
"'Tikathali, L'",L,34535434.84,Tikathali,21964285.71,4.0,7,2.5,N,36524064.17,13,27500000
"'Imadol, L'",L,34535434.84,Imadol,26245555.56,3.0,6,3.5,E,40021095.89,13,23500000
"'Thaiba, L'",L,34535434.84,Thaiba,30846153.85,5.2,6,2.5,NE,38939095.74,20,29000000
"'Tikathali, L'",L,34535434.84,Tikathali,21964285.71,3.0,6,3.0,N,36524064.17,13,25500000
"'Imadol, L'",L,34535434.84,Imadol,26245555.56,4.0,3,2.5,N,36524064.17,20,32500000
"'Imadol, L'",L,34535434.84,Imadol,26245555.56,3.3,5,3.5,E,40021095.89,13,27000000
"'Imadol, L'",L,34535434.84,Imadol,26245555.56,3.1,4,2.5,W,35035732.01,13,24500000
"'Imadol, L'",L,34535434.84,Imadol,26245555.56,4.2,5,2.5,N,36524064.17,13,29500000
"'Lasuntar, K'",K,40271779.3,Lasuntar,28000000.0,4.0,5,2.5,NE,38939095.74,12,25000000
"'Khumaltar, L'",L,34535434.84,Khumaltar,38023809.52,6.0,6,2.5,S,38378801.08,13,45000000
"'Imadol, L'",L,34535434.84,Imadol,26245555.56,2.3,4,3.0,E,40021095.89,13,24000000
"'Imadol, L'",L,34535434.84,Imadol,26245555.56,2.2,4,3.0,N,36524064.17,13,23000000
"'Imadol, L'",L,34535434.84,Imadol,26245555.56,4.0,4,3.0,SW,39995597.48,13,26500000
"'Tikathali, L'",L,34535434.84,Tikathali,21964285.71,4.1,5,2.5,NW,36240206.19,13,32000000
"'Imadol, L'",L,34535434.84,Imadol,26245555.56,3.0,5,2.5,E,40021095.89,13,29000000
"'Imadol, L'",L,34535434.84,Imadol,26245555.56,3.0,6,3.5,W,35035732.01,20,27500000
"'Tikathali, L'",L,34535434.84,Tikathali,21964285.71,3.2,6,3.0,NE,38939095.74,13,25500000
"'Imadol, L'",L,34535434.84,Imadol,26245555.56,3.1,5,2.5,W,35035732.01,13,27500000
"'Imadol, L'",L,34535434.84,Imadol,26245555.56,3.2,5,3.0,W,35035732.01,26,34000000
"'Nakhu, L'",L,34535434.84,Nakhu,31019047.62,3.2,4,2.5,E,40021095.89,20,27500000
"'Imadol, L'",L,34535434.84,Imadol,26245555.56,4.1,5,2.5,NE,38939095.74,20,42500000
"'Sanagaun, L'",L,34535434.84,Sanagaun,23437500.0,5.2,4,2.5,NE,38939095.74,13,16000000
"'Samakhusi, K'",K,40271779.3,Samakhusi,44224137.93,3.2,6,2.5,N,36524064.17,13,35500000
"'Imadol, L'",L,34535434.84,Imadol,26245555.56,3.0,6,2.5,NE,38939095.74,13,27500000
"'Lubhu, L'",L,34535434.84,Lubhu,20353333.33,7.1,6,2.5,E,40021095.89,20,59000000
"'Bhaisepati, L'",L,34535434.84,Bhaisepati,47003669.23,4.0,4,2.5,NW,36240206.19,20,28500000
"'Taukhel, L'",L,34535434.84,Taukhel,30125000.0,4.0,5,3.0,W,35035732.01,12,27500000
"'Hattiban, L'",L,34535434.84,Hattiban,39415384.62,3.1,6,2.5,S,38378801.08,13,28000000
"'Hattiban, L'",L,34535434.84,Hattiban,39415384.62,4.0,6,2.5,NW,36240206.19,14,32500000
"'Sundarbasti, K'",K,40271779.3,Sundarbasti,30884210.53,4.2,6,2.5,E,40021095.89,13,39000000
"'Narayanthan, K'",K,40271779.3,Narayanthan,57666666.67,4.0,4,2.5,W,35035732.01,20,42500000
"'Katunje, B'",B,29873684.19,Katunje,23400000.0,4.1,5,2.5,SW,39995597.48,13,34000000
"'Dhapasi, K'",K,40271779.3,Dhapasi,43197058.82,7.0,4,3.0,E,40021095.89,20,47500000
"'Sundarbasti, K'",K,40271779.3,Sundarbasti,30884210.53,3.3,4,2.5,NE,38939095.74,13,34500000
"'Nayapati, K'",K,40271779.3,Nayapati,31000000.0,6.1,11,2.5,W,35035732.01,20,29000000
"'Imadol, L'",L,34535434.84,Imadol,26245555.56,2.9,5,3.5,SW,39995597.48,13,26500000
"'Satdobato, L'",L,34535434.84,Satdobato,41446666.67,6.0,4,2.0,S,38378801.08,15,15000000
"'Nakhipot, L'",L,34535434.84,Nakhipot,39136363.64,4.2,7,3.5,SE,41320000.0,16,42500000
"'Khumaltar, L'",L,34535434.84,Khumaltar,38023809.52,4.2,6,3.0,S,38378801.08,12,42000000
"'Basundhara, K'",K,40271779.3,Basundhara,40705882.35,3.2,7,2.5,S,38378801.08,20,27500000
"'Jyotinagar, K'",K,40271779.3,Jyotinagar,31388888.89,4.2,5,3.5,N,36524064.17,16,29500000
"'Kuleshwor, K'",K,40271779.3,Kuleshwor,51166666.67,2.2,7,5.0,E,40021095.89,27,45000000
"'Bansbari, K'",K,40271779.3,Bansbari,52578947.37,7.0,4,2.5,S,38378801.08,14,21000000
"'Khumaltar, L'",L,34535434.84,Khumaltar,38023809.52,4.3,6,2.5,N,36524064.17,16,39000000
"'Dhapasi, K'",K,40271779.3,Dhapasi,43197058.82,7.2,4,2.5,S,38378801.08,13,46000000
"'Bhangal, K'",K,40271779.3,Bhangal,26641463.41,3.2,6,2.5,E,40021095.89,13,24000000
"'Mahadevtar, K'",K,40271779.3,Mahadevtar,51100000.0,10.2,8,3.5,SW,39995597.48,13,60000000
"'Budhanilkantha, K'",K,40271779.3,Budhanilkantha,54403539.82,4.2,6,3.0,E,40021095.89,13,38500000
"'Pasikot, K'",K,40271779.3,Pasikot,37148571.43,4.0,5,2.5,W,35035732.01,13,28000000
"'Bhaisepati, L'",L,34535434.84,Bhaisepati,47003669.23,4.2,5,2.5,E,40021095.89,14,30000000
"'Imadol, L'",L,34535434.84,Imadol,26245555.56,2.3,3,3.5,N,36524064.17,13,23000000
"'Satdobato, L'",L,34535434.84,Satdobato,41446666.67,3.0,5,2.0,E,40021095.89,20,26000000
"'Budhanilkantha, K'",K,40271779.3,Budhanilkantha,54403539.82,3.0,5,3.5,E,40021095.89,12,25500000
"'Banasthali, K'",K,40271779.3,Banasthali,47525000.0,8.0,5,2.5,E,40021095.89,20,50000000
"'Hattigauda, K'",K,40271779.3,Hattigauda,40888888.89,5.2,4,2.5,E,40021095.89,13,33000000
"'Phutung, K'",K,40271779.3,Phutung,21725000.0,2.2,4,2.5,W,35035732.01,13,16000000
"'Gurjudhara, K'",K,40271779.3,Gurjudhara,21375000.0,4.0,5,2.5,S,38378801.08,13,32500000
"'Pasikot, K'",K,40271779.3,Pasikot,37148571.43,5.2,5,2.5,E,40021095.89,20,39000000
"'Balkumari, L'",L,34535434.84,Balkumari,58714285.71,9.0,6,2.5,E,40021095.89,13,55000000
"'Bhaisepati, L'",L,34535434.84,Bhaisepati,47003669.23,4.2,5,2.5,NW,36240206.19,16,42500000
"'Imadol, L'",L,34535434.84,Imadol,26245555.56,4.0,4,2.5,S,38378801.08,13,31000000
"'Sitapaila, K'",K,40271779.3,Sitapaila,32122471.91,5.0,5,2.5,S,38378801.08,13,35000000
"'Balkhu, K'",K,40271779.3,Balkhu,38742857.14,3.2,4,2.5,E,40021095.89,20,37000000
"'Tikathali, L'",L,34535434.84,Tikathali,21964285.71,3.0,6,2.5,E,40021095.89,13,28500000
"'Imadol, L'",L,34535434.84,Imadol,26245555.56,4.0,7,3.0,E,40021095.89,13,36500000
"'Grande Hospital, K'",K,40271779.3,Grande Hospital,34471428.57,3.2,6,2.5,S,38378801.08,13,33000000
"'Hattigauda, K'",K,40271779.3,Hattigauda,40888888.89,6.0,5,2.0,S,38378801.08,20,62500000
"'Hattigauda, K'",K,40271779.3,Hattigauda,40888888.89,8.0,7,2.5,S,38378801.08,13,75000000
"'Imadol, L'",L,34535434.84,Imadol,26245555.56,3.1,3,2.5,W,35035732.01,30,35000000
"'Imadol, L'",L,34535434.84,Imadol,26245555.56,3.2,4,2.5,E,40021095.89,13,31000000
"'Gwarko, L'",L,34535434.84,Gwarko,27142857.14,3.0,6,3.0,NE,38939095.74,13,23500000
"'Gwarko, L'",L,34535434.84,Gwarko,27142857.14,3.0,4,3.5,W,35035732.01,13,29500000
"'Budhanilkantha, K'",K,40271779.3,Budhanilkantha,54403539.82,5.0,6,3.5,E,40021095.89,13,46500000
"'Budhanilkantha, K'",K,40271779.3,Budhanilkantha,54403539.82,4.0,6,3.0,S,38378801.08,13,31500000
"'Uttardhoka, K'",K,40271779.3,Uttardhoka,15000000.0,4.0,5,2.0,S,38378801.08,20,15000000
"'Budhanilkantha, K'",K,40271779.3,Budhanilkantha,54403539.82,9.0,2,2.0,SE,41320000.0,13,22500000
"'Imadol, L'",L,34535434.84,Imadol,26245555.56,2.3,4,2.5,E,40021095.89,13,19000000
"'Satdobato, L'",L,34535434.84,Satdobato,41446666.67,3.3,4,2.5,W,35035732.01,13,31000000
"'Bhaisepati, L'",L,34535434.84,Bhaisepati,47003669.23,4.2,4,2.5,E,40021095.89,20,43500000
"'Gwarko, L'",L,34535434.84,Gwarko,27142857.14,3.1,5,2.5,N,36524064.17,12,22000000
"'Imadol, L'",L,34535434.84,Imadol,26245555.56,4.0,5,3.0,E,40021095.89,13,31000000
"'Sitapaila, K'",K,40271779.3,Sitapaila,32122471.91,6.0,6,2.5,W,35035732.01,20,55000000
"'Gongabu, K'",K,40271779.3,Gongabu,42027777.78,7.1,10,5.0,N,36524064.17,12,60000000
"'Imadol, L'",L,34535434.84,Imadol,26245555.56,3.0,5,2.5,N,36524064.17,13,28000000
"'Ochu Height, L'",L,34535434.84,Ochu Height,28750000.0,3.1,6,3.0,N,36524064.17,13,27500000
"'Gwarko, L'",L,34535434.84,Gwarko,27142857.14,3.2,5,2.5,S,38378801.08,13,29500000
"'Lubhu, L'",L,34535434.84,Lubhu,20353333.33,2.3,5,3.0,W,35035732.01,23,19500000
"'Imadol, L'",L,34535434.84,Imadol,26245555.56,4.0,6,2.5,E,40021095.89,16,28000000
"'Imadol, L'",L,34535434.84,Imadol,26245555.56,3.0,3,2.5,E,40021095.89,14,29000000
"'Imadol, L'",L,34535434.84,Imadol,26245555.56,3.2,5,3.0,E,40021095.89,13,29000000
"'Imadol, L'",L,34535434.84,Imadol,26245555.56,3.2,4,2.5,E,40021095.89,13,29000000
"'Bhaisepati, L'",L,34535434.84,Bhaisepati,47003669.23,5.0,4,3.0,E,40021095.89,13,45000000
"'Dhapasi, K'",K,40271779.3,Dhapasi,43197058.82,2.3,4,2.5,NW,36240206.19,13,22500000
"'Golfutar, K'",K,40271779.3,Golfutar,47734782.61,3.0,5,2.0,E,40021095.89,14,26000000
"'Dadhikot, B'",B,29873684.19,Dadhikot,27625000.0,4.3,8,3.5,SW,39995597.48,13,33000000
"'Harisiddhi, L'",L,34535434.84,Harisiddhi,24777777.78,3.0,3,2.5,S,38378801.08,20,27000000
"'Imadol, L'",L,34535434.84,Imadol,26245555.56,4.1,5,2.5,S,38378801.08,13,27500000
"'Mulpani, K'",K,40271779.3,Mulpani,20590909.09,2.2,5,2.5,E,40021095.89,12,16000000
"'Bafal, K'",K,40271779.3,Bafal,36767857.14,7.0,6,2.5,W,35035732.01,14,47000000
"'Imadol, L'",L,34535434.84,Imadol,26245555.56,3.1,4,2.5,S,38378801.08,13,25000000
"'Imadol, L'",L,34535434.84,Imadol,26245555.56,3.2,4,2.5,W,35035732.01,13,25000000
"'Sanepa, L'",L,34535434.84,Sanepa,71436842.11,7.2,6,2.5,S,38378801.08,13,90000000
"'Sitapaila, K'",K,40271779.3,Sitapaila,32122471.91,4.0,9,3.5,N,36524064.17,12,23000000
"'Lainchaur, K'",K,40271779.3,Lainchaur,45000000.0,8.0,8,2.5,S,38378801.08,8,35000000
"'Greenhill City, K'",K,40271779.3,Greenhill City,25166666.67,4.0,8,4.5,W,35035732.01,11,27000000
"'Sunakothi, L'",L,34535434.84,Sunakothi,41100000.0,9.0,5,2.5,S,38378801.08,20,85000000
"'Hattiban, L'",L,34535434.84,Hattiban,39415384.62,5.0,5,2.5,NW,36240206.19,20,70000000
"'Hattiban, L'",L,34535434.84,Hattiban,39415384.62,3.3,3,2.5,NW,36240206.19,22,35000000
"'Lolang, K'",K,40271779.3,Lolang,19860000.0,3.0,11,2.5,W,35035732.01,10,18000000
"'Dhapakhel, L'",L,34535434.84,Dhapakhel,27325000.0,3.0,6,2.0,N,36524064.17,16,25000000
"'Shantinagar, K'",K,40271779.3,Shantinagar,46114285.71,3.0,9,2.0,S,38378801.08,13,45000000
"'Dakshindhoka, K'",K,40271779.3,Dakshindhoka,26000000.0,3.0,3,2.5,NE,38939095.74,20,26000000
"'Budhanilkantha, K'",K,40271779.3,Budhanilkantha,54403539.82,4.0,6,2.5,W,35035732.01,13,34500000
"'Budhanilkantha, K'",K,40271779.3,Budhanilkantha,54403539.82,5.0,6,2.0,SW,39995597.48,14,37500000
"'Mhaipi, K'",K,40271779.3,Mhaipi,37125000.0,5.1,4,2.5,N,36524064.17,20,42500000
"'Dadhikot, B'",B,29873684.19,Dadhikot,27625000.0,5.0,4,2.5,E,40021095.89,10,30000000
"'Mandikhatar, K'",K,40271779.3,Mandikhatar,45133333.33,8.0,6,2.5,NE,38939095.74,13,65000000
"'Pasikot, K'",K,40271779.3,Pasikot,37148571.43,4.2,8,2.5,E,40021095.89,14,30000000
"'Lolang, K'",K,40271779.3,Lolang,19860000.0,3.0,11,2.5,SE,41320000.0,12,17500000
"'Satungal, K'",K,40271779.3,Satungal,20550000.0,4.2,4,2.5,NW,36240206.19,13,29500000
"'Dhapakhel, L'",L,34535434.84,Dhapakhel,27325000.0,6.0,6,3.0,N,36524064.17,13,43000000
"'Imadol, L'",L,34535434.84,Imadol,26245555.56,3.1,6,2.5,E,40021095.89,13,31000000
"'Imadol, L'",L,34535434.84,Imadol,26245555.56,6.3,7,3.0,S,38378801.08,13,45000000
"'Imadol, L'",L,34535434.84,Imadol,26245555.56,3.0,5,2.5,S,38378801.08,13,26500000
"'Imadol, L'",L,34535434.84,Imadol,26245555.56,3.2,5,2.5,S,38378801.08,13,29500000
"'Greenland Chowk, K'",K,40271779.3,Greenland Chowk,41250000.0,5.0,5,2.0,SE,41320000.0,20,37500000
"'Bhaisepati, L'",L,34535434.84,Bhaisepati,47003669.23,10.0,5,2.5,E,40021095.89,13,150000000
"'Italitar, K'",K,40271779.3,Italitar,94166666.67,11.0,5,2.5,NE,38939095.74,20,105000000
"'Tikathali, L'",L,34535434.84,Tikathali,21964285.71,3.0,4,2.5,S,38378801.08,13,25500000
"'Sanagaun, L'",L,34535434.84,Sanagaun,23437500.0,2.3,5,2.5,S,38378801.08,20,22500000
"'Balkumari, L'",L,34535434.84,Balkumari,58714285.71,12.0,6,2.5,N,36524064.17,20,105000000
"'Tikathali, L'",L,34535434.84,Tikathali,21964285.71,3.0,9,2.5,E,40021095.89,13,28500000
"'Maharajgunj, K'",K,40271779.3,Maharajgunj,66125000.0,10.0,4,2.5,E,40021095.89,20,125000000
"'Deuba Chowk, K'",K,40271779.3,Deuba Chowk,50100000.0,6.0,8,2.5,W,35035732.01,13,60000000
"'Kageshwori, K'",K,40271779.3,Kageshwori,24333333.33,2.2,3,2.0,E,40021095.89,13,16500000
"'Budhanilkantha, K'",K,40271779.3,Budhanilkantha,54403539.82,4.0,10,3.0,N,36524064.17,13,33500000
"'Wasik, K'",K,40271779.3,Wasik,35333333.33,5.0,9,2.0,W,35035732.01,13,27500000
"'Bojepokhari, L'",L,34535434.84,Bojepokhari,26500000.0,3.0,7,2.5,N,36524064.17,13,22500000
"'Imadol, L'",L,34535434.84,Imadol,26245555.56,3.0,7,3.0,E,40021095.89,13,25000000
"'Sanagaun, L'",L,34535434.84,Sanagaun,23437500.0,5.3,6,3.0,E,40021095.89,15,28000000
"'Imadol, L'",L,34535434.84,Imadol,26245555.56,2.2,5,3.0,S,38378801.08,13,26000000
"'Imadol, L'",L,34535434.84,Imadol,26245555.56,3.0,4,3.0,W,35035732.01,13,28000000
"'Imadol, L'",L,34535434.84,Imadol,26245555.56,3.2,5,2.5,W,35035732.01,13,27000000
"'Imadol, L'",L,34535434.84,Imadol,26245555.56,3.3,5,3.0,NW,36240206.19,16,32500000
"'Deuba Chowk, K'",K,40271779.3,Deuba Chowk,50100000.0,7.0,4,2.5,S,38378801.08,14,65000000
"'Imadol, L'",L,34535434.84,Imadol,26245555.56,3.0,7,3.5,SW,39995597.48,13,27500000
"'Thamel, K'",K,40271779.3,Thamel,38500000.0,2.3,5,3.0,E,40021095.89,10,23000000
"'Budhanilkantha, K'",K,40271779.3,Budhanilkantha,54403539.82,5.2,4,2.5,SE,41320000.0,13,57500000
"'Sitapaila, K'",K,40271779.3,Sitapaila,32122471.91,4.0,4,2.5,W,35035732.01,13,50000000
"'Mid Baneshwor, K'",K,40271779.3,Mid Baneshwor,71250000.0,3.0,5,2.5,S,38378801.08,14,17500000
"'Narayanthan, K'",K,40271779.3,Narayanthan,57666666.67,5.0,7,2.5,E,40021095.89,10,55000000
"'Hepali Height, K'",K,40271779.3,Hepali Height,38807142.86,4.3,6,3.0,W,35035732.01,13,46500000
"'Sanepa, L'",L,34535434.84,Sanepa,71436842.11,2.5,3,3.0,SE,41320000.0,13,35000000
"'Baluwatar, K'",K,40271779.3,Baluwatar,77346153.85,6.0,8,3.5,S,38378801.08,10,76000000
"'Manamaiju, K'",K,40271779.3,Manamaiju,31454545.45,9.1,4,3.5,SE,41320000.0,13,73500000
"'Greenhill City, K'",K,40271779.3,Greenhill City,25166666.67,3.0,5,2.5,SE,41320000.0,13,23000000
"'Budhanilkantha, K'",K,40271779.3,Budhanilkantha,54403539.82,6.0,6,2.5,SW,39995597.48,14,39000000
"'Sainbu, L'",L,34535434.84,Sainbu,41642857.14,4.0,7,3.0,SE,41320000.0,18,35000000
"'Thali, K'",K,40271779.3,Thali,14933333.33,2.2,5,2.5,E,40021095.89,12,16000000
"'Balkot, B'",B,29873684.19,Balkot,33999999.9,3.3,5,3.0,W,35035732.01,13,28000000
"'Budhanilkantha, K'",K,40271779.3,Budhanilkantha,54403539.82,4.0,10,3.0,W,35035732.01,16,40000000
"'Pasikot, K'",K,40271779.3,Pasikot,37148571.43,3.2,4,2.5,S,38378801.08,20,22500000
"'Bhaisepati, L'",L,34535434.84,Bhaisepati,47003669.23,4.0,4,2.5,S,38378801.08,15,29000000
"'Jyotinagar, K'",K,40271779.3,Jyotinagar,31388888.89,3.0,4,2.0,S,38378801.08,20,26500000
"'Bagdurbar, K'",K,40271779.3,Bagdurbar,30000000.0,4.0,6,4.5,S,38378801.08,13,30000000
"'Pepsicola, K'",K,40271779.3,Pepsicola,37138888.89,6.2,6,3.5,S,38378801.08,20,55500000
"'Bijulibajar, K'",K,40271779.3,Bijulibajar,85000000.0,6.0,8,4.0,SE,41320000.0,12,85000000
"'Sundarbasti, K'",K,40271779.3,Sundarbasti,30884210.53,3.2,4,2.5,E,40021095.89,13,33800000
"'Pepsicola, K'",K,40271779.3,Pepsicola,37138888.89,5.0,5,2.5,N,36524064.17,13,29000000
"'Harisiddhi, L'",L,34535434.84,Harisiddhi,24777777.78,3.2,5,2.5,E,40021095.89,13,26000000
"'Ghattekulo, K'",K,40271779.3,Ghattekulo,66250000.0,3.2,6,3.5,E,40021095.89,18,32500000
"'Bhangal, K'",K,40271779.3,Bhangal,26641463.41,5.1,7,3.0,SW,39995597.48,13,45000000
"'Nakhudole, L'",L,34535434.84,Nakhudole,24250000.0,4.2,4,2.0,S,38378801.08,4,15500000
"'Baluwakhani, K'",K,40271779.3,Baluwakhani,26636363.64,3.2,6,2.5,W,35035732.01,10,27500000
"'Lele, L'",L,34535434.84,Lele,73000000.0,6.4,4,2.5,SE,41320000.0,20,73000000
"'Kapan, K'",K,40271779.3,Kapan,24537096.77,4.0,5,2.5,SE,41320000.0,13,32000000
"'Khusibu, K'",K,40271779.3,Khusibu,45666666.67,4.0,4,2.5,W,35035732.01,26,39000000
"'Imadol, L'",L,34535434.84,Imadol,26245555.56,9.0,6,2.5,E,40021095.89,13,60000000
"'Nakhipot, L'",L,34535434.84,Nakhipot,39136363.64,7.0,6,2.5,SE,41320000.0,13,46000000
"'Sitapaila, K'",K,40271779.3,Sitapaila,32122471.91,8.2,8,3.5,SE,41320000.0,12,49500000
"'Pasikot, K'",K,40271779.3,Pasikot,37148571.43,5.0,8,3.5,S,38378801.08,13,28000000
"'Samakhusi, K'",K,40271779.3,Samakhusi,44224137.93,6.0,10,5.0,E,40021095.89,24,60000000
"'Imadol, L'",L,34535434.84,Imadol,26245555.56,2.3,3,3.0,E,40021095.89,13,21500000
"'Baluwakhani, K'",K,40271779.3,Baluwakhani,26636363.64,3.0,4,3.0,SE,41320000.0,12,21500000
"'Mahadevtar, K'",K,40271779.3,Mahadevtar,51100000.0,10.2,5,3.5,SW,39995597.48,13,60000000
"'Sampang Chowk, L'",L,34535434.84,Sampang Chowk,33166666.67,4.2,7,2.5,NE,38939095.74,13,38000000
"'Ganesh Chowk, K'",K,40271779.3,Ganesh Chowk,43018181.82,6.0,8,3.5,N,36524064.17,20,58000000
"'Bhaisepati, L'",L,34535434.84,Bhaisepati,47003669.23,5.0,7,3.0,S,38378801.08,20,42500000
"'Makalbari, K'",K,40271779.3,Makalbari,23000000.0,3.3,8,3.0,SE,41320000.0,12,27500000
"'Thaiba, L'",L,34535434.84,Thaiba,30846153.85,6.0,3,2.5,S,38378801.08,20,50000000
"'Icimod, L'",L,34535434.84,Icimod,34750000.0,4.3,6,2.5,W,35035732.01,13,39000000
"'Imadol, L'",L,34535434.84,Imadol,26245555.56,4.0,3,2.5,S,38378801.08,14,42500000
"'Tahachal, K'",K,40271779.3,Tahachal,72333333.33,4.1,4,2.5,N,36524064.17,20,56500000
"'Lasuntar, K'",K,40271779.3,Lasuntar,28000000.0,4.1,4,2.5,E,40021095.89,13,31000000
"'Imadol, L'",L,34535434.84,Imadol,26245555.56,3.0,6,1.0,E,40021095.89,16,22500000
"'Imadol, L'",L,34535434.84,Imadol,26245555.56,7.0,4,2.5,S,38378801.08,16,45000000
"'Lubhu, L'",L,34535434.84,Lubhu,20353333.33,3.0,5,2.5,S,38378801.08,13,22000000
"'Imadol, L'",L,34535434.84,Imadol,26245555.56,4.2,4,2.5,E,40021095.89,13,45000000
"'Thecho, L'",L,34535434.84,Thecho,45833333.33,9.3,6,2.5,S,38378801.08,12,85000000
"'Nakhipot, L'",L,34535434.84,Nakhipot,39136363.64,2.5,4,2.5,E,40021095.89,13,20000000
"'Naxal, K'",K,40271779.3,Naxal,68200000.0,4.0,3,2.5,W,35035732.01,13,55000000
"'Dhaksi, K'",K,40271779.3,Dhaksi,36000000.0,12.0,7,2.5,E,40021095.89,20,36000000
"'Bafal, K'",K,40271779.3,Bafal,36767857.14,3.2,4,2.5,NE,38939095.74,14,37000000
"'Banasthali, K'",K,40271779.3,Banasthali,47525000.0,4.0,6,3.0,E,40021095.89,13,34000000
"'Budhanilkantha, K'",K,40271779.3,Budhanilkantha,54403539.82,9.0,4,2.5,S,38378801.08,12,57500000
"'Chundevi, K'",K,40271779.3,Chundevi,49250000.0,6.0,5,2.5,N,36524064.17,15,67500000
"'Chabahil, K'",K,40271779.3,Chabahil,83909090.91,12.0,3,1.5,N,36524064.17,16,120000000
"'Thankot, K'",K,40271779.3,Thankot,16989743.59,5.0,6,2.5,W,35035732.01,10,22000000
"'Sampang Chowk, L'",L,34535434.84,Sampang Chowk,33166666.67,2.3,5,2.5,S,38378801.08,13,23000000
"'Danchhi, K'",K,40271779.3,Danchhi,13500000.0,3.1,2,1.0,S,38378801.08,10,15000000
"'New Baneshwor, K'",K,40271779.3,New Baneshwor,29650000.0,1.1,3,3.5,E,40021095.89,20,16800000
"'Kadaghari, K'",K,40271779.3,Kadaghari,18933333.33,3.0,1,2.5,S,38378801.08,15,17300000
"'Hattigauda, K'",K,40271779.3,Hattigauda,40888888.89,6.2,4,2.5,W,35035732.01,30,77000000
"'Mahadevsthan, K'",K,40271779.3,Mahadevsthan,12614285.71,5.0,6,2.5,S,38378801.08,10,22000000
"'Pasikot, K'",K,40271779.3,Pasikot,37148571.43,3.8,5,2.5,E,40021095.89,13,31000000
"'Pasikot, K'",K,40271779.3,Pasikot,37148571.43,4.0,5,2.5,SE,41320000.0,13,29900000
"'Bhaisepati, L'",L,34535434.84,Bhaisepati,47003669.23,13.0,7,2.5,S,38378801.08,16,135000000
"'Gothatar, K'",K,40271779.3,Gothatar,30709090.91,3.0,5,2.5,S,38378801.08,10,21000000
"'Dharmasthali, K'",K,40271779.3,Dharmasthali,19500000.0,4.2,2,1.0,NE,38939095.74,13,13000000
"'Dulal Gaun, K'",K,40271779.3,Dulal Gaun,18500000.0,5.2,2,1.0,N,36524064.17,16,18500000
"'Narayanthan, K'",K,40271779.3,Narayanthan,57666666.67,4.0,2,1.0,S,38378801.08,20,17000000
"'Dhalmal, K'",K,40271779.3,Dhalmal,24250000.0,3.2,6,2.5,N,36524064.17,13,26500000
"'Imadol, L'",L,34535434.84,Imadol,26245555.56,4.0,5,2.5,S,38378801.08,13,19500000
"'Sainbu, L'",L,34535434.84,Sainbu,41642857.14,7.3,5,2.5,NE,38939095.74,17,85000000
"'Saraswotinagar, K'",K,40271779.3,Saraswotinagar,31500000.0,3.0,3,2.0,W,35035732.01,27,23000000
"'Thecho, L'",L,34535434.84,Thecho,45833333.33,4.0,5,2.5,N,36524064.17,13,32500000
"'Thecho, L'",L,34535434.84,Thecho,45833333.33,4.0,4,2.5,S,38378801.08,10,26000000
"'Imadol, L'",L,34535434.84,Imadol,26245555.56,3.2,8,2.5,N,36524064.17,13,29500000
"'Baluwatar, K'",K,40271779.3,Baluwatar,77346153.85,8.2,6,2.5,E,40021095.89,14,68000000
"'Dhapasi, K'",K,40271779.3,Dhapasi,43197058.82,2.2,4,1.0,S,38378801.08,15,15500000
"'Budhanilkantha, K'",K,40271779.3,Budhanilkantha,54403539.82,3.2,6,2.5,E,40021095.89,13,34500000
"'Hattigauda, K'",K,40271779.3,Hattigauda,40888888.89,3.2,6,2.5,E,40021095.89,13,25000000
"'Sainbu, L'",L,34535434.84,Sainbu,41642857.14,5.1,5,2.5,NE,38939095.74,14,36500000
"'Golfutar, K'",K,40271779.3,Golfutar,47734782.61,7.0,5,2.0,NE,38939095.74,13,54900000
"'Dhapasi, K'",K,40271779.3,Dhapasi,43197058.82,9.2,6,2.5,E,40021095.89,13,75000000
"'Chhauni, K'",K,40271779.3,Chhauni,40166666.67,6.0,4,2.0,W,35035732.01,12,37000000
"'Dhapakhel, L'",L,34535434.84,Dhapakhel,27325000.0,4.0,6,3.5,S,38378801.08,20,38000000
"'Mid Baneshwor, K'",K,40271779.3,Mid Baneshwor,71250000.0,7.0,5,2.5,E,40021095.89,26,67500000
"'Gatthaghar, B'",B,29873684.19,Gatthaghar,35000000.0,5.2,5,2.5,W,35035732.01,13,40000000
"'Hepali Height, K'",K,40271779.3,Hepali Height,38807142.86,5.2,5,2.5,NE,38939095.74,15,55000000
"'Kapan, K'",K,40271779.3,Kapan,24537096.77,4.3,6,2.0,SE,41320000.0,13,31000000
"'Thulo Bharayang, K'",K,40271779.3,Thulo Bharayang,35125000.0,3.3,4,2.5,SE,41320000.0,13,22000000
"'Nakhipot, L'",L,34535434.84,Nakhipot,39136363.64,3.2,6,2.5,S,38378801.08,20,33000000
"'Nakhipot, L'",L,34535434.84,Nakhipot,39136363.64,3.0,6,2.5,S,38378801.08,20,29000000
"'Satdobato, L'",L,34535434.84,Satdobato,41446666.67,7.2,8,4.0,N,36524064.17,18,52500000
"'Imadol, L'",L,34535434.84,Imadol,26245555.56,3.4,6,2.5,NW,36240206.19,16,39900000
"'Hattiban, L'",L,34535434.84,Hattiban,39415384.62,7.0,5,3.0,S,38378801.08,20,55000000
"'Imadol, L'",L,34535434.84,Imadol,26245555.56,3.1,7,2.5,S,38378801.08,20,27500000
"'Naya Basti, K'",K,40271779.3,Naya Basti,31071428.57,5.0,5,2.5,W,35035732.01,20,35000000
"'Sukedhara, K'",K,40271779.3,Sukedhara,38941379.31,4.0,4,2.5,S,38378801.08,13,38500000
"'Kapan, K'",K,40271779.3,Kapan,24537096.77,3.0,6,2.5,W,35035732.01,13,25000000
"'Mandikhatar, K'",K,40271779.3,Mandikhatar,45133333.33,5.0,6,2.0,S,38378801.08,20,27500000
"'Grande Hospital, K'",K,40271779.3,Grande Hospital,34471428.57,4.0,3,2.0,W,35035732.01,14,32500000
"'Matatirtha, K'",K,40271779.3,Matatirtha,24571428.57,3.0,2,1.5,NE,38939095.74,12,12000000
"'Grande Hospital, K'",K,40271779.3,Grande Hospital,34471428.57,3.2,3,1.0,N,36524064.17,10,19000000
"'Lambagar, K'",K,40271779.3,Lambagar,21000000.0,2.5,4,2.5,SE,41320000.0,8,16000000
"'Budhanilkantha, K'",K,40271779.3,Budhanilkantha,54403539.82,3.3,3,2.5,W,35035732.01,13,24500000
"'Satungal, K'",K,40271779.3,Satungal,20550000.0,3.0,7,3.0,SE,41320000.0,13,21000000
"'Kapan, K'",K,40271779.3,Kapan,24537096.77,3.2,6,3.5,E,40021095.89,12,39000000
"'Bhaisepati, L'",L,34535434.84,Bhaisepati,47003669.23,3.8,5,2.5,W,35035732.01,14,45000000
"'Kupandole, L'",L,34535434.84,Kupandole,65055555.56,10.0,4,2.5,S,38378801.08,16,100000000
"'Ekatabasti, K'",K,40271779.3,Ekatabasti,28400000.0,3.0,6,2.5,E,40021095.89,13,31000000
"'Handigaun, K'",K,40271779.3,Handigaun,106250000.0,16.0,7,2.5,NE,38939095.74,14,160000000
"'Sitapaila, K'",K,40271779.3,Sitapaila,32122471.91,2.2,3,2.5,SE,41320000.0,13,23500000
"'Balkumari, L'",L,34535434.84,Balkumari,58714285.71,4.3,5,3.0,S,38378801.08,13,47000000
"'Birendra Chowk, K'",K,40271779.3,Birendra Chowk,30500000.0,4.2,5,2.5,S,38378801.08,13,30500000
"'Dhaneshwor, K'",K,40271779.3,Dhaneshwor,16750000.0,3.2,7,2.5,S,38378801.08,12,20000000
"'Kaushaltar, B'",B,29873684.19,Kaushaltar,24300000.0,3.0,4,2.5,S,38378801.08,12,30000000
"'Nakhu, L'",L,34535434.84,Nakhu,31019047.62,4.1,4,2.5,SW,39995597.48,13,36000000
"'Pasikot, K'",K,40271779.3,Pasikot,37148571.43,3.2,4,2.5,SE,41320000.0,13,28500000
"'Gongabu, K'",K,40271779.3,Gongabu,42027777.78,4.0,8,6.0,E,40021095.89,20,55000000
"'Gairgaun, K'",K,40271779.3,Gairgaun,35300000.0,3.3,5,2.5,SE,41320000.0,13,22000000
"'Dhalmal, K'",K,40271779.3,Dhalmal,24250000.0,3.1,5,2.5,E,40021095.89,12,22000000
"'Sanagaun, L'",L,34535434.84,Sanagaun,23437500.0,4.0,6,2.5,W,35035732.01,16,19000000
"'Gurjudhara, K'",K,40271779.3,Gurjudhara,21375000.0,4.0,8,2.5,SE,41320000.0,26,30000000
"'Bansbari, K'",K,40271779.3,Bansbari,52578947.37,5.0,3,1.0,N,36524064.17,13,10000000
"'Hattiban, L'",L,34535434.84,Hattiban,39415384.62,3.0,4,2.0,SE,41320000.0,14,20000000
"'Aarubari, K'",K,40271779.3,Aarubari,35000000.0,4.0,5,2.5,E,40021095.89,12,35000000
"'Imadol, L'",L,34535434.84,Imadol,26245555.56,3.2,4,2.5,E,40021095.89,13,24000000
"'Tokha, K'",K,40271779.3,Tokha,26794117.65,3.0,6,2.5,W,35035732.01,13,26500000
"'Imadol, L'",L,34535434.84,Imadol,26245555.56,3.5,5,2.5,NE,38939095.74,12,26000000
"'Bhangal, K'",K,40271779.3,Bhangal,26641463.41,5.0,5,2.5,E,40021095.89,20,40000000
"'Matatirtha, K'",K,40271779.3,Matatirtha,24571428.57,4.2,5,3.0,NW,36240206.19,13,29000000
"'Dharmasthali, K'",K,40271779.3,Dharmasthali,19500000.0,3.2,3,1.0,W,35035732.01,13,13000000
"'Gongabu, K'",K,40271779.3,Gongabu,42027777.78,4.0,5,3.5,S,38378801.08,12,35000000
"'Kapan, K'",K,40271779.3,Kapan,24537096.77,4.1,5,2.5,W,35035732.01,13,35500000
"'Dhapasi, K'",K,40271779.3,Dhapasi,43197058.82,17.0,6,2.5,S,38378801.08,13,115000000
"'Hattiban, L'",L,34535434.84,Hattiban,39415384.62,6.1,5,2.5,N,36524064.17,20,55000000
"'Imadol, L'",L,34535434.84,Imadol,26245555.56,5.0,4,3.0,N,36524064.17,13,36000000
"'Goldhunga, K'",K,40271779.3,Goldhunga,20686666.67,3.0,2,1.0,E,40021095.89,10,12000000
"'Lubhu, L'",L,34535434.84,Lubhu,20353333.33,2.2,6,2.5,NE,38939095.74,13,17000000
"'Imadol, L'",L,34535434.84,Imadol,26245555.56,3.1,5,2.5,E,40021095.89,20,27500000
"'Hattiban, L'",L,34535434.84,Hattiban,39415384.62,8.0,7,2.5,N,36524064.17,16,65000000
"'Budhanilkantha, K'",K,40271779.3,Budhanilkantha,54403539.82,4.0,6,2.5,E,40021095.89,13,36500000
"'Nagarjun, K'",K,40271779.3,Nagarjun,44030000.0,4.0,7,3.0,NE,38939095.74,30,38700000
"'Tokha, K'",K,40271779.3,Tokha,26794117.65,5.2,5,2.5,NE,38939095.74,12,45000000
"'Hattigauda, K'",K,40271779.3,Hattigauda,40888888.89,4.0,4,3.0,SE,41320000.0,13,30000000
"'Kalopool, K'",K,40271779.3,Kalopool,26000000.0,3.8,2,1.0,SE,41320000.0,15,22000000
"'Sitapaila, K'",K,40271779.3,Sitapaila,32122471.91,3.3,6,2.5,W,35035732.01,20,26500000
"'Kapan, K'",K,40271779.3,Kapan,24537096.77,3.0,2,1.0,E,40021095.89,12,16500000
"'Bhaisepati, L'",L,34535434.84,Bhaisepati,47003669.23,5.0,7,2.5,SW,39995597.48,20,36000000
"'Pasikot, K'",K,40271779.3,Pasikot,37148571.43,3.0,5,2.5,W,35035732.01,18,23000000
"'Chunikhel, K'",K,40271779.3,Chunikhel,21255555.56,3.0,4,2.5,E,40021095.89,12,16000000
"'Naikap, K'",K,40271779.3,Naikap,27187500.0,8.2,7,3.0,N,36524064.17,13,47500000
"'Thulo Bharayang, K'",K,40271779.3,Thulo Bharayang,35125000.0,4.0,5,2.5,S,38378801.08,12,29000000
"'Khusibu, K'",K,40271779.3,Khusibu,45666666.67,3.1,5,2.5,E,40021095.89,15,34000000
"'Narayantar, K'",K,40271779.3,Narayantar,34083333.33,3.0,5,3.0,E,40021095.89,13,24500000
"'Italitar, K'",K,40271779.3,Italitar,94166666.67,15.0,6,2.0,E,40021095.89,14,100000000
"'Bafal, K'",K,40271779.3,Bafal,36767857.14,4.0,7,2.0,E,40021095.89,13,37500000
"'Khumaltar, L'",L,34535434.84,Khumaltar,38023809.52,4.2,6,2.5,E,40021095.89,20,42500000
"'Imadol, L'",L,34535434.84,Imadol,26245555.56,2.3,5,2.5,N,36524064.17,12,21500000
"'Imadol, L'",L,34535434.84,Imadol,26245555.56,4.0,5,2.5,N,36524064.17,13,37500000
"'Gwarko, L'",L,34535434.84,Gwarko,27142857.14,4.0,7,3.5,NW,36240206.19,13,47500000
"'Imadol, L'",L,34535434.84,Imadol,26245555.56,2.3,4,2.5,S,38378801.08,13,23500000
"'Koteshwor, K'",K,40271779.3,Koteshwor,44111111.11,4.2,7,3.5,E,40021095.89,25,47000000
"'Bafal, K'",K,40271779.3,Bafal,36767857.14,8.0,6,3.0,S,38378801.08,20,90000000
"'Nepaltar, K'",K,40271779.3,Nepaltar,23085714.29,3.2,8,3.0,S,38378801.08,13,22400000
"'Kapan, K'",K,40271779.3,Kapan,24537096.77,3.3,7,2.5,S,38378801.08,13,26500000
"'Dhapasi, K'",K,40271779.3,Dhapasi,43197058.82,4.0,6,2.5,S,38378801.08,15,39900000
"'Kuleshwor, K'",K,40271779.3,Kuleshwor,51166666.67,3.0,6,4.5,E,40021095.89,18,33500000
"'Sano thimi, B'",B,29873684.19,Sano Thimi,49500000.0,4.0,6,2.5,S,38378801.08,18,49000000
"'Makalbari, K'",K,40271779.3,Makalbari,23000000.0,6.1,5,2.5,N,36524064.17,12,37000000
"'Imadol, L'",L,34535434.84,Imadol,26245555.56,3.0,5,2.5,NW,36240206.19,20,27500000
"'Bhaisepati, L'",L,34535434.84,Bhaisepati,47003669.23,6.0,4,2.5,S,38378801.08,20,64000000
"'Durbar Marga, K'",K,40271779.3,Durbar Marga,40000000.0,7.0,12,2.5,W,35035732.01,14,40000000
"'Taulung, K'",K,40271779.3,Taulung,40166666.67,5.0,2,1.5,E,40021095.89,14,40000000
"'Phutung, K'",K,40271779.3,Phutung,21725000.0,4.0,4,2.5,S,38378801.08,20,29900000
"'Bouddha, K'",K,40271779.3,Bouddha,61083333.33,6.2,7,3.0,E,40021095.89,20,45000000
"'Budhanilkantha, K'",K,40271779.3,Budhanilkantha,54403539.82,4.0,7,2.5,NE,38939095.74,13,38500000
"'Narayantar, K'",K,40271779.3,Narayantar,34083333.33,3.2,7,2.5,SW,39995597.48,16,37500000
"'Imadol, L'",L,34535434.84,Imadol,26245555.56,3.0,4,2.5,E,40021095.89,20,25000000
"'Nepaltar, K'",K,40271779.3,Nepaltar,23085714.29,3.0,11,4.0,E,40021095.89,9,19600000
"'Jarankhu, K'",K,40271779.3,Jarankhu,34066666.67,5.0,5,3.0,E,40021095.89,22,28400000
"'Nepaltar, K'",K,40271779.3,Nepaltar,23085714.29,3.0,9,4.0,E,40021095.89,9,16200000
"'Maitrinagar, K'",K,40271779.3,Maitrinagar,55000000.0,6.0,10,3.5,NE,38939095.74,13,55000000
"'Thimi, B'",B,29873684.19,Thimi,50000000.0,5.0,8,4.5,NW,36240206.19,20,50000000
"'Bhangal, K'",K,40271779.3,Bhangal,26641463.41,4.0,4,2.5,W,35035732.01,12,27500000
"'Kharibot, K'",K,40271779.3,Kharibot,32900000.0,5.0,7,3.0,E,40021095.89,16,42500000
"'Dharmasthali, K'",K,40271779.3,Dharmasthali,19500000.0,4.0,4,2.0,N,36524064.17,20,21000000
"'Imadol, L'",L,34535434.84,Imadol,26245555.56,2.3,4,2.5,E,40021095.89,13,23000000
"'Imadol, L'",L,34535434.84,Imadol,26245555.56,3.3,5,2.5,S,38378801.08,20,42500000
"'Setipakha, L'",L,34535434.84,Setipakha,25400000.0,3.1,4,2.5,NE,38939095.74,13,26500000
"'Bhaisepati, L'",L,34535434.84,Bhaisepati,47003669.23,6.0,4,3.5,W,35035732.01,13,70000000
"'Kapan, K'",K,40271779.3,Kapan,24537096.77,4.0,2,1.0,S,38378801.08,15,24000000
"'Ochu Height, L'",L,34535434.84,Ochu Height,28750000.0,5.0,8,3.5,E,40021095.89,13,41000000
"'Thapathali, K'",K,40271779.3,Thapathali,64720000.0,6.2,6,3.0,S,38378801.08,12,44500000
"'Kharibot, K'",K,40271779.3,Kharibot,32900000.0,10.3,6,2.5,NE,38939095.74,13,45000000
"'Manamaiju, K'",K,40271779.3,Manamaiju,31454545.45,3.0,6,3.5,S,38378801.08,22,27500000
"'Imadol, L'",L,34535434.84,Imadol,26245555.56,3.2,4,2.5,E,40021095.89,20,45000000
"'Budhanilkantha, K'",K,40271779.3,Budhanilkantha,54403539.82,8.0,5,3.0,SW,39995597.48,20,68000000
"'Jyotinagar, K'",K,40271779.3,Jyotinagar,31388888.89,5.1,4,2.5,E,40021095.89,13,46500000
"'Hattigauda, K'",K,40271779.3,Hattigauda,40888888.89,4.2,5,2.0,W,35035732.01,13,34500000
"'Basundhara, K'",K,40271779.3,Basundhara,40705882.35,4.2,6,2.5,SE,41320000.0,16,42000000
"'Imadol, L'",L,34535434.84,Imadol,26245555.56,3.2,4,2.5,E,40021095.89,14,43000000
"'Imadol, L'",L,34535434.84,Imadol,26245555.56,3.0,5,2.5,W,35035732.01,13,25500000
"'Imadol, L'",L,34535434.84,Imadol,26245555.56,3.0,5,2.5,S,38378801.08,13,27500000
"'Harisiddhi, L'",L,34535434.84,Harisiddhi,24777777.78,3.0,4,2.5,W,35035732.01,20,27000000
"'Thaiba, L'",L,34535434.84,Thaiba,30846153.85,3.2,4,2.5,E,40021095.89,13,24000000
"'Dhapasi, K'",K,40271779.3,Dhapasi,43197058.82,3.2,4,2.5,N,36524064.17,14,29000000
"'Chandol, K'",K,40271779.3,Chandol,46812500.0,5.0,7,2.5,N,36524064.17,12,36000000
"'Tyanglafat, K'",K,40271779.3,Tyanglafat,40750000.0,7.2,4,2.5,E,40021095.89,20,57000000
"'Ganesh Chowk, K'",K,40271779.3,Ganesh Chowk,43018181.82,4.0,4,2.5,W,35035732.01,13,41700000
"'Budhanilkantha, K'",K,40271779.3,Budhanilkantha,54403539.82,3.1,6,2.5,E,40021095.89,13,29900000
"'Imadol, L'",L,34535434.84,Imadol,26245555.56,3.2,6,3.0,E,40021095.89,12,20000000
"'Setipakha, L'",L,34535434.84,Setipakha,25400000.0,4.0,8,3.0,W,35035732.01,13,26500000
"'Budhanilkantha, K'",K,40271779.3,Budhanilkantha,54403539.82,8.0,9,3.0,N,36524064.17,13,55000000
"'Sanagaun, L'",L,34535434.84,Sanagaun,23437500.0,5.0,7,2.5,E,40021095.89,20,33500000
"'Imadol, L'",L,34535434.84,Imadol,26245555.56,2.5,1,1.0,S,38378801.08,10,14000000
"'Tikathali, L'",L,34535434.84,Tikathali,21964285.71,3.0,5,2.5,S,38378801.08,13,25500000
"'Imadol, L'",L,34535434.84,Imadol,26245555.56,4.0,6,2.5,W,35035732.01,15,32500000
"'Sitapaila, K'",K,40271779.3,Sitapaila,32122471.91,3.1,4,2.5,N,36524064.17,18,22500000
"'Tikathali, L'",L,34535434.84,Tikathali,21964285.71,3.0,7,2.5,S,38378801.08,13,23000000
"'Pasikot, K'",K,40271779.3,Pasikot,37148571.43,4.0,5,2.5,SE,41320000.0,13,35000000
"'Imadol, L'",L,34535434.84,Imadol,26245555.56,3.1,4,2.5,S,38378801.08,20,26500000
"'Sanagaun, L'",L,34535434.84,Sanagaun,23437500.0,4.0,6,2.5,NE,38939095.74,13,29500000
"'Tikathali, L'",L,34535434.84,Tikathali,21964285.71,3.1,2,1.0,NE,38939095.74,13,16000000
"'Chapali, K'",K,40271779.3,Chapali,41350000.0,2.3,6,3.5,E,40021095.89,13,27000000
"'Tikathali, L'",L,34535434.84,Tikathali,21964285.71,3.0,4,2.5,S,38378801.08,13,23000000
"'Sundarbasti, K'",K,40271779.3,Sundarbasti,30884210.53,4.2,6,3.5,NE,38939095.74,13,38800000
"'Mandikhatar, K'",K,40271779.3,Mandikhatar,45133333.33,4.1,7,2.5,E,40021095.89,13,39800000
"'Budhanilkantha, K'",K,40271779.3,Budhanilkantha,54403539.82,5.0,5,2.5,W,35035732.01,13,43500000
"'Syuchatar, K'",K,40271779.3,Syuchatar,27519230.77,3.0,4,3.0,NW,36240206.19,10,23000000
"'Kalanki, K'",K,40271779.3,Kalanki,26308823.53,3.0,5,2.5,S,38378801.08,10,23000000
"'Pepsicola, K'",K,40271779.3,Pepsicola,37138888.89,3.1,4,2.5,N,36524064.17,20,34000000
"'Satungal, K'",K,40271779.3,Satungal,20550000.0,2.2,3,3.0,E,40021095.89,4,15000000
"'Baneshwor, K'",K,40271779.3,Baneshwor,51242857.14,3.0,6,3.5,SW,39995597.48,20,38000000
"'Mandikhatar, K'",K,40271779.3,Mandikhatar,45133333.33,4.0,6,2.5,S,38378801.08,13,37500000
"'Tikathali, L'",L,34535434.84,Tikathali,21964285.71,4.2,8,3.0,N,36524064.17,13,42500000
"'Imadol, L'",L,34535434.84,Imadol,26245555.56,4.1,5,2.5,N,36524064.17,13,34500000
"'Imadol, L'",L,34535434.84,Imadol,26245555.56,3.0,5,3.5,N,36524064.17,13,26500000
"'Imadol, L'",L,34535434.84,Imadol,26245555.56,3.1,5,3.0,S,38378801.08,13,31500000
"'Tikathali, L'",L,34535434.84,Tikathali,21964285.71,3.3,5,2.5,S,38378801.08,13,37500000
"'Buddha Chowk, K'",K,40271779.3,Buddha Chowk,30375000.0,5.2,5,2.5,E,40021095.89,13,39000000
"'New Buspark, K'",K,40271779.3,New Buspark,50333333.33,6.0,6,2.5,W,35035732.01,4,40000000
"'Chhauni, K'",K,40271779.3,Chhauni,40166666.67,3.2,5,2.5,S,38378801.08,13,35000000
"'Bhaisepati, L'",L,34535434.84,Bhaisepati,47003669.23,4.1,4,3.0,W,35035732.01,20,58600000
"'Balkot, B'",B,29873684.19,Balkot,33999999.9,9.0,5,2.5,N,36524064.17,26,45000000
"'Dhumbarahi, K'",K,40271779.3,Dhumbarahi,59708333.33,5.2,8,3.5,NW,36240206.19,13,55000000
"'Bansbari, K'",K,40271779.3,Bansbari,52578947.37,4.2,5,2.5,S,38378801.08,12,51000000
"'Naya Basti, K'",K,40271779.3,Naya Basti,31071428.57,3.2,5,2.5,N,36524064.17,10,26000000
"'Dhapasi, K'",K,40271779.3,Dhapasi,43197058.82,3.0,5,2.5,N,36524064.17,13,27000000
"'Megha City, K'",K,40271779.3,Megha City,23933333.33,3.2,3,1.5,N,36524064.17,13,12000000
"'Imadol, L'",L,34535434.84,Imadol,26245555.56,5.2,7,3.0,E,40021095.89,18,38500000
"'Bansbari, K'",K,40271779.3,Bansbari,52578947.37,4.3,4,2.5,S,38378801.08,12,52000000
"'Thaiba, L'",L,34535434.84,Thaiba,30846153.85,4.1,2,2.5,S,38378801.08,13,26000000
"'Imadol, L'",L,34535434.84,Imadol,26245555.56,3.2,5,3.5,E,40021095.89,13,31000000
"'Imadol, L'",L,34535434.84,Imadol,26245555.56,3.0,6,2.5,N,36524064.17,13,25500000
"'Bojepokhari, L'",L,34535434.84,Bojepokhari,26500000.0,3.2,4,2.5,E,40021095.89,12,28500000
"'Koteshwor, K'",K,40271779.3,Koteshwor,44111111.11,5.0,10,4.0,E,40021095.89,27,85000000
"'Sunakothi, L'",L,34535434.84,Sunakothi,41100000.0,7.0,4,2.5,N,36524064.17,20,51500000
"'Baniyatar, K'",K,40271779.3,Baniyatar,29888888.89,3.3,7,2.5,SW,39995597.48,13,27000000
"'Kapan, K'",K,40271779.3,Kapan,24537096.77,3.2,6,2.5,N,36524064.17,13,29500000
"'Budhanilkantha, K'",K,40271779.3,Budhanilkantha,54403539.82,3.0,6,2.5,N,36524064.17,13,28000000
"'Bhaisepati, L'",L,34535434.84,Bhaisepati,47003669.23,8.2,4,2.0,S,38378801.08,13,140000000
"'Mandikhatar, K'",K,40271779.3,Mandikhatar,45133333.33,6.2,4,3.5,NW,36240206.19,13,43500000
"'Kalanki, K'",K,40271779.3,Kalanki,26308823.53,3.1,5,2.5,E,40021095.89,13,23500000
"'Bouddha, K'",K,40271779.3,Bouddha,61083333.33,4.0,4,3.5,SE,41320000.0,8,25000000
"'Dhapasi, K'",K,40271779.3,Dhapasi,43197058.82,6.0,4,2.5,E,40021095.89,20,51000000
"'Sanepa, L'",L,34535434.84,Sanepa,71436842.11,6.7,5,2.5,NW,36240206.19,14,63500000
"'Bhaisepati, L'",L,34535434.84,Bhaisepati,47003669.23,7.0,5,2.5,N,36524064.17,13,78000000
"'Bhaisepati, L'",L,34535434.84,Bhaisepati,47003669.23,7.0,5,2.5,E,40021095.89,13,85000000
"'Imadol, L'",L,34535434.84,Imadol,26245555.56,3.0,5,2.5,E,40021095.89,13,25000000
"'Tikathali, L'",L,34535434.84,Tikathali,21964285.71,3.0,2,1.0,N,36524064.17,13,16500000
"'Budhanilkantha, K'",K,40271779.3,Budhanilkantha,54403539.82,4.0,6,2.5,E,40021095.89,13,34500000
"'Bafal, K'",K,40271779.3,Bafal,36767857.14,2.2,6,2.5,N,36524064.17,12,23500000
"'Kalanki, K'",K,40271779.3,Kalanki,26308823.53,4.2,4,3.0,N,36524064.17,13,38500000
"'Tikathali, L'",L,34535434.84,Tikathali,21964285.71,2.3,9,2.5,E,40021095.89,13,21500000
"'Dhapasi, K'",K,40271779.3,Dhapasi,43197058.82,7.0,7,2.5,E,40021095.89,12,39000000
"'Imadol, L'",L,34535434.84,Imadol,26245555.56,3.0,5,3.5,W,35035732.01,20,27500000
"'Mandikhatar, K'",K,40271779.3,Mandikhatar,45133333.33,3.1,6,3.0,N,36524064.17,13,29500000
"'Chandragiri, K'",K,40271779.3,Chandragiri,22463636.36,4.0,2,2.0,SE,41320000.0,10,16000000
"'Maharajgunj, K'",K,40271779.3,Maharajgunj,66125000.0,10.0,6,2.5,NE,38939095.74,13,72500000
"'Sundarbasti, K'",K,40271779.3,Sundarbasti,30884210.53,4.5,6,3.5,N,36524064.17,13,38500000
"'Golfutar, K'",K,40271779.3,Golfutar,47734782.61,4.0,4,2.5,S,38378801.08,16,29500000
"'Dhapasi, K'",K,40271779.3,Dhapasi,43197058.82,4.0,6,2.5,E,40021095.89,15,25000000
"'Imadol, L'",L,34535434.84,Imadol,26245555.56,3.0,3,2.5,E,40021095.89,13,26000000
"'Imadol, L'",L,34535434.84,Imadol,26245555.56,3.3,6,2.5,W,35035732.01,23,32500000
"'Imadol, L'",L,34535434.84,Imadol,26245555.56,3.5,5,2.5,E,40021095.89,12,22500000
"'Imadol, L'",L,34535434.84,Imadol,26245555.56,4.2,6,2.5,S,38378801.08,13,40000000
"'Imadol, L'",L,34535434.84,Imadol,26245555.56,3.1,4,2.5,W,35035732.01,13,31500000
"'Imadol, L'",L,34535434.84,Imadol,26245555.56,3.2,5,2.5,W,35035732.01,13,33000000
"'Tikathali, L'",L,34535434.84,Tikathali,21964285.71,4.1,7,2.5,NW,36240206.19,13,27000000
"'Setipakha, L'",L,34535434.84,Setipakha,25400000.0,2.3,4,2.5,E,40021095.89,13,22500000
"'Ochu Height, L'",L,34535434.84,Ochu Height,28750000.0,3.3,6,2.5,S,38378801.08,16,33000000
"'Raniban, K'",K,40271779.3,Raniban,37400000.0,3.0,6,2.5,E,40021095.89,20,36000000
"'Ochu Height, L'",L,34535434.84,Ochu Height,28750000.0,4.0,6,2.5,W,35035732.01,16,37500000
"'Nakhu, L'",L,34535434.84,Nakhu,31019047.62,5.0,4,2.0,E,40021095.89,13,39900000
"'Changathali, L'",L,34535434.84,Changathali,20166666.67,4.0,7,2.5,E,40021095.89,10,17000000
"'Ochu Height, L'",L,34535434.84,Ochu Height,28750000.0,3.2,5,2.5,S,38378801.08,13,24500000
"'Imadol, L'",L,34535434.84,Imadol,26245555.56,4.0,5,2.5,W,35035732.01,13,35000000
"'Pasikot, K'",K,40271779.3,Pasikot,37148571.43,3.0,4,2.5,NW,36240206.19,20,32000000
"'Sitapaila, K'",K,40271779.3,Sitapaila,32122471.91,6.0,6,2.5,E,40021095.89,13,38000000
"'Budhanilkantha, K'",K,40271779.3,Budhanilkantha,54403539.82,3.0,6,2.5,W,35035732.01,13,28000000
"'Pepsicola, K'",K,40271779.3,Pepsicola,37138888.89,13.0,5,2.5,N,36524064.17,13,75000000
"'changu Narayan, K'",K,40271779.3,Changu Narayan,26800000.0,3.3,4,2.5,N,36524064.17,10,31000000
"'Sitapaila, K'",K,40271779.3,Sitapaila,32122471.91,5.1,4,2.5,E,40021095.89,13,38000000
"'Pepsicola, K'",K,40271779.3,Pepsicola,37138888.89,4.0,4,2.5,E,40021095.89,20,32500000
"'Pasikot, K'",K,40271779.3,Pasikot,37148571.43,5.1,5,3.5,E,40021095.89,10,32500000
"'Kharibot, K'",K,40271779.3,Kharibot,32900000.0,3.2,6,2.5,N,36524064.17,13,29000000
"'Pasikot, K'",K,40271779.3,Pasikot,37148571.43,3.0,6,3.5,SE,41320000.0,20,28000000
"'Balkumari, L'",L,34535434.84,Balkumari,58714285.71,4.5,3,4.5,NE,38939095.74,16,66000000
"'Nepaltar, K'",K,40271779.3,Nepaltar,23085714.29,3.0,7,3.5,E,40021095.89,11,21900000
"'Nakhipot, L'",L,34535434.84,Nakhipot,39136363.64,3.2,5,2.5,S,38378801.08,13,28000000
"'Ramkot, K'",K,40271779.3,Ramkot,25384615.38,3.3,3,2.5,SE,41320000.0,10,17500000
"'Nakhipot, L'",L,34535434.84,Nakhipot,39136363.64,3.5,5,2.5,SW,39995597.48,20,27000000
"'Hattiban, L'",L,34535434.84,Hattiban,39415384.62,3.2,6,2.5,S,38378801.08,13,25500000
"'Tenzing Chowk, K'",K,40271779.3,Tenzing Chowk,39375000.0,4.0,5,2.5,E,40021095.89,13,36500000
"'Mandikhatar, K'",K,40271779.3,Mandikhatar,45133333.33,3.1,6,2.5,W,35035732.01,13,29500000
"'Old Baneshwor, K'",K,40271779.3,Old Baneshwor,45000000.0,3.0,6,4.0,E,40021095.89,16,45000000
"'Dhobikhola, K'",K,40271779.3,Dhobikhola,46000000.0,3.5,5,3.5,NE,38939095.74,27,46000000
"'Hattigauda, K'",K,40271779.3,Hattigauda,40888888.89,5.0,7,3.0,N,36524064.17,13,34500000
"'Imadol, L'",L,34535434.84,Imadol,26245555.56,4.0,4,2.5,W,35035732.01,13,35000000
"'Kapan, K'",K,40271779.3,Kapan,24537096.77,2.2,4,2.5,E,40021095.89,12,18800000
"'Imadol, L'",L,34535434.84,Imadol,26245555.56,3.0,5,2.5,E,40021095.89,10,27000000
"'Phutung, K'",K,40271779.3,Phutung,21725000.0,3.0,3,1.5,W,35035732.01,13,15000000
"'Lolang, K'",K,40271779.3,Lolang,19860000.0,3.0,8,2.5,W,35035732.01,10,25500000
"'Balkumari, L'",L,34535434.84,Balkumari,58714285.71,2.3,5,4.5,N,36524064.17,25,33000000
"'Tikathali, L'",L,34535434.84,Tikathali,21964285.71,3.1,6,2.5,N,36524064.17,13,25000000
"'Imadol, L'",L,34535434.84,Imadol,26245555.56,5.0,6,2.5,SW,39995597.48,13,37000000
"'Kusunti, L'",L,34535434.84,Kusunti,47312500.0,5.2,4,2.5,E,40021095.89,13,39500000
"'Imadol, L'",L,34535434.84,Imadol,26245555.56,3.0,5,3.0,W,35035732.01,13,27500000
"'Dhapasi, K'",K,40271779.3,Dhapasi,43197058.82,14.0,5,3.5,SE,41320000.0,20,135000000
"'Imadol, L'",L,34535434.84,Imadol,26245555.56,2.3,4,3.0,N,36524064.17,10,22000000
"'Dhapasi, K'",K,40271779.3,Dhapasi,43197058.82,3.0,4,2.5,W,35035732.01,20,12000000
"'Bagbazar, K'",K,40271779.3,Bagbazar,48000000.0,5.1,4,5.5,NE,38939095.74,12,70000000
"'Sukedhara, K'",K,40271779.3,Sukedhara,38941379.31,5.2,4,2.5,S,38378801.08,13,55000000
"'Satdobato, L'",L,34535434.84,Satdobato,41446666.67,6.1,5,2.5,W,35035732.01,13,45000000
"'Bistachhap, L'",L,34535434.84,Bistachhap,17750000.0,4.0,8,2.5,S,38378801.08,13,13500000
"'Imadol, L'",L,34535434.84,Imadol,26245555.56,3.3,5,2.5,S,38378801.08,13,32500000
"'Imadol, L'",L,34535434.84,Imadol,26245555.56,4.0,4,2.5,E,40021095.89,16,37500000
"'Thankot, K'",K,40271779.3,Thankot,16989743.59,3.0,2,1.0,NE,38939095.74,10,14500000
"'Maharajgunj, K'",K,40271779.3,Maharajgunj,66125000.0,4.0,4,2.0,E,40021095.89,14,24000000
"'Dhumbarahi, K'",K,40271779.3,Dhumbarahi,59708333.33,4.0,3,2.5,E,40021095.89,10,38000000
"'Kapan, K'",K,40271779.3,Kapan,24537096.77,4.0,6,2.4,W,35035732.01,13,29500000
"'Kalanki, K'",K,40271779.3,Kalanki,26308823.53,4.2,5,2.0,NE,38939095.74,20,25500000
"'Kapan, K'",K,40271779.3,Kapan,24537096.77,4.0,8,3.5,N,36524064.17,12,31000000
"'Imadol, L'",L,34535434.84,Imadol,26245555.56,4.0,4,2.5,SE,41320000.0,20,42500000
"'Maharajgunj, K'",K,40271779.3,Maharajgunj,66125000.0,3.0,4,2.5,W,35035732.01,20,30000000
"'Budhanilkantha, K'",K,40271779.3,Budhanilkantha,54403539.82,4.0,6,2.5,S,38378801.08,13,34500000
"'Sano bharyang, K'",K,40271779.3,Sano Bharyang,35300000.0,11.0,8,3.5,S,38378801.08,13,74000000
"'Sunakothi, L'",L,34535434.84,Sunakothi,41100000.0,3.2,4,2.5,SE,41320000.0,20,37500000
"'Bhaisepati, L'",L,34535434.84,Bhaisepati,47003669.23,5.0,5,2.5,S,38378801.08,14,85000000
"'Hattigauda, K'",K,40271779.3,Hattigauda,40888888.89,6.1,7,2.0,NE,38939095.74,14,34500000
"'Panipokhari, K'",K,40271779.3,Panipokhari,59500000.0,3.2,7,3.5,NE,38939095.74,18,65000000
"'Gokarneswhor, K'",K,40271779.3,Gokarneswhor,24166666.67,4.0,6,3.5,W,35035732.01,32,30000000
"'Pasikot, K'",K,40271779.3,Pasikot,37148571.43,4.0,5,2.5,E,40021095.89,13,34000000
"'Dhumbarahi, K'",K,40271779.3,Dhumbarahi,59708333.33,8.0,9,2.0,SE,41320000.0,12,67500000
"'Budhanilkantha, K'",K,40271779.3,Budhanilkantha,54403539.82,6.0,6,2.0,S,38378801.08,16,47000000
"'Gongabu, K'",K,40271779.3,Gongabu,42027777.78,4.0,6,4.0,W,35035732.01,20,60000000
"'Khadka Gaun, K'",K,40271779.3,Khadka Gaun,24850000.0,4.0,5,2.0,W,35035732.01,13,33000000
"'Budhanilkantha, K'",K,40271779.3,Budhanilkantha,54403539.82,4.0,6,2.5,N,36524064.17,13,34000000
"'Lazimpat, K'",K,40271779.3,Lazimpat,54400000.0,4.3,6,2.5,NE,38939095.74,12,42000000
"'Sunakothi, L'",L,34535434.84,Sunakothi,41100000.0,5.0,3,2.5,NE,38939095.74,20,37500000
"'Bhaisepati, L'",L,34535434.84,Bhaisepati,47003669.23,6.0,4,2.5,NE,38939095.74,13,78000000
"'Hattigauda, K'",K,40271779.3,Hattigauda,40888888.89,6.2,4,2.5,W,35035732.01,20,77000000
"'Syuchatar, K'",K,40271779.3,Syuchatar,27519230.77,4.0,4,2.5,SE,41320000.0,18,38000000
"'Gwarko, L'",L,34535434.84,Gwarko,27142857.14,2.3,2,1.0,S,38378801.08,13,15500000
"'Chhetrapati, K'",K,40271779.3,Chhetrapati,125000000.0,10.0,10,5.0,N,36524064.17,15,125000000
"'Imadol, L'",L,34535434.84,Imadol,26245555.56,3.0,4,2.5,E,40021095.89,13,23500000
"'Thaiba, L'",L,34535434.84,Thaiba,30846153.85,3.3,4,2.5,S,38378801.08,20,18000000
"'Ochu Height, L'",L,34535434.84,Ochu Height,28750000.0,3.2,5,2.5,S,38378801.08,13,27000000
"'Koteshwor, K'",K,40271779.3,Koteshwor,44111111.11,4.0,5,4.0,S,38378801.08,6,41500000
"'Bhaisepati, L'",L,34535434.84,Bhaisepati,47003669.23,6.0,4,2.0,W,35035732.01,13,78000000
"'Chardobato, B'",B,29873684.19,Chardobato,41000000.0,4.2,6,3.5,S,38378801.08,20,41000000
"'Mandikhatar, K'",K,40271779.3,Mandikhatar,45133333.33,4.3,4,2.5,W,35035732.01,13,40000000
"'Deuba Chowk, K'",K,40271779.3,Deuba Chowk,50100000.0,6.0,6,3.0,N,36524064.17,13,43500000
"'Dhapasi, K'",K,40271779.3,Dhapasi,43197058.82,10.0,4,2.0,E,40021095.89,13,58000000
"'Gothatar, K'",K,40271779.3,Gothatar,30709090.91,4.0,8,2.5,N,36524064.17,10,38000000
"'Grande Hospital, K'",K,40271779.3,Grande Hospital,34471428.57,3.2,12,3.0,NW,36240206.19,13,30000000
"'Sainbu, L'",L,34535434.84,Sainbu,41642857.14,4.0,5,2.5,N,36524064.17,15,30000000
"'Thali, K'",K,40271779.3,Thali,14933333.33,3.5,4,2.5,N,36524064.17,10,15500000
"'Kapan, K'",K,40271779.3,Kapan,24537096.77,4.1,6,2.5,NE,38939095.74,13,29500000
"'Khumaltar, L'",L,34535434.84,Khumaltar,38023809.52,5.0,3,3.0,S,38378801.08,13,55000000
"'Gaurighat, K'",K,40271779.3,Gaurighat,39333333.33,3.0,4,2.5,W,35035732.01,13,23000000
"'Gwarko, L'",L,34535434.84,Gwarko,27142857.14,3.1,4,2.5,S,38378801.08,13,27000000
"'Imadol, L'",L,34535434.84,Imadol,26245555.56,4.0,5,2.5,N,36524064.17,13,29000000
"'Imadol, L'",L,34535434.84,Imadol,26245555.56,3.2,4,2.5,E,40021095.89,13,27500000
"'Narayantar, K'",K,40271779.3,Narayantar,34083333.33,4.2,12,3.5,E,40021095.89,12,35000000
"'Thali, K'",K,40271779.3,Thali,14933333.33,3.2,2,1.0,W,35035732.01,10,13300000
"'Dhapasi, K'",K,40271779.3,Dhapasi,43197058.82,10.0,4,2.0,E,40021095.89,13,61000000
"'Suryabinayak, B'",B,29873684.19,Suryabinayak,57100000.0,6.0,8,3.0,SE,41320000.0,10,82000000
"'Budhanilkantha, K'",K,40271779.3,Budhanilkantha,54403539.82,5.3,6,3.5,NE,38939095.74,27,46000000
"'Lubhu, L'",L,34535434.84,Lubhu,20353333.33,2.2,5,2.5,NE,38939095.74,13,17000000
"'Jarankhu, K'",K,40271779.3,Jarankhu,34066666.67,3.2,4,2.5,SW,39995597.48,10,16000000
"'Katunje, B'",B,29873684.19,Katunje,23400000.0,8.0,5,2.5,N,36524064.17,13,35000000
"'Chyau Danda, L'",L,34535434.84,Chyau Danda,24000000.0,3.0,4,2.5,S,38378801.08,20,24000000
"'Naya Basti, K'",K,40271779.3,Naya Basti,31071428.57,4.0,5,2.5,N,36524064.17,10,33000000
"'Nagdaha, L'",L,34535434.84,Nagdaha,28000000.0,4.0,4,2.5,S,38378801.08,20,41500000
"'Thecho, L'",L,34535434.84,Thecho,45833333.33,4.0,4,2.5,N,36524064.17,16,19000000
"'Mandikhatar, K'",K,40271779.3,Mandikhatar,45133333.33,8.0,5,2.5,NE,38939095.74,13,65000000
"'Icimod, L'",L,34535434.84,Icimod,34750000.0,4.0,5,2.5,W,35035732.01,13,30500000
"'Imadol, L'",L,34535434.84,Imadol,26245555.56,4.0,3,2.5,N,36524064.17,26,40000000
"'Godawari, L'",L,34535434.84,Godawari,27200000.0,5.0,5,2.5,N,36524064.17,20,41900000
"'Chunikhel, K'",K,40271779.3,Chunikhel,21255555.56,3.0,7,3.5,S,38378801.08,10,25000000
"'Gairgaun, K'",K,40271779.3,Gairgaun,35300000.0,5.0,4,2.5,N,36524064.17,12,51000000
"'Chabahil, K'",K,40271779.3,Chabahil,83909090.91,6.2,4,2.5,W,35035732.01,8,35000000
"'Matatirtha, K'",K,40271779.3,Matatirtha,24571428.57,4.0,3,1.0,NE,38939095.74,13,18000000
"'Bansbari, K'",K,40271779.3,Bansbari,52578947.37,6.2,6,2.5,SE,41320000.0,13,55000000
"'Bhaisepati, L'",L,34535434.84,Bhaisepati,47003669.23,4.2,3,2.5,SE,41320000.0,10,55000000
"'Swayambhu, K'",K,40271779.3,Swayambhu,34017647.06,2.2,5,2.5,S,38378801.08,20,27500000
"'Bafal, K'",K,40271779.3,Bafal,36767857.14,5.0,5,3.0,S,38378801.08,13,36500000
"'Chapali, K'",K,40271779.3,Chapali,41350000.0,6.0,5,2.5,S,38378801.08,13,61500000
"'Chandragiri, K'",K,40271779.3,Chandragiri,22463636.36,3.2,6,2.5,SE,41320000.0,10,17000000
"'Imadol, L'",L,34535434.84,Imadol,26245555.56,3.0,4,2.5,W,35035732.01,13,25500000
"'Imadol, L'",L,34535434.84,Imadol,26245555.56,4.0,5,2.5,E,40021095.89,13,32500000
"'Imadol, L'",L,34535434.84,Imadol,26245555.56,3.5,6,3.0,S,38378801.08,13,26500000
"'Hattiban, L'",L,34535434.84,Hattiban,39415384.62,3.2,5,2.5,SE,41320000.0,13,20500000
"'Manamaiju, K'",K,40271779.3,Manamaiju,31454545.45,4.2,6,2.5,SW,39995597.48,12,25000000
"'Godamchaur, L'",L,34535434.84,Godamchaur,29000000.0,12.0,14,2.5,S,38378801.08,13,29000000
"'Tripureshwor, K'",K,40271779.3,Tripureshwor,28500000.0,5.0,4,2.5,N,36524064.17,8,32000000
"'Budhanilkantha, K'",K,40271779.3,Budhanilkantha,54403539.82,8.3,5,2.0,SW,39995597.48,13,51500000
"'Dhapasi, K'",K,40271779.3,Dhapasi,43197058.82,10.0,4,2.5,E,40021095.89,13,58000000
"'Kupandole, L'",L,34535434.84,Kupandole,65055555.56,5.0,10,4.5,E,40021095.89,20,64000000
"'Banasthali, K'",K,40271779.3,Banasthali,47525000.0,2.5,3,4.0,E,40021095.89,13,23500000
"'Kumaripati, L'",L,34535434.84,Kumaripati,45000000.0,6.0,7,3.5,S,38378801.08,15,45000000
"'Swayambhu, K'",K,40271779.3,Swayambhu,34017647.06,3.1,6,3.5,NW,36240206.19,10,31500000
"'Swayambhu, K'",K,40271779.3,Swayambhu,34017647.06,3.0,6,3.5,N,36524064.17,10,29500000
"'Shantinagar, K'",K,40271779.3,Shantinagar,46114285.71,5.3,11,4.0,S,38378801.08,9,49800000
"'Sundarbasti, K'",K,40271779.3,Sundarbasti,30884210.53,3.2,8,3.5,S,38378801.08,13,27000000
"'Taukhel, L'",L,34535434.84,Taukhel,30125000.0,4.2,5,2.5,W,35035732.01,20,38000000
"'Tahachal, K'",K,40271779.3,Tahachal,72333333.33,2.2,2,1.0,E,40021095.89,10,13500000
"'Sundarbasti, K'",K,40271779.3,Sundarbasti,30884210.53,5.0,6,2.5,N,36524064.17,20,39500000
"'Kapan, K'",K,40271779.3,Kapan,24537096.77,5.3,6,3.0,SE,41320000.0,13,32500000
"'Imadol, L'",L,34535434.84,Imadol,26245555.56,3.2,5,2.5,W,35035732.01,20,27000000
"'Imadol, L'",L,34535434.84,Imadol,26245555.56,3.3,4,2.5,NW,36240206.19,13,28500000
"'Imadol, L'",L,34535434.84,Imadol,26245555.56,4.2,6,2.5,NE,38939095.74,13,25000000
"'Imadol, L'",L,34535434.84,Imadol,26245555.56,3.0,5,3.0,SE,41320000.0,13,27500000
"'Bhangal, K'",K,40271779.3,Bhangal,26641463.41,3.3,5,2.5,S,38378801.08,13,29000000
"'Sundarbasti, K'",K,40271779.3,Sundarbasti,30884210.53,4.0,5,2.5,E,40021095.89,20,29800000
"'Jhaukhel, B'",B,29873684.19,Jhaukhel,14000000.0,4.1,2,3.0,NE,38939095.74,10,14000000
"'Imadol, L'",L,34535434.84,Imadol,26245555.56,3.2,4,2.5,S,38378801.08,13,27500000
"'Imadol, L'",L,34535434.84,Imadol,26245555.56,3.1,5,2.5,N,36524064.17,13,26000000
"'Tyanglafat, K'",K,40271779.3,Tyanglafat,40750000.0,3.0,7,2.5,NE,38939095.74,10,24500000
"'Kageshwori, K'",K,40271779.3,Kageshwori,24333333.33,3.0,5,3.0,W,35035732.01,13,25500000
"'Chandragiri, K'",K,40271779.3,Chandragiri,22463636.36,4.0,4,2.5,E,40021095.89,13,22500000
"'Chandragiri, K'",K,40271779.3,Chandragiri,22463636.36,3.0,6,2.0,S,38378801.08,12,13100000
"'Nayapati, K'",K,40271779.3,Nayapati,31000000.0,4.0,4,2.5,W,35035732.01,20,33000000
"'Thaiba, L'",L,34535434.84,Thaiba,30846153.85,3.1,5,2.5,E,40021095.89,13,22000000
"'Imadol, L'",L,34535434.84,Imadol,26245555.56,3.1,4,2.5,N,36524064.17,13,23500000
"'Imadol, L'",L,34535434.84,Imadol,26245555.56,4.0,6,2.5,S,38378801.08,13,42500000
"'Chandragiri, K'",K,40271779.3,Chandragiri,22463636.36,3.0,5,2.5,W,35035732.01,10,19000000
"'Tokha, K'",K,40271779.3,Tokha,26794117.65,3.3,5,2.5,W,35035732.01,10,23000000
"'Budhanilkantha, K'",K,40271779.3,Budhanilkantha,54403539.82,5.0,6,2.5,SE,41320000.0,15,40000000
"'Thulo Bharayang, K'",K,40271779.3,Thulo Bharayang,35125000.0,3.0,4,2.5,W,35035732.01,13,30000000
"'Chappal karkhana, K'",K,40271779.3,Chappal Karkhana,48500000.0,10.0,4,2.5,SE,41320000.0,14,62000000
"'Pasikot, K'",K,40271779.3,Pasikot,37148571.43,5.1,5,2.5,S,38378801.08,14,38000000
"'Nakhipot, L'",L,34535434.84,Nakhipot,39136363.64,3.2,9,2.5,E,40021095.89,20,25500000
"'Imadol, L'",L,34535434.84,Imadol,26245555.56,2.3,6,2.5,W,35035732.01,13,21000000
"'Dhobighat, L'",L,34535434.84,Dhobighat,61000000.0,9.0,5,2.5,S,38378801.08,12,76500000
"'Budhanilkantha, K'",K,40271779.3,Budhanilkantha,54403539.82,2.0,6,2.5,W,35035732.01,12,25000000
"'Gairgaun, K'",K,40271779.3,Gairgaun,35300000.0,3.1,6,3.0,N,36524064.17,10,25000000
"'changu Narayan, K'",K,40271779.3,Changu Narayan,26800000.0,2.3,6,2.5,NW,36240206.19,13,25000000
"'Gongabu, K'",K,40271779.3,Gongabu,42027777.78,3.0,5,4.0,NE,38939095.74,13,29000000
"'Bhaisepati, L'",L,34535434.84,Bhaisepati,47003669.23,3.3,5,2.5,SW,39995597.48,15,31000000
"'Budhanilkantha, K'",K,40271779.3,Budhanilkantha,54403539.82,9.0,5,2.5,N,36524064.17,18,45000000
"'Goldhunga, K'",K,40271779.3,Goldhunga,20686666.67,2.2,5,2.5,E,40021095.89,13,15000000
"'Thapathali, K'",K,40271779.3,Thapathali,64720000.0,11.0,4,2.5,S,38378801.08,13,110000000
"'Bhaisepati, L'",L,34535434.84,Bhaisepati,47003669.23,5.2,5,2.5,SE,41320000.0,16,55000000
"'Bhaisepati, L'",L,34535434.84,Bhaisepati,47003669.23,3.3,4,2.5,SE,41320000.0,13,32500000
"'Lolang, K'",K,40271779.3,Lolang,19860000.0,4.3,8,3.5,E,40021095.89,10,25000000
"'Thado Dhunga, L'",L,34535434.84,Thado Dhunga,47750000.0,9.0,5,2.5,SW,39995597.48,20,77500000
"'Sunakothi, L'",L,34535434.84,Sunakothi,41100000.0,6.0,3,2.5,SE,41320000.0,20,42500000
"'Bhaisepati, L'",L,34535434.84,Bhaisepati,47003669.23,3.3,5,2.5,N,36524064.17,22,35000000
"'Bagdol, L'",L,34535434.84,Bagdol,54500000.0,5.3,7,2.5,SE,41320000.0,20,54000000
"'Budhanilkantha, K'",K,40271779.3,Budhanilkantha,54403539.82,5.0,5,2.5,NW,36240206.19,15,45000000
"'Pasikot, K'",K,40271779.3,Pasikot,37148571.43,5.1,5,2.5,SW,39995597.48,14,38000000
"'Bhangal, K'",K,40271779.3,Bhangal,26641463.41,3.3,4,2.5,W,35035732.01,13,29500000
"'Baluwakhani, K'",K,40271779.3,Baluwakhani,26636363.64,4.0,6,2.5,E,40021095.89,13,34500000
"'Aakasedhara, K'",K,40271779.3,Aakasedhara,31000000.0,3.1,4,3.5,N,36524064.17,13,28500000
"'Katunje, B'",B,29873684.19,Katunje,23400000.0,3.0,6,3.0,SE,41320000.0,20,20500000
"'Rudreshwor, K'",K,40271779.3,Rudreshwor,54909090.91,5.1,4,2.5,S,38378801.08,13,50000000
"'Golfutar, K'",K,40271779.3,Golfutar,47734782.61,3.2,5,2.5,W,35035732.01,16,29000000
"'Bhaisepati, L'",L,34535434.84,Bhaisepati,47003669.23,4.2,4,2.5,SW,39995597.48,15,31000000
"'Bauthali, K'",K,40271779.3,Bauthali,25000000.0,4.1,6,2.5,W,35035732.01,12,25000000
"'Raniban, K'",K,40271779.3,Raniban,37400000.0,3.5,6,3.5,SW,39995597.48,14,31000000
"'Goldhunga, K'",K,40271779.3,Goldhunga,20686666.67,3.0,4,2.5,N,36524064.17,12,29500000
"'Tikathali, L'",L,34535434.84,Tikathali,21964285.71,3.2,5,2.0,E,40021095.89,13,29500000
"'Kalopool, K'",K,40271779.3,Kalopool,26000000.0,4.2,2,1.0,S,38378801.08,4,30000000
"'Bhaisepati, L'",L,34535434.84,Bhaisepati,47003669.23,5.3,3,2.5,SW,39995597.48,16,62500000
"'Mid Baneshwor, K'",K,40271779.3,Mid Baneshwor,71250000.0,12.0,5,2.0,E,40021095.89,13,100000000
"'Sitapaila, K'",K,40271779.3,Sitapaila,32122471.91,4.0,5,2.5,SE,41320000.0,13,31000000
"'Nakhudole, L'",L,34535434.84,Nakhudole,24250000.0,4.0,3,2.5,W,35035732.01,20,29000000
"'Imadol, L'",L,34535434.84,Imadol,26245555.56,3.1,4,2.0,N,36524064.17,13,26000000
"'Bhaisepati, L'",L,34535434.84,Bhaisepati,47003669.23,4.0,5,2.0,SW,39995597.48,13,41000000
"'Mandikhatar, K'",K,40271779.3,Mandikhatar,45133333.33,5.0,5,2.5,E,40021095.89,14,44500000
"'Jyotinagar, K'",K,40271779.3,Jyotinagar,31388888.89,3.5,6,2.5,S,38378801.08,13,31500000
"'Budhanilkantha, K'",K,40271779.3,Budhanilkantha,54403539.82,4.3,5,2.5,W,35035732.01,13,40000000
"'Naya Basti, K'",K,40271779.3,Naya Basti,31071428.57,6.1,8,3.5,SW,39995597.48,20,50000000
"'Bhaisepati, L'",L,34535434.84,Bhaisepati,47003669.23,3.3,4,2.5,SW,39995597.48,13,32500000
"'High Vision Colony, K'",K,40271779.3,High Vision Colony,26000000.0,3.5,4,2.5,E,40021095.89,10,26000000
"'Imadol, L'",L,34535434.84,Imadol,26245555.56,12.0,7,3.0,S,38378801.08,13,65000000
"'Sitapaila, K'",K,40271779.3,Sitapaila,32122471.91,7.0,4,2.5,S,38378801.08,13,37500000
"'Kupandole, L'",L,34535434.84,Kupandole,65055555.56,5.0,10,5.5,E,40021095.89,22,140000000
"'Kusunti, L'",L,34535434.84,Kusunti,47312500.0,12.0,4,2.5,N,36524064.17,26,115000000
"'Bhaisepati, L'",L,34535434.84,Bhaisepati,47003669.23,3.3,5,2.5,W,35035732.01,22,35000000
"'Kupandole, L'",L,34535434.84,Kupandole,65055555.56,5.0,8,5.0,E,40021095.89,22,48000000
"'Syuchatar, K'",K,40271779.3,Syuchatar,27519230.77,5.2,6,3.0,E,40021095.89,13,32500000
"'Sunakothi, L'",L,34535434.84,Sunakothi,41100000.0,4.1,5,2.5,E,40021095.89,20,35000000
"'Bhaisepati, L'",L,34535434.84,Bhaisepati,47003669.23,5.0,4,2.5,E,40021095.89,20,41000000
"'Gahana Pokhari, K'",K,40271779.3,Gahana Pokhari,70000000.0,6.3,6,2.0,S,38378801.08,11,70000000
"'Hattiban, L'",L,34535434.84,Hattiban,39415384.62,8.0,4,2.0,N,36524064.17,32,85000000
"'Tahachal, K'",K,40271779.3,Tahachal,72333333.33,10.2,10,5.0,SW,39995597.48,13,190000000
"'Bistachhap, L'",L,34535434.84,Bistachhap,17750000.0,9.2,4,2.5,E,40021095.89,20,22000000
"'Bhimsengola, K'",K,40271779.3,Bhimsengola,98000000.0,9.0,5,2.5,W,35035732.01,20,102000000
"'Battisputali, K'",K,40271779.3,Battisputali,63500000.0,10.0,5,2.5,S,38378801.08,13,95000000
"'Sundarbasti, K'",K,40271779.3,Sundarbasti,30884210.53,5.0,5,2.5,NE,38939095.74,13,39000000
"'Besigaun, K'",K,40271779.3,Besigaun,27000000.0,3.1,6,2.5,SE,41320000.0,13,27000000
"'Gokarneswhor, K'",K,40271779.3,Gokarneswhor,24166666.67,3.0,2,1.0,E,40021095.89,13,13000000
"'Kusunti, L'",L,34535434.84,Kusunti,47312500.0,5.5,4,2.0,NE,38939095.74,13,40500000
"'Khusibu, K'",K,40271779.3,Khusibu,45666666.67,2.2,6,4.0,E,40021095.89,26,32500000
"'Pasikot, K'",K,40271779.3,Pasikot,37148571.43,6.0,6,2.5,SE,41320000.0,13,33000000
"'Budhanilkantha, K'",K,40271779.3,Budhanilkantha,54403539.82,6.2,6,2.5,NE,38939095.74,15,62500000
"'Baniyatar, K'",K,40271779.3,Baniyatar,29888888.89,3.0,4,2.5,W,35035732.01,10,20500000
"'Bansbari, K'",K,40271779.3,Bansbari,52578947.37,7.0,4,2.5,S,38378801.08,13,50000000
"'Imadol, L'",L,34535434.84,Imadol,26245555.56,3.3,5,2.5,NE,38939095.74,13,26000000
"'Imadol, L'",L,34535434.84,Imadol,26245555.56,3.1,3,2.5,N,36524064.17,13,23500000
"'Satdobato, L'",L,34535434.84,Satdobato,41446666.67,9.1,12,4.5,E,40021095.89,10,70000000
"'Budhanilkantha, K'",K,40271779.3,Budhanilkantha,54403539.82,17.0,6,3.5,E,40021095.89,17,95000000
"'Gaushala, K'",K,40271779.3,Gaushala,32500000.0,4.0,11,2.5,E,40021095.89,13,32500000
"'Goldhunga, K'",K,40271779.3,Goldhunga,20686666.67,4.0,4,2.5,N,36524064.17,20,32000000
"'Dhumbarahi, K'",K,40271779.3,Dhumbarahi,59708333.33,3.5,5,2.5,S,38378801.08,20,25000000
"'Budhanilkantha, K'",K,40271779.3,Budhanilkantha,54403539.82,18.0,5,2.5,E,40021095.89,15,125000000
"'Ganesh Chowk, K'",K,40271779.3,Ganesh Chowk,43018181.82,3.5,5,2.5,SW,39995597.48,14,32500000
"'Samakhusi, K'",K,40271779.3,Samakhusi,44224137.93,16.0,12,5.0,S,38378801.08,20,160000000
"'Ranibari, K'",K,40271779.3,Ranibari,82500000.0,16.0,7,3.5,W,35035732.01,20,130000000
"'Nagarjun, K'",K,40271779.3,Nagarjun,44030000.0,3.1,4,2.5,NE,38939095.74,16,25000000
"'Pepsicola, K'",K,40271779.3,Pepsicola,37138888.89,2.3,5,2.5,E,40021095.89,20,29000000
"'Sanepa, L'",L,34535434.84,Sanepa,71436842.11,16.0,5,3.0,W,35035732.01,18,190000000
"'Wasik, K'",K,40271779.3,Wasik,35333333.33,5.2,5,3.0,SW,39995597.48,13,41000000
"'Thaiba, L'",L,34535434.84,Thaiba,30846153.85,5.2,4,2.5,SW,39995597.48,20,50000000
"'Basundhara, K'",K,40271779.3,Basundhara,40705882.35,6.3,7,3.5,S,38378801.08,20,87500000
"'Bhaisepati, L'",L,34535434.84,Bhaisepati,47003669.23,5.0,8,3.5,E,40021095.89,10,35000000
"'Narayantar, K'",K,40271779.3,Narayantar,34083333.33,8.1,8,4.0,NW,36240206.19,12,53500000
"'Sukedhara, K'",K,40271779.3,Sukedhara,38941379.31,4.0,6,2.5,S,38378801.08,14,39000000
"'Ranibari, K'",K,40271779.3,Ranibari,82500000.0,4.0,6,3.0,W,35035732.01,22,35000000
"'Goldhunga, K'",K,40271779.3,Goldhunga,20686666.67,3.2,5,2.5,W,35035732.01,10,25000000
"'Bhaisepati, L'",L,34535434.84,Bhaisepati,47003669.23,6.0,6,2.5,SE,41320000.0,20,75000000
"'Baluwakhani, K'",K,40271779.3,Baluwakhani,26636363.64,4.0,3,2.5,E,40021095.89,13,31500000
"'Tenzing Chowk, K'",K,40271779.3,Tenzing Chowk,39375000.0,3.3,6,2.0,E,40021095.89,13,26500000
"'Sukedhara, K'",K,40271779.3,Sukedhara,38941379.31,5.0,6,2.5,W,35035732.01,14,35000000
"'Narayanthan, K'",K,40271779.3,Narayanthan,57666666.67,11.0,4,2.5,E,40021095.89,15,55000000
"'Rudreshwor, K'",K,40271779.3,Rudreshwor,54909090.91,5.1,5,2.5,E,40021095.89,13,49000000
"'Bafal, K'",K,40271779.3,Bafal,36767857.14,4.0,7,2.5,W,35035732.01,13,28500000
"'changu Narayan, K'",K,40271779.3,Changu Narayan,26800000.0,2.2,4,2.5,W,35035732.01,9,21500000
"'Basanti Chowk, K'",K,40271779.3,Basanti Chowk,22000000.0,3.0,4,2.5,S,38378801.08,10,22000000
"'Tindhara, K'",K,40271779.3,Tindhara,22000000.0,3.0,6,2.5,N,36524064.17,26,22000000
"'Buddha Chowk, K'",K,40271779.3,Buddha Chowk,30375000.0,3.0,4,2.5,W,35035732.01,10,24000000
"'Hattigauda, K'",K,40271779.3,Hattigauda,40888888.89,6.2,4,3.0,NE,38939095.74,13,36500000
"'Dhapakhel, L'",L,34535434.84,Dhapakhel,27325000.0,3.3,6,2.5,E,40021095.89,13,27000000
"'Gwarko, L'",L,34535434.84,Gwarko,27142857.14,3.1,5,3.0,S,38378801.08,13,27000000
"'Matatirtha, K'",K,40271779.3,Matatirtha,24571428.57,5.1,3,3.0,S,38378801.08,26,20000000
"'Imadol, L'",L,34535434.84,Imadol,26245555.56,7.0,5,2.5,NE,38939095.74,20,36000000
"'Sitapaila, K'",K,40271779.3,Sitapaila,32122471.91,4.0,5,3.5,N,36524064.17,10,27000000
"'Bhaisepati, L'",L,34535434.84,Bhaisepati,47003669.23,3.0,5,2.0,W,35035732.01,12,30000000
"'Bhaisepati, L'",L,34535434.84,Bhaisepati,47003669.23,5.0,5,2.5,W,35035732.01,20,51000000
"'Kapan, K'",K,40271779.3,Kapan,24537096.77,4.1,6,3.0,E,40021095.89,13,29800000
"'Bhaisepati, L'",L,34535434.84,Bhaisepati,47003669.23,18.0,6,2.5,E,40021095.89,20,210000000
"'Imadol, L'",L,34535434.84,Imadol,26245555.56,3.0,5,2.5,E,40021095.89,13,23500000
"'Satdobato, L'",L,34535434.84,Satdobato,41446666.67,10.0,13,4.5,S,38378801.08,13,70000000
"'Syuchatar, K'",K,40271779.3,Syuchatar,27519230.77,3.2,6,2.5,S,38378801.08,13,25000000
"'Budhanilkantha, K'",K,40271779.3,Budhanilkantha,54403539.82,18.0,5,2.5,SW,39995597.48,13,115000000
"'Sitapaila, K'",K,40271779.3,Sitapaila,32122471.91,4.1,4,2.5,SE,41320000.0,16,27500000
"'Sitapaila, K'",K,40271779.3,Sitapaila,32122471.91,4.2,4,2.5,S,38378801.08,16,29500000
"'Purano Naikap, K'",K,40271779.3,Purano Naikap,48000000.0,6.2,7,3.0,NE,38939095.74,13,48000000
"'Battisputali, K'",K,40271779.3,Battisputali,63500000.0,3.5,7,3.0,W,35035732.01,20,32000000
"'Sitapaila, K'",K,40271779.3,Sitapaila,32122471.91,5.0,5,2.5,E,40021095.89,13,31500000
"'Thulo Bharayang, K'",K,40271779.3,Thulo Bharayang,35125000.0,2.2,3,1.0,S,38378801.08,10,15000000
"'Jorpati, K'",K,40271779.3,Jorpati,21412500.0,3.2,5,2.5,S,38378801.08,10,23000000
"'Balaju, K'",K,40271779.3,Balaju,93340000.0,9.1,6,2.5,W,35035732.01,10,57500000
"'Sitapaila, K'",K,40271779.3,Sitapaila,32122471.91,2.3,3,2.5,NE,38939095.74,4,12000000
"'Naikap, K'",K,40271779.3,Naikap,27187500.0,3.1,4,2.5,N,36524064.17,10,20000000
"'Machhapokhari, K'",K,40271779.3,Machhapokhari,37333333.33,4.0,4,2.5,E,40021095.89,10,30000000
"'Gothatar, K'",K,40271779.3,Gothatar,30709090.91,3.2,6,3.5,SE,41320000.0,10,26800000
"'Dhapakhel, L'",L,34535434.84,Dhapakhel,27325000.0,4.0,6,2.5,SW,39995597.48,20,30000000
"'Kageshwori, K'",K,40271779.3,Kageshwori,24333333.33,3.2,6,3.5,E,40021095.89,20,31000000
"'Simaltar, K'",K,40271779.3,Simaltar,95000000.0,14.0,9,3.0,N,36524064.17,20,95000000
"'Pepsicola, K'",K,40271779.3,Pepsicola,37138888.89,4.2,3,3.5,NE,38939095.74,36,50000000
"'Budhanilkantha, K'",K,40271779.3,Budhanilkantha,54403539.82,8.0,13,2.5,W,35035732.01,13,53500000
"'Satdobato, L'",L,34535434.84,Satdobato,41446666.67,3.0,4,2.5,E,40021095.89,13,26000000
"'Bafal, K'",K,40271779.3,Bafal,36767857.14,3.1,5,2.5,W,35035732.01,13,24000000
"'Maharajgunj, K'",K,40271779.3,Maharajgunj,66125000.0,3.7,2,2.5,SE,41320000.0,12,30000000
"'Budhanilkantha, K'",K,40271779.3,Budhanilkantha,54403539.82,4.0,4,2.5,W,35035732.01,15,36000000
"'Manamaiju, K'",K,40271779.3,Manamaiju,31454545.45,4.0,6,3.5,N,36524064.17,12,27500000
"'Dhapasi, K'",K,40271779.3,Dhapasi,43197058.82,5.0,6,2.5,S,38378801.08,18,42500000
"'Maharajgunj, K'",K,40271779.3,Maharajgunj,66125000.0,4.0,5,2.5,S,38378801.08,16,45000000
"'Kadaghari, K'",K,40271779.3,Kadaghari,18933333.33,3.2,6,2.5,N,36524064.17,13,27000000
"'Dhapasi, K'",K,40271779.3,Dhapasi,43197058.82,3.2,4,2.5,E,40021095.89,16,28500000
"'Lolang, K'",K,40271779.3,Lolang,19860000.0,3.0,4,3.0,NE,38939095.74,12,35500000
"'Tokha, K'",K,40271779.3,Tokha,26794117.65,4.2,4,2.5,E,40021095.89,13,29000000
"'Nakhipot, L'",L,34535434.84,Nakhipot,39136363.64,4.2,5,2.5,W,35035732.01,20,32000000
"'Goldhunga, K'",K,40271779.3,Goldhunga,20686666.67,4.2,4,2.5,E,40021095.89,20,30000000
"'Italitar, K'",K,40271779.3,Italitar,94166666.67,8.1,5,3.0,E,40021095.89,20,77500000
"'Machhe Gaun, K'",K,40271779.3,Machhe Gaun,28100000.0,3.0,8,3.0,W,35035732.01,13,14000000
"'Rudreshwor, K'",K,40271779.3,Rudreshwor,54909090.91,5.1,4,3.0,E,40021095.89,16,50000000
"'Imadol, L'",L,34535434.84,Imadol,26245555.56,3.0,2,1.0,S,38378801.08,13,16500000
"'Chamati, K'",K,40271779.3,Chamati,48083333.33,9.0,15,6.0,W,35035732.01,26,140000000
"'Nakhipot, L'",L,34535434.84,Nakhipot,39136363.64,3.0,4,3.0,S,38378801.08,13,24000000
"'Chapali, K'",K,40271779.3,Chapali,41350000.0,3.3,5,3.0,NE,38939095.74,13,28000000
"'Phulbari Colony, K'",K,40271779.3,Phulbari Colony,92000000.0,10.0,6,2.5,SE,41320000.0,20,92000000
"'Jarankhu, K'",K,40271779.3,Jarankhu,34066666.67,4.0,7,3.5,W,35035732.01,13,35000000
"'Koteshwor, K'",K,40271779.3,Koteshwor,44111111.11,3.0,6,2.5,N,36524064.17,26,27500000
"'Charkhal, K'",K,40271779.3,Charkhal,28500000.0,4.0,8,3.0,SE,41320000.0,13,28500000
"'Hattigauda, K'",K,40271779.3,Hattigauda,40888888.89,6.1,7,2.5,S,38378801.08,14,36500000
"'Hattigauda, K'",K,40271779.3,Hattigauda,40888888.89,5.0,6,2.5,NE,38939095.74,15,45000000
"'Matatirtha, K'",K,40271779.3,Matatirtha,24571428.57,8.0,8,2.5,S,38378801.08,16,20000000
"'Balkhu, K'",K,40271779.3,Balkhu,38742857.14,8.0,7,2.5,W,35035732.01,20,72000000
"'Golfutar, K'",K,40271779.3,Golfutar,47734782.61,3.2,4,2.5,S,38378801.08,16,25000000
"'Taukhel, L'",L,34535434.84,Taukhel,30125000.0,4.2,4,2.5,N,36524064.17,8,30000000
"'Chhauni, K'",K,40271779.3,Chhauni,40166666.67,3.2,5,2.5,E,40021095.89,13,26000000
"'Mandikhatar, K'",K,40271779.3,Mandikhatar,45133333.33,2.7,6,2.5,S,38378801.08,13,18500000
"'Deuba Chowk, K'",K,40271779.3,Deuba Chowk,50100000.0,4.3,5,2.5,S,38378801.08,13,45000000
"'Hattigauda, K'",K,40271779.3,Hattigauda,40888888.89,5.0,6,3.0,N,36524064.17,13,45000000
"'Nakhu, L'",L,34535434.84,Nakhu,31019047.62,5.0,4,2.5,E,40021095.89,13,39500000
"'Hepali Height, K'",K,40271779.3,Hepali Height,38807142.86,4.2,3,3.0,SW,39995597.48,20,45000000
"'Bhadrabas, K'",K,40271779.3,Bhadrabas,12500000.0,3.0,2,1.0,W,35035732.01,20,12500000
"'Dhapasi, K'",K,40271779.3,Dhapasi,43197058.82,4.0,5,3.0,SE,41320000.0,20,41000000
"'Bhaisepati, L'",L,34535434.84,Bhaisepati,47003669.23,3.3,4,3.0,E,40021095.89,13,38000000
"'Dhapasi, K'",K,40271779.3,Dhapasi,43197058.82,4.0,6,3.0,E,40021095.89,13,37500000
"'Hattigauda, K'",K,40271779.3,Hattigauda,40888888.89,6.2,6,2.5,E,40021095.89,14,65000000
"'Hattiban, L'",L,34535434.84,Hattiban,39415384.62,8.0,4,2.0,S,38378801.08,20,90000000
"'Balkhu, K'",K,40271779.3,Balkhu,38742857.14,2.3,3,2.5,N,36524064.17,20,24900000
"'Bhaisepati, L'",L,34535434.84,Bhaisepati,47003669.23,5.0,4,2.0,S,38378801.08,16,45000000
"'Rudreshwor, K'",K,40271779.3,Rudreshwor,54909090.91,6.0,5,3.0,S,38378801.08,13,59500000
"'Jarankhu, K'",K,40271779.3,Jarankhu,34066666.67,4.0,8,3.5,N,36524064.17,13,35000000
"'Paiyatar, K'",K,40271779.3,Paiyatar,20300000.0,4.3,5,2.5,W,35035732.01,12,30000000
"'Budhanilkantha, K'",K,40271779.3,Budhanilkantha,54403539.82,5.1,4,2.5,E,40021095.89,15,50000000
"'Ganesh Chowk, K'",K,40271779.3,Ganesh Chowk,43018181.82,5.2,5,2.5,SW,39995597.48,13,45000000
"'Hattiban, L'",L,34535434.84,Hattiban,39415384.62,4.2,4,2.5,SW,39995597.48,20,46500000
"'Kalikasthan, K'",K,40271779.3,Kalikasthan,61666666.67,1.3,4,2.5,E,40021095.89,30,25000000
"'Budhanilkantha, K'",K,40271779.3,Budhanilkantha,54403539.82,4.1,5,2.5,S,38378801.08,13,29800000
"'Bansbari, K'",K,40271779.3,Bansbari,52578947.37,16.0,7,2.5,SE,41320000.0,15,96000000
"'Dhapasi, K'",K,40271779.3,Dhapasi,43197058.82,4.0,4,2.5,NE,38939095.74,13,23000000
"'Bhadrabas, K'",K,40271779.3,Bhadrabas,12500000.0,4.0,2,1.0,N,36524064.17,20,12500000
"'Bagdol, L'",L,34535434.84,Bagdol,54500000.0,6.0,7,3.5,E,40021095.89,16,55000000
"'Dhapasi, K'",K,40271779.3,Dhapasi,43197058.82,3.0,5,2.0,SE,41320000.0,18,125000000
"'Ganesh Chowk, K'",K,40271779.3,Ganesh Chowk,43018181.82,6.1,6,2.5,NE,38939095.74,12,67500000
"'Kapan, K'",K,40271779.3,Kapan,24537096.77,5.0,6,3.5,N,36524064.17,13,36000000
"'Siddhartha Colony, K'",K,40271779.3,Siddhartha Colony,76666666.67,3.0,6,2.5,E,40021095.89,20,35000000
"'Narayanthan, K'",K,40271779.3,Narayanthan,57666666.67,3.3,5,2.5,S,38378801.08,16,42500000
"'Nakhu, L'",L,34535434.84,Nakhu,31019047.62,5.2,4,2.5,SW,39995597.48,13,53000000
"'Bhaisepati, L'",L,34535434.84,Bhaisepati,47003669.23,5.0,5,2.5,W,35035732.01,20,40000000
"'Bhaisepati, L'",L,34535434.84,Bhaisepati,47003669.23,8.2,6,2.5,S,38378801.08,13,150000000
"'Hattigauda, K'",K,40271779.3,Hattigauda,40888888.89,6.2,5,2.5,E,40021095.89,15,36500000
"'Bhaisepati, L'",L,34535434.84,Bhaisepati,47003669.23,5.0,4,2.5,E,40021095.89,15,39900000
"'Sundarbasti, K'",K,40271779.3,Sundarbasti,30884210.53,4.2,6,2.5,SE,41320000.0,20,38500000
"'Sundarbasti, K'",K,40271779.3,Sundarbasti,30884210.53,5.0,6,2.5,NE,38939095.74,13,38500000
"'Sitapaila, K'",K,40271779.3,Sitapaila,32122471.91,10.2,4,2.0,NW,36240206.19,20,67400000
"'Budhanilkantha, K'",K,40271779.3,Budhanilkantha,54403539.82,15.0,5,2.5,NE,38939095.74,15,110000000
"'Gothatar, K'",K,40271779.3,Gothatar,30709090.91,3.2,2,1.0,E,40021095.89,20,14000000
"'Gongabu, K'",K,40271779.3,Gongabu,42027777.78,4.0,11,2.5,S,38378801.08,13,31500000
"'Bhaisepati, L'",L,34535434.84,Bhaisepati,47003669.23,4.2,5,2.5,SE,41320000.0,13,47500000
"'Thaiba, L'",L,34535434.84,Thaiba,30846153.85,4.5,6,2.5,N,36524064.17,22,37000000
"'Jarankhu, K'",K,40271779.3,Jarankhu,34066666.67,4.0,5,2.5,SE,41320000.0,12,25000000
"'Dhapakhel, L'",L,34535434.84,Dhapakhel,27325000.0,4.2,4,2.5,W,35035732.01,26,18500000
"'Sudal, B'",B,29873684.19,Sudal,13733333.33,3.3,10,3.5,E,40021095.89,10,21000000
"'Khumaltar, L'",L,34535434.84,Khumaltar,38023809.52,6.0,6,2.5,NE,38939095.74,22,35000000
"'Baluwa, K'",K,40271779.3,Baluwa,12900000.0,3.2,5,2.5,N,36524064.17,13,19000000
"'Deuba Chowk, K'",K,40271779.3,Deuba Chowk,50100000.0,8.0,8,3.0,E,40021095.89,12,52500000
"'Machhe Gaun, K'",K,40271779.3,Machhe Gaun,28100000.0,8.0,5,2.5,NE,38939095.74,13,45000000
"'Imadol, L'",L,34535434.84,Imadol,26245555.56,3.2,4,2.5,NW,36240206.19,11,26500000
"'Satdobato, L'",L,34535434.84,Satdobato,41446666.67,6.1,6,2.5,W,35035732.01,12,45000000
"'Swayambhu, K'",K,40271779.3,Swayambhu,34017647.06,9.0,11,2.5,N,36524064.17,18,110000000
"'Imadol, L'",L,34535434.84,Imadol,26245555.56,3.2,6,2.5,SW,39995597.48,20,27500000
"'Sinamangal, K'",K,40271779.3,Sinamangal,47000000.0,5.2,5,2.5,W,35035732.01,13,45000000
"'Khumaltar, L'",L,34535434.84,Khumaltar,38023809.52,5.2,7,2.5,W,35035732.01,18,42500000
"'Radhe Radhe, B'",B,29873684.19,Radhe Radhe,37833333.33,8.0,6,2.5,SE,41320000.0,16,62500000
"'Dhapakhel, L'",L,34535434.84,Dhapakhel,27325000.0,8.2,4,2.0,NE,38939095.74,13,42000000
"'Chunikhel, K'",K,40271779.3,Chunikhel,21255555.56,3.0,4,1.0,S,38378801.08,20,15500000
"'Dhapakhel, L'",L,34535434.84,Dhapakhel,27325000.0,3.0,3,2.5,SE,41320000.0,26,29000000
"'Budhanilkantha, K'",K,40271779.3,Budhanilkantha,54403539.82,4.0,4,2.5,S,38378801.08,20,32000000
"'Bhaisepati, L'",L,34535434.84,Bhaisepati,47003669.23,5.0,3,2.5,E,40021095.89,18,55000000
"'Sanepa, L'",L,34535434.84,Sanepa,71436842.11,9.2,4,2.5,E,40021095.89,16,77500000
"'Boharatar, K'",K,40271779.3,Boharatar,30500000.0,3.0,5,2.0,E,40021095.89,13,20000000
"'Budhanilkantha, K'",K,40271779.3,Budhanilkantha,54403539.82,4.0,6,2.5,NE,38939095.74,25,48000000
"'Jhamsikhel, L'",L,34535434.84,Jhamsikhel,24875000.0,3.0,4,2.5,E,40021095.89,20,40000000
"'Bhaisepati, L'",L,34535434.84,Bhaisepati,47003669.23,3.2,5,2.5,N,36524064.17,20,36500000
"'Grande Hospital, K'",K,40271779.3,Grande Hospital,34471428.57,5.2,5,2.5,E,40021095.89,21,53500000
"'Bhaisepati, L'",L,34535434.84,Bhaisepati,47003669.23,5.0,4,2.5,SW,39995597.48,20,55000000
"'Budhanilkantha, K'",K,40271779.3,Budhanilkantha,54403539.82,3.2,6,2.0,E,40021095.89,20,35000000
"'Pepsicola, K'",K,40271779.3,Pepsicola,37138888.89,3.0,8,3.5,N,36524064.17,10,26000000
"'Sano bharyang, K'",K,40271779.3,Sano Bharyang,35300000.0,5.0,4,2.5,N,36524064.17,20,45000000
"'Khusibu, K'",K,40271779.3,Khusibu,45666666.67,7.1,10,4.5,S,38378801.08,16,105000000
"'Sukedhara, K'",K,40271779.3,Sukedhara,38941379.31,7.0,4,2.5,E,40021095.89,12,70000000
"'Thulo Bharayang, K'",K,40271779.3,Thulo Bharayang,35125000.0,3.0,5,3.0,N,36524064.17,13,35000000
"'Imadol, L'",L,34535434.84,Imadol,26245555.56,2.2,4,2.5,N,36524064.17,13,20500000
"'Thankot, K'",K,40271779.3,Thankot,16989743.59,4.0,4,1.5,S,38378801.08,13,30000000
"'Lazimpat, K'",K,40271779.3,Lazimpat,54400000.0,2.2,4,2.5,N,36524064.17,10,22500000
"'Tokha, K'",K,40271779.3,Tokha,26794117.65,3.0,5,3.0,S,38378801.08,11,24000000
"'Maharajgunj, K'",K,40271779.3,Maharajgunj,66125000.0,12.1,5,2.5,S,38378801.08,16,90000000
"'Khumaltar, L'",L,34535434.84,Khumaltar,38023809.52,4.0,4,2.5,E,40021095.89,26,40000000
"'Kapan, K'",K,40271779.3,Kapan,24537096.77,3.1,4,1.0,E,40021095.89,13,16000000
"'Budhanilkantha, K'",K,40271779.3,Budhanilkantha,54403539.82,5.0,6,3.0,NW,36240206.19,20,39000000
"'Bansbari, K'",K,40271779.3,Bansbari,52578947.37,9.2,4,2.0,S,38378801.08,13,62500000
"'Bansbari, K'",K,40271779.3,Bansbari,52578947.37,10.0,3,2.0,S,38378801.08,13,62500000
"'Budhanilkantha, K'",K,40271779.3,Budhanilkantha,54403539.82,8.0,6,2.5,W,35035732.01,20,70000000
"'Golfutar, K'",K,40271779.3,Golfutar,47734782.61,3.2,5,2.5,NE,38939095.74,20,31500000
"'Rudreshwor, K'",K,40271779.3,Rudreshwor,54909090.91,6.0,5,2.5,S,38378801.08,15,57500000
"'Bishalnagar, K'",K,40271779.3,Bishalnagar,100000000.0,8.0,5,3.0,S,38378801.08,16,100000000
"'Budhanilkantha, K'",K,40271779.3,Budhanilkantha,54403539.82,8.0,5,2.5,SE,41320000.0,15,67500000
"'Pasikot, K'",K,40271779.3,Pasikot,37148571.43,5.0,5,2.5,S,38378801.08,13,33500000
"'Nepaltar, K'",K,40271779.3,Nepaltar,23085714.29,3.0,5,2.5,S,38378801.08,10,21000000
"'Thankot, K'",K,40271779.3,Thankot,16989743.59,4.0,6,3.0,N,36524064.17,13,26000000
"'Setipakha, L'",L,34535434.84,Setipakha,25400000.0,4.0,4,2.5,S,38378801.08,15,31000000
"'Ekatabasti, K'",K,40271779.3,Ekatabasti,28400000.0,2.2,4,2.5,S,38378801.08,12,16000000
"'Budhanilkantha, K'",K,40271779.3,Budhanilkantha,54403539.82,4.0,6,2.5,E,40021095.89,13,33500000
"'Sorhakhutte, K'",K,40271779.3,Sorhakhutte,43900000.0,3.2,15,5.5,E,40021095.89,12,45000000
"'Bhaisepati, L'",L,34535434.84,Bhaisepati,47003669.23,6.0,5,2.5,S,38378801.08,15,14000000
"'Thado Dhunga, L'",L,34535434.84,Thado Dhunga,47750000.0,10.0,3,2.5,N,36524064.17,15,18000000
"'Imadol, L'",L,34535434.84,Imadol,26245555.56,4.0,5,1.5,E,40021095.89,13,34500000
"'Imadol, L'",L,34535434.84,Imadol,26245555.56,3.0,4,1.5,N,36524064.17,11,14500000
"'Budhanilkantha, K'",K,40271779.3,Budhanilkantha,54403539.82,3.2,4,1.0,S,38378801.08,13,18500000
"'Bhaisepati, L'",L,34535434.84,Bhaisepati,47003669.23,3.3,4,2.5,N,36524064.17,20,44000000
"'Imadol, L'",L,34535434.84,Imadol,26245555.56,4.1,7,2.5,NE,38939095.74,20,36000000
"'Budhanilkantha, K'",K,40271779.3,Budhanilkantha,54403539.82,7.3,4,2.5,S,38378801.08,24,75000000
"'Budhanilkantha, K'",K,40271779.3,Budhanilkantha,54403539.82,5.0,7,3.0,SE,41320000.0,13,39500000
"'New Road, K'",K,40271779.3,New Road,45000000.0,4.2,14,6.0,E,40021095.89,13,45000000
"'Sitapaila, K'",K,40271779.3,Sitapaila,32122471.91,4.2,6,2.5,N,36524064.17,12,30000000
"'Kapan, K'",K,40271779.3,Kapan,24537096.77,4.2,6,2.5,N,36524064.17,13,33800000
"'Kapan, K'",K,40271779.3,Kapan,24537096.77,3.0,5,2.5,S,38378801.08,12,18500000
"'Manbhawan, L'",L,34535434.84,Manbhawan,41000000.0,3.0,5,2.5,S,38378801.08,26,20000000
"'Kapan, K'",K,40271779.3,Kapan,24537096.77,3.0,2,1.0,SW,39995597.48,12,14000000
"'Budhanilkantha, K'",K,40271779.3,Budhanilkantha,54403539.82,4.0,5,2.5,N,36524064.17,13,26000000
"'Balaju, K'",K,40271779.3,Balaju,93340000.0,10.2,10,5.0,NE,38939095.74,12,110000000
"'Grande Hospital, K'",K,40271779.3,Grande Hospital,34471428.57,4.3,4,2.0,N,36524064.17,16,39000000
"'Nakhipot, L'",L,34535434.84,Nakhipot,39136363.64,2.9,4,2.5,S,38378801.08,20,29000000
"'Lubhu, L'",L,34535434.84,Lubhu,20353333.33,2.5,4,2.5,S,38378801.08,13,17500000
"'Budhanilkantha, K'",K,40271779.3,Budhanilkantha,54403539.82,4.5,6,2.5,N,36524064.17,13,33500000
"'Panga, K'",K,40271779.3,Panga,31250000.0,4.0,13,4.0,N,36524064.17,12,27500000
"'Budhanilkantha, K'",K,40271779.3,Budhanilkantha,54403539.82,6.0,6,2.5,SE,41320000.0,15,60000000
"'Anamnagar, K'",K,40271779.3,Anamnagar,29500000.0,3.0,4,4.0,W,35035732.01,4,13000000
"'Greenhill City, K'",K,40271779.3,Greenhill City,25166666.67,4.0,5,3.0,S,38378801.08,13,25500000
"'Golfutar, K'",K,40271779.3,Golfutar,47734782.61,5.2,4,2.5,SE,41320000.0,13,39000000
"'Budhanilkantha, K'",K,40271779.3,Budhanilkantha,54403539.82,7.0,5,2.5,SE,41320000.0,14,75000000
"'Khumaltar, L'",L,34535434.84,Khumaltar,38023809.52,3.2,3,2.5,E,40021095.89,13,36500000
"'Jawalakhel, L'",L,34535434.84,Jawalakhel,66500000.0,12.0,4,2.0,N,36524064.17,26,110000000
"'Thaiba, L'",L,34535434.84,Thaiba,30846153.85,6.0,4,2.5,SE,41320000.0,20,45000000
"'Bhaisepati, L'",L,34535434.84,Bhaisepati,47003669.23,3.3,4,2.5,N,36524064.17,20,41000000
"'Naya Basti, K'",K,40271779.3,Naya Basti,31071428.57,3.0,7,2.5,S,38378801.08,10,20500000
"'Gongabu, K'",K,40271779.3,Gongabu,42027777.78,3.1,8,3.5,W,35035732.01,10,37500000
"'Golfutar, K'",K,40271779.3,Golfutar,47734782.61,4.2,3,2.5,W,35035732.01,16,43500000
"'Dhapasi, K'",K,40271779.3,Dhapasi,43197058.82,3.3,5,2.5,SW,39995597.48,13,31000000
"'Banasthali, K'",K,40271779.3,Banasthali,47525000.0,4.0,4,2.5,S,38378801.08,14,31000000
"'Manjushree Marga, L'",L,34535434.84,Manjushree Marga,27500000.0,4.0,5,2.0,S,38378801.08,13,27500000
"'Budhanilkantha, K'",K,40271779.3,Budhanilkantha,54403539.82,3.0,6,2.5,NW,36240206.19,15,32000000
"'Handigaun, K'",K,40271779.3,Handigaun,106250000.0,7.2,7,2.5,S,38378801.08,15,52500000
"'Chakupat, L'",L,34535434.84,Chakupat,60000000.0,6.0,5,3.5,S,38378801.08,13,60000000
"'Deuba Chowk, K'",K,40271779.3,Deuba Chowk,50100000.0,7.1,8,4.0,E,40021095.89,13,70000000
"'Satungal, K'",K,40271779.3,Satungal,20550000.0,4.3,2,1.0,E,40021095.89,14,21500000
"'Hattigauda, K'",K,40271779.3,Hattigauda,40888888.89,6.0,6,2.5,E,40021095.89,15,57500000
"'Naxal, K'",K,40271779.3,Naxal,68200000.0,10.0,6,2.5,E,40021095.89,12,82000000
"'Bansbari, K'",K,40271779.3,Bansbari,52578947.37,6.2,6,2.5,N,36524064.17,13,55000000
"'Mandikhatar, K'",K,40271779.3,Mandikhatar,45133333.33,3.1,4,2.5,E,40021095.89,13,28500000
"'Bhimsengola, K'",K,40271779.3,Bhimsengola,98000000.0,21.3,5,2.5,SE,41320000.0,14,150000000
"'Samakhusi, K'",K,40271779.3,Samakhusi,44224137.93,3.3,5,3.0,N,36524064.17,15,30500000
"'Budhanilkantha, K'",K,40271779.3,Budhanilkantha,54403539.82,5.0,8,3.5,N,36524064.17,20,69000000
"'Budhanilkantha, K'",K,40271779.3,Budhanilkantha,54403539.82,6.0,4,2.0,S,38378801.08,15,47000000
"'Budhanilkantha, K'",K,40271779.3,Budhanilkantha,54403539.82,3.2,4,2.0,SE,41320000.0,13,19000000
"'Mahankal, K'",K,40271779.3,Mahankal,28250000.0,4.0,4,2.5,N,36524064.17,20,33500000
"'Narayantar, K'",K,40271779.3,Narayantar,34083333.33,3.2,6,3.0,S,38378801.08,13,30000000
"'Budhanilkantha, K'",K,40271779.3,Budhanilkantha,54403539.82,5.0,5,2.5,S,38378801.08,16,46500000
"'Narayantar, K'",K,40271779.3,Narayantar,34083333.33,3.0,6,3.0,S,38378801.08,11,24000000
"'Budhanilkantha, K'",K,40271779.3,Budhanilkantha,54403539.82,4.0,6,2.5,N,36524064.17,13,32000000
"'Nagdaha, L'",L,34535434.84,Nagdaha,28000000.0,3.2,4,2.5,N,36524064.17,20,33000000
"'Sorhakhutte, K'",K,40271779.3,Sorhakhutte,43900000.0,5.0,9,3.5,S,38378801.08,12,47500000
"'Raniban, K'",K,40271779.3,Raniban,37400000.0,3.5,6,2.5,S,38378801.08,20,28000000
"'Budhanilkantha, K'",K,40271779.3,Budhanilkantha,54403539.82,3.2,6,2.5,N,36524064.17,12,29000000
"'Gongabu, K'",K,40271779.3,Gongabu,42027777.78,5.0,4,2.0,W,35035732.01,10,37000000
"'Sampang Chowk, L'",L,34535434.84,Sampang Chowk,33166666.67,5.2,5,2.5,S,38378801.08,13,38500000
"'Ganesh Chowk, K'",K,40271779.3,Ganesh Chowk,43018181.82,6.1,6,2.5,S,38378801.08,15,62000000
"'Budhanilkantha, K'",K,40271779.3,Budhanilkantha,54403539.82,5.0,6,2.5,W,35035732.01,13,45000000
"'Budhanilkantha, K'",K,40271779.3,Budhanilkantha,54403539.82,4.2,5,2.5,S,38378801.08,13,37500000
"'Gwarko, L'",L,34535434.84,Gwarko,27142857.14,4.2,6,3.5,S,38378801.08,14,35500000
"'Gothatar, K'",K,40271779.3,Gothatar,30709090.91,7.0,7,3.5,W,35035732.01,14,56000000
"'Kalimati, K'",K,40271779.3,Kalimati,50750000.0,9.2,5,3.0,SE,41320000.0,13,92500000
"'Nalinchwok, B'",B,29873684.19,Nalinchwok,11000000.0,3.0,3,2.5,N,36524064.17,8,11000000
"'Samakhusi, K'",K,40271779.3,Samakhusi,44224137.93,4.0,6,2.5,N,36524064.17,13,33000000
"'Dhumbarahi, K'",K,40271779.3,Dhumbarahi,59708333.33,6.0,5,2.5,SE,41320000.0,20,65000000
"'Kharibot, K'",K,40271779.3,Kharibot,32900000.0,3.0,6,3.0,E,40021095.89,13,23500000
"'Lazimpat, K'",K,40271779.3,Lazimpat,54400000.0,13.0,5,3.5,NW,36240206.19,30,130000000
"'Nakhu, L'",L,34535434.84,Nakhu,31019047.62,4.1,5,3.0,NE,38939095.74,10,36000000
"'Ochu Height, L'",L,34535434.84,Ochu Height,28750000.0,3.2,4,2.5,W,35035732.01,13,22500000
"'Imadol, L'",L,34535434.84,Imadol,26245555.56,3.1,4,2.0,N,36524064.17,16,25000000
"'Tikathali, L'",L,34535434.84,Tikathali,21964285.71,3.0,6,2.5,SE,41320000.0,13,23000000
"'Tikathali, L'",L,34535434.84,Tikathali,21964285.71,3.0,2,1.0,N,36524064.17,13,15000000
"'Imadol, L'",L,34535434.84,Imadol,26245555.56,3.2,4,2.5,W,35035732.01,13,30000000
"'Hattiban, L'",L,34535434.84,Hattiban,39415384.62,3.2,4,2.5,N,36524064.17,22,35000000
"'Hattiban, L'",L,34535434.84,Hattiban,39415384.62,3.2,5,2.5,S,38378801.08,13,25000000
"'Tikathali, L'",L,34535434.84,Tikathali,21964285.71,2.2,5,2.5,S,38378801.08,13,19500000
"'Imadol, L'",L,34535434.84,Imadol,26245555.56,4.0,4,2.5,S,38378801.08,13,37500000
"'Tikathali, L'",L,34535434.84,Tikathali,21964285.71,2.2,4,2.5,S,38378801.08,13,19500000
"'Kapan, K'",K,40271779.3,Kapan,24537096.77,5.1,6,2.5,SE,41320000.0,13,38500000
"'Chabahil, K'",K,40271779.3,Chabahil,83909090.91,5.2,5,2.5,SE,41320000.0,5,21500000
"'Chapali, K'",K,40271779.3,Chapali,41350000.0,4.1,5,2.5,SW,39995597.48,15,33500000
"'Budhanilkantha, K'",K,40271779.3,Budhanilkantha,54403539.82,3.1,4,2.5,N,36524064.17,18,26500000
"'Budhanilkantha, K'",K,40271779.3,Budhanilkantha,54403539.82,6.0,6,2.5,N,36524064.17,13,37000000
"'Lamatar, L'",L,34535434.84,Lamatar,12000000.0,3.0,2,1.0,SE,41320000.0,13,12000000
"'Bafal, K'",K,40271779.3,Bafal,36767857.14,8.3,4,3.5,E,40021095.89,13,60000000
"'Budhanilkantha, K'",K,40271779.3,Budhanilkantha,54403539.82,10.0,4,2.5,S,38378801.08,15,82000000
"'Hattiban, L'",L,34535434.84,Hattiban,39415384.62,4.1,7,3.0,NE,38939095.74,13,39500000
"'Karyabinayak, L'",L,34535434.84,Karyabinayak,34166666.67,3.0,3,2.5,S,38378801.08,20,35000000
"'Gwarko, L'",L,34535434.84,Gwarko,27142857.14,2.1,6,2.0,W,35035732.01,13,25000000
"'Mulpani, K'",K,40271779.3,Mulpani,20590909.09,4.0,6,2.5,W,35035732.01,12,15500000
"'Sano bharyang, K'",K,40271779.3,Sano Bharyang,35300000.0,4.2,4,2.5,E,40021095.89,20,39500000
"'Bhaisepati, L'",L,34535434.84,Bhaisepati,47003669.23,6.2,5,2.5,SW,39995597.48,13,62500000
"'Kapan, K'",K,40271779.3,Kapan,24537096.77,3.1,5,2.5,N,36524064.17,13,24000000
"'Deuba Chowk, K'",K,40271779.3,Deuba Chowk,50100000.0,8.0,8,2.5,E,40021095.89,13,49500000
"'Pasikot, K'",K,40271779.3,Pasikot,37148571.43,5.0,6,2.5,NE,38939095.74,13,34000000
"'Golfutar, K'",K,40271779.3,Golfutar,47734782.61,5.0,5,2.5,W,35035732.01,15,44500000
"'Gurjudhara, K'",K,40271779.3,Gurjudhara,21375000.0,3.2,6,2.5,E,40021095.89,13,22000000
"'Chunikhel, K'",K,40271779.3,Chunikhel,21255555.56,4.1,6,2.5,S,38378801.08,13,28500000
"'Bhaisepati, L'",L,34535434.84,Bhaisepati,47003669.23,4.0,5,2.5,S,38378801.08,13,27500000
"'Baluwakhani, K'",K,40271779.3,Baluwakhani,26636363.64,3.2,2,1.0,E,40021095.89,13,17000000
"'Hasantar, K'",K,40271779.3,Hasantar,48500000.0,8.0,4,2.5,SE,41320000.0,20,48500000
"'Golfutar, K'",K,40271779.3,Golfutar,47734782.61,6.1,5,2.5,W,35035732.01,14,65000000
"'Bhaisepati, L'",L,34535434.84,Bhaisepati,47003669.23,4.0,4,2.5,SE,41320000.0,13,49500000
"'Jyotinagar, K'",K,40271779.3,Jyotinagar,31388888.89,5.0,5,2.5,E,40021095.89,18,35000000
"'Balkumari, L'",L,34535434.84,Balkumari,58714285.71,5.2,8,4.0,N,36524064.17,12,55000000
"'Baluwakhani, K'",K,40271779.3,Baluwakhani,26636363.64,3.0,5,2.5,W,35035732.01,20,24500000
"'Goldhunga, K'",K,40271779.3,Goldhunga,20686666.67,3.3,5,2.5,S,38378801.08,10,17000000
"'Bhaisepati, L'",L,34535434.84,Bhaisepati,47003669.23,3.0,4,3.5,SE,41320000.0,16,25000000
"'Sitapaila, K'",K,40271779.3,Sitapaila,32122471.91,4.0,7,2.5,S,38378801.08,12,30000000
"'Pingalasthan, K'",K,40271779.3,Pingalasthan,45000000.0,5.0,7,3.5,SE,41320000.0,20,45000000
"'Budhanilkantha, K'",K,40271779.3,Budhanilkantha,54403539.82,5.0,7,2.5,NE,38939095.74,13,44800000
"'Rudreshwor, K'",K,40271779.3,Rudreshwor,54909090.91,5.0,5,2.5,W,35035732.01,13,35000000
"'Budhanilkantha, K'",K,40271779.3,Budhanilkantha,54403539.82,9.1,4,2.5,SW,39995597.48,13,60000000
"'Syuchatar, K'",K,40271779.3,Syuchatar,27519230.77,4.1,7,3.5,S,38378801.08,20,85000000
"'Sundarbasti, K'",K,40271779.3,Sundarbasti,30884210.53,3.2,7,2.5,E,40021095.89,13,24900000
"'Nikhileshwor, K'",K,40271779.3,Nikhileshwor,25750000.0,3.1,5,2.5,W,35035732.01,16,27500000
"'Chunikhel, K'",K,40271779.3,Chunikhel,21255555.56,4.1,5,3.5,E,40021095.89,13,31500000
"'Tokha, K'",K,40271779.3,Tokha,26794117.65,4.0,7,2.5,N,36524064.17,20,19000000
"'Jyotinagar, K'",K,40271779.3,Jyotinagar,31388888.89,3.5,6,2.5,S,38378801.08,13,22500000
"'Mandikhatar, K'",K,40271779.3,Mandikhatar,45133333.33,15.0,4,2.5,NE,38939095.74,20,145000000
"'Bafal, K'",K,40271779.3,Bafal,36767857.14,4.2,4,2.5,S,38378801.08,13,27500000
"'Suryabinayak, B'",B,29873684.19,Suryabinayak,57100000.0,5.2,5,2.5,S,38378801.08,12,32200000
"'Mhaipi, K'",K,40271779.3,Mhaipi,37125000.0,4.2,5,3.5,N,36524064.17,20,35000000
"'Ason, K'",K,40271779.3,Ason,93750000.0,4.1,7,6.0,N,36524064.17,12,170000000
"'Vinayak Colony, L'",L,34535434.84,Vinayak Colony,51000000.0,4.3,4,2.5,W,35035732.01,20,51000000
"'Bhaisepati, L'",L,34535434.84,Bhaisepati,47003669.23,3.2,4,2.5,S,38378801.08,20,27500000
"'Dhapakhel, L'",L,34535434.84,Dhapakhel,27325000.0,4.0,4,2.5,SW,39995597.48,27,40000000
"'Baluwatar, K'",K,40271779.3,Baluwatar,77346153.85,8.0,12,5.5,SW,39995597.48,20,170000000
"'Budhanilkantha, K'",K,40271779.3,Budhanilkantha,54403539.82,6.0,6,2.5,NE,38939095.74,15,61000000
"'Jalpa Chowk, K'",K,40271779.3,Jalpa Chowk,165000000.0,9.0,4,6.5,W,35035732.01,32,165000000
"'Kadaghari, K'",K,40271779.3,Kadaghari,18933333.33,3.0,5,2.5,SW,39995597.48,13,26000000
"'Syuchatar, K'",K,40271779.3,Syuchatar,27519230.77,4.0,4,2.5,S,38378801.08,20,39000000
"'Makalbari, K'",K,40271779.3,Makalbari,23000000.0,3.0,5,2.5,W,35035732.01,13,19500000
"'Kapan, K'",K,40271779.3,Kapan,24537096.77,4.2,6,2.5,E,40021095.89,13,28500000
"'Tenzing Chowk, K'",K,40271779.3,Tenzing Chowk,39375000.0,8.2,6,2.5,SE,41320000.0,12,65500000
"'Siddhartha Colony, K'",K,40271779.3,Siddhartha Colony,76666666.67,8.3,5,3.0,S,38378801.08,14,125000000
"'Dhapasi, K'",K,40271779.3,Dhapasi,43197058.82,4.1,7,3.5,SE,41320000.0,16,36000000
"'Nardevi, K'",K,40271779.3,Nardevi,18000000.0,1.1,7,4.5,E,40021095.89,5,18000000
"'Paiyatar, K'",K,40271779.3,Paiyatar,20300000.0,3.1,7,4.0,W,35035732.01,10,18500000
"'Dhapakhel, L'",L,34535434.84,Dhapakhel,27325000.0,3.0,5,2.5,NE,38939095.74,20,27000000
"'Changathali, L'",L,34535434.84,Changathali,20166666.67,4.3,4,2.0,S,38378801.08,13,28500000
"'Imadol, L'",L,34535434.84,Imadol,26245555.56,4.0,5,2.5,SE,41320000.0,13,33000000
"'Imadol, L'",L,34535434.84,Imadol,26245555.56,3.3,6,3.5,W,35035732.01,20,36500000
"'Imadol, L'",L,34535434.84,Imadol,26245555.56,4.2,5,2.5,E,40021095.89,13,36500000
"'Balkot, B'",B,29873684.19,Balkot,33999999.9,3.2,4,2.5,S,38378801.08,13,25000000
"'Tikathali, L'",L,34535434.84,Tikathali,21964285.71,4.0,4,2.0,E,40021095.89,13,22000000
"'Mandikhatar, K'",K,40271779.3,Mandikhatar,45133333.33,16.0,4,2.5,S,38378801.08,16,120000000
"'Imadol, L'",L,34535434.84,Imadol,26245555.56,3.0,4,2.5,E,40021095.89,12,23000000
"'Sanagaun, L'",L,34535434.84,Sanagaun,23437500.0,3.1,4,2.5,S,38378801.08,16,22000000
"'Imadol, L'",L,34535434.84,Imadol,26245555.56,3.3,4,2.5,SW,39995597.48,13,25000000
"'Imadol, L'",L,34535434.84,Imadol,26245555.56,4.0,6,3.5,N,36524064.17,13,35000000
"'Imadol, L'",L,34535434.84,Imadol,26245555.56,4.0,7,3.5,N,36524064.17,13,35000000
"'Imadol, L'",L,34535434.84,Imadol,26245555.56,3.0,4,2.5,W,35035732.01,20,22000000
"'Imadol, L'",L,34535434.84,Imadol,26245555.56,3.1,5,2.5,SE,41320000.0,10,23000000
"'Imadol, L'",L,34535434.84,Imadol,26245555.56,3.3,4,2.5,E,40021095.89,13,28500000
"'Imadol, L'",L,34535434.84,Imadol,26245555.56,3.0,4,2.5,W,35035732.01,13,26000000
"'Balkhu, K'",K,40271779.3,Balkhu,38742857.14,6.0,8,3.0,SW,39995597.48,15,42500000
"'Khumaltar, L'",L,34535434.84,Khumaltar,38023809.52,5.1,5,2.5,E,40021095.89,12,24000000
"'Balkhu, K'",K,40271779.3,Balkhu,38742857.14,3.0,3,2.5,N,36524064.17,16,22300000
"'Thulo Bharayang, K'",K,40271779.3,Thulo Bharayang,35125000.0,7.7,5,2.5,N,36524064.17,13,100000000
"'Mandikhatar, K'",K,40271779.3,Mandikhatar,45133333.33,4.0,6,2.5,E,40021095.89,13,27500000
"'Pepsicola, K'",K,40271779.3,Pepsicola,37138888.89,4.2,7,3.5,E,40021095.89,36,50000000
"'Pasikot, K'",K,40271779.3,Pasikot,37148571.43,4.3,5,2.5,S,38378801.08,20,30000000
"'Goldhunga, K'",K,40271779.3,Goldhunga,20686666.67,4.5,8,3.5,W,35035732.01,10,29900000
"'Kaushaltar, B'",B,29873684.19,Kaushaltar,24300000.0,18.0,5,2.5,S,38378801.08,13,10000000
"'Goldhunga, K'",K,40271779.3,Goldhunga,20686666.67,3.0,8,3.5,W,35035732.01,10,29900000
"'Chunikhel, K'",K,40271779.3,Chunikhel,21255555.56,3.0,2,1.0,S,38378801.08,12,13300000
"'Imadol, L'",L,34535434.84,Imadol,26245555.56,2.2,4,2.5,S,38378801.08,10,19000000
"'Matatirtha, K'",K,40271779.3,Matatirtha,24571428.57,13.3,6,3.0,NE,38939095.74,16,40000000
"'Dhunchepakha, B'",B,29873684.19,Dhunchepakha,70000000.0,15.0,7,2.5,S,38378801.08,36,70000000
"'Kapan, K'",K,40271779.3,Kapan,24537096.77,3.3,6,2.5,S,38378801.08,22,33000000
"'Patan, L'",L,34535434.84,Patan,18000000.0,2.0,3,4.0,S,38378801.08,12,18000000
"'Dhapasi, K'",K,40271779.3,Dhapasi,43197058.82,6.0,5,2.5,E,40021095.89,10,32500000
"'Budhanilkantha, K'",K,40271779.3,Budhanilkantha,54403539.82,5.2,6,2.5,E,40021095.89,15,45000000
"'Hattigauda, K'",K,40271779.3,Hattigauda,40888888.89,6.0,7,2.5,NE,38939095.74,14,37500000
"'Imadol, L'",L,34535434.84,Imadol,26245555.56,15.3,6,4.0,N,36524064.17,22,125000000
"'Baluwakhani, K'",K,40271779.3,Baluwakhani,26636363.64,5.1,7,2.5,E,40021095.89,13,34500000
"'Jorpati, K'",K,40271779.3,Jorpati,21412500.0,2.2,3,2.5,S,38378801.08,12,14300000
"'New Buspark, K'",K,40271779.3,New Buspark,50333333.33,9.0,6,3.5,E,40021095.89,13,85000000
"'Mitrapark, K'",K,40271779.3,Mitrapark,72000000.0,10.0,7,3.5,E,40021095.89,13,95000000
"'Boharatar, K'",K,40271779.3,Boharatar,30500000.0,3.1,4,2.5,E,40021095.89,13,23000000
"'Chappal karkhana, K'",K,40271779.3,Chappal Karkhana,48500000.0,8.3,5,2.5,S,38378801.08,13,75000000
"'Sitapaila, K'",K,40271779.3,Sitapaila,32122471.91,4.0,3,2.5,E,40021095.89,13,27500000
"'Maharajgunj, K'",K,40271779.3,Maharajgunj,66125000.0,12.0,5,3.5,SE,41320000.0,10,120000000
"'Imadol, L'",L,34535434.84,Imadol,26245555.56,3.2,4,2.5,E,40021095.89,13,26000000
"'Imadol, L'",L,34535434.84,Imadol,26245555.56,2.2,6,2.5,N,36524064.17,13,17500000
"'Dhapasi, K'",K,40271779.3,Dhapasi,43197058.82,4.0,3,2.5,S,38378801.08,13,29500000
"'Narayanthan, K'",K,40271779.3,Narayanthan,57666666.67,17.0,7,3.5,S,38378801.08,17,92500000
"'Dholahiti, L'",L,34535434.84,Dholahiti,33750000.0,4.0,4,2.5,SW,39995597.48,27,40000000
"'Jyotinagar, K'",K,40271779.3,Jyotinagar,31388888.89,4.0,7,2.5,SE,41320000.0,14,35000000
"'Imadol, L'",L,34535434.84,Imadol,26245555.56,3.1,6,2.5,N,36524064.17,13,22500000
"'Imadol, L'",L,34535434.84,Imadol,26245555.56,2.3,4,2.5,N,36524064.17,13,21000000
"'Ochu Height, L'",L,34535434.84,Ochu Height,28750000.0,3.0,4,2.5,W,35035732.01,13,22500000
"'Imadol, L'",L,34535434.84,Imadol,26245555.56,3.3,6,2.5,W,35035732.01,20,25500000
"'Bhangal, K'",K,40271779.3,Bhangal,26641463.41,4.0,6,2.5,SE,41320000.0,18,27000000
"'Sitapaila, K'",K,40271779.3,Sitapaila,32122471.91,5.0,4,2.5,N,36524064.17,13,29500000
"'Goldhunga, K'",K,40271779.3,Goldhunga,20686666.67,3.0,4,2.5,E,40021095.89,16,20500000
"'Mandikhatar, K'",K,40271779.3,Mandikhatar,45133333.33,3.0,10,2.5,SE,41320000.0,13,25000000
"'Lolang, K'",K,40271779.3,Lolang,19860000.0,3.0,2,1.0,E,40021095.89,13,13800000
"'Bhangal, K'",K,40271779.3,Bhangal,26641463.41,5.0,5,2.5,E,40021095.89,13,29500000
"'Mandikhatar, K'",K,40271779.3,Mandikhatar,45133333.33,3.2,5,2.5,E,40021095.89,13,22200000
"'Megha City, K'",K,40271779.3,Megha City,23933333.33,3.2,5,3.5,SE,41320000.0,13,29900000
"'Kapan, K'",K,40271779.3,Kapan,24537096.77,3.0,2,1.0,E,40021095.89,10,11200000
"'Ram Mandir, K'",K,40271779.3,Ram Mandir,29380000.0,4.2,6,2.5,SW,39995597.48,13,27200000
"'Syuchatar, K'",K,40271779.3,Syuchatar,27519230.77,4.0,6,2.0,N,36524064.17,13,22400000
"'Budhanilkantha, K'",K,40271779.3,Budhanilkantha,54403539.82,3.0,4,3.0,NE,38939095.74,10,29900000
"'Grande Hospital, K'",K,40271779.3,Grande Hospital,34471428.57,4.1,6,2.5,SW,39995597.48,10,32800000
"'Mandikhatar, K'",K,40271779.3,Mandikhatar,45133333.33,4.0,6,2.5,S,38378801.08,12,25000000
"'Mandikhatar, K'",K,40271779.3,Mandikhatar,45133333.33,8.0,5,3.5,W,35035732.01,32,65000000
"'Balambu, K'",K,40271779.3,Balambu,21000000.0,4.0,4,2.5,E,40021095.89,13,22500000
"'Sainbu, L'",L,34535434.84,Sainbu,41642857.14,4.7,4,2.0,SW,39995597.48,13,35000000
"'Ramkot, K'",K,40271779.3,Ramkot,25384615.38,3.2,6,2.5,W,35035732.01,16,26000000
"'Sitapaila, K'",K,40271779.3,Sitapaila,32122471.91,3.8,4,4.0,W,35035732.01,14,35000000
"'Thankot, K'",K,40271779.3,Thankot,16989743.59,3.0,8,2.5,E,40021095.89,13,22000000
"'Bafal, K'",K,40271779.3,Bafal,36767857.14,3.2,6,2.5,S,38378801.08,13,45000000
"'Ramkot, K'",K,40271779.3,Ramkot,25384615.38,7.2,9,2.5,E,40021095.89,16,42000000
"'Raniban, K'",K,40271779.3,Raniban,37400000.0,3.2,4,2.0,N,36524064.17,20,32000000
"'Sitapaila, K'",K,40271779.3,Sitapaila,32122471.91,7.2,5,2.5,NE,38939095.74,16,50000000
"'Raniban, K'",K,40271779.3,Raniban,37400000.0,4.2,6,3.5,SW,39995597.48,20,42500000
"'Raniban, K'",K,40271779.3,Raniban,37400000.0,4.3,3,2.5,E,40021095.89,20,42500000
"'Golfutar, K'",K,40271779.3,Golfutar,47734782.61,8.0,7,5.0,N,36524064.17,14,77500000
"'Kapan, K'",K,40271779.3,Kapan,24537096.77,4.6,5,2.5,SW,39995597.48,15,47500000
"'Sano bharyang, K'",K,40271779.3,Sano Bharyang,35300000.0,10.0,8,3.5,W,35035732.01,14,50000000
"'Banasthali, K'",K,40271779.3,Banasthali,47525000.0,11.0,4,2.0,E,40021095.89,20,70000000
"'Sano bharyang, K'",K,40271779.3,Sano Bharyang,35300000.0,6.3,5,2.5,NW,36240206.19,16,35000000
"'Budhanilkantha, K'",K,40271779.3,Budhanilkantha,54403539.82,1.0,6,2.0,W,35035732.01,20,90000000
"'Budhanilkantha, K'",K,40271779.3,Budhanilkantha,54403539.82,21.0,5,2.0,E,40021095.89,20,80000000
"'Dhapasi, K'",K,40271779.3,Dhapasi,43197058.82,1.0,5,2.0,E,40021095.89,20,70000000
"'Baluwatar, K'",K,40271779.3,Baluwatar,77346153.85,10.0,6,3.0,W,35035732.01,20,130000000
"'Golfutar, K'",K,40271779.3,Golfutar,47734782.61,19.0,6,2.0,E,40021095.89,20,100000000
"'Banasthali, K'",K,40271779.3,Banasthali,47525000.0,12.0,5,3.0,E,40021095.89,13,100000000
"'Lubhu, L'",L,34535434.84,Lubhu,20353333.33,3.0,3,3.0,SE,41320000.0,11,11000000
"'Budhanilkantha, K'",K,40271779.3,Budhanilkantha,54403539.82,8.0,5,2.0,E,40021095.89,20,50000000
"'Baluwatar, K'",K,40271779.3,Baluwatar,77346153.85,12.0,10,3.5,N,36524064.17,20,100000000
"'Sukedhara, K'",K,40271779.3,Sukedhara,38941379.31,4.0,6,2.5,SE,41320000.0,12,32500000
"'Chapali, K'",K,40271779.3,Chapali,41350000.0,4.0,5,3.0,NW,36240206.19,14,39900000
"'Budhanilkantha, K'",K,40271779.3,Budhanilkantha,54403539.82,5.0,2,1.0,S,38378801.08,12,15000000
"'Budhanilkantha, K'",K,40271779.3,Budhanilkantha,54403539.82,8.0,5,3.0,SE,41320000.0,20,52500000
"'Budhanilkantha, K'",K,40271779.3,Budhanilkantha,54403539.82,4.0,6,3.0,E,40021095.89,13,26500000
"'Sitapaila, K'",K,40271779.3,Sitapaila,32122471.91,4.0,6,3.0,E,40021095.89,13,25500000
"'Narephate, K'",K,40271779.3,Narephate,31166666.67,6.0,6,2.5,E,40021095.89,20,33000000
"'Sipadol, B'",B,29873684.19,Sipadol,19125000.0,3.0,7,3.0,E,40021095.89,10,20500000
"'Budhanilkantha, K'",K,40271779.3,Budhanilkantha,54403539.82,19.0,5,3.0,S,38378801.08,20,55000000
"'Sitapaila, K'",K,40271779.3,Sitapaila,32122471.91,4.0,4,2.5,E,40021095.89,13,24000000
"'Dhapasi, K'",K,40271779.3,Dhapasi,43197058.82,6.1,6,3.0,SE,41320000.0,32,37000000
"'Golfutar, K'",K,40271779.3,Golfutar,47734782.61,19.0,6,3.0,E,40021095.89,13,102500000
"'Imadol, L'",L,34535434.84,Imadol,26245555.56,4.0,7,3.5,S,38378801.08,13,22000000
"'Pepsicola, K'",K,40271779.3,Pepsicola,37138888.89,6.5,6,3.0,E,40021095.89,16,58500000
"'Imadol, L'",L,34535434.84,Imadol,26245555.56,3.0,4,2.5,E,40021095.89,13,18500000
"'Imadol, L'",L,34535434.84,Imadol,26245555.56,3.0,4,2.5,E,40021095.89,13,21000000
"'Imadol, L'",L,34535434.84,Imadol,26245555.56,3.0,5,3.0,S,38378801.08,13,17500000
"'Baluwatar, K'",K,40271779.3,Baluwatar,77346153.85,10.0,5,3.0,E,40021095.89,15,130000000
"'Budhanilkantha, K'",K,40271779.3,Budhanilkantha,54403539.82,21.0,8,4.0,E,40021095.89,15,105000000
"'Budhanilkantha, K'",K,40271779.3,Budhanilkantha,54403539.82,64.0,5,3.0,S,38378801.08,15,105000000
"'Kapan, K'",K,40271779.3,Kapan,24537096.77,4.0,6,3.0,E,40021095.89,16,27500000
"'Mandikhatar, K'",K,40271779.3,Mandikhatar,45133333.33,7.0,7,4.0,E,40021095.89,15,40000000
"'Hattigauda, K'",K,40271779.3,Hattigauda,40888888.89,5.0,6,3.0,W,35035732.01,14,26500000
"'Budhanilkantha, K'",K,40271779.3,Budhanilkantha,54403539.82,3.1,6,3.0,NE,38939095.74,18,22500000
"'Budhanilkantha, K'",K,40271779.3,Budhanilkantha,54403539.82,11.0,6,3.0,SE,41320000.0,15,60000000
"'Baluwatar, K'",K,40271779.3,Baluwatar,77346153.85,30.0,6,3.0,E,40021095.89,15,250000000
"'Tokha, K'",K,40271779.3,Tokha,26794117.65,9.0,9,4.0,E,40021095.89,13,40000000
"'Sukedhara, K'",K,40271779.3,Sukedhara,38941379.31,3.5,6,3.0,E,40021095.89,15,30000000
"'Maligaon, K'",K,40271779.3,Maligaon,65000000.0,12.0,6,3.0,E,40021095.89,14,65000000
"'Budhanilkantha, K'",K,40271779.3,Budhanilkantha,54403539.82,5.0,5,3.0,N,36524064.17,13,33000000
"'Budhanilkantha, K'",K,40271779.3,Budhanilkantha,54403539.82,4.0,5,2.0,W,35035732.01,13,30500000
"'Mandikhatar, K'",K,40271779.3,Mandikhatar,45133333.33,3.1,2,1.0,SW,39995597.48,13,14000000
"'Budhanilkantha, K'",K,40271779.3,Budhanilkantha,54403539.82,4.0,6,3.0,SE,41320000.0,13,28000000
"'Tokha, K'",K,40271779.3,Tokha,26794117.65,4.0,10,4.0,SE,41320000.0,26,41000000
"'Budhanilkantha, K'",K,40271779.3,Budhanilkantha,54403539.82,4.5,6,3.0,E,40021095.89,14,27000000
"'Tokha, K'",K,40271779.3,Tokha,26794117.65,3.1,5,3.0,E,40021095.89,13,22000000
"'Budhanilkantha, K'",K,40271779.3,Budhanilkantha,54403539.82,8.0,5,3.0,SE,41320000.0,15,37000000
"'Baluwatar, K'",K,40271779.3,Baluwatar,77346153.85,6.0,4,2.5,SW,39995597.48,13,46000000
"'Naikap, K'",K,40271779.3,Naikap,27187500.0,4.0,5,3.0,E,40021095.89,13,22500000
"'Balkot, B'",B,29873684.19,Balkot,33999999.9,4.5,3,2.0,N,36524064.17,20,29000000
"'Bazar, K'",K,40271779.3,Bazar,35333333.33,3.0,3,3.0,E,40021095.89,20,31000000
"'Nakhudole, L'",L,34535434.84,Nakhudole,24250000.0,42.0,3,2.0,E,40021095.89,13,25000000
"'Jorpati, K'",K,40271779.3,Jorpati,21412500.0,1.0,5,3.0,SW,39995597.48,12,21000000
"'Makalbari, K'",K,40271779.3,Makalbari,23000000.0,4.0,7,2.5,W,35035732.01,10,20000000
"'Sipadol, B'",B,29873684.19,Sipadol,19125000.0,3.0,7,3.5,W,35035732.01,20,19000000
"'Dhapasi, K'",K,40271779.3,Dhapasi,43197058.82,2.4,8,3.0,S,38378801.08,12,40000000
"'Imadol, L'",L,34535434.84,Imadol,26245555.56,3.0,2,1.0,W,35035732.01,20,12500000
"'Imadol, L'",L,34535434.84,Imadol,26245555.56,3.0,5,2.5,E,40021095.89,20,19500000
"'Imadol, L'",L,34535434.84,Imadol,26245555.56,3.0,5,2.5,W,35035732.01,20,22000000
"'Imadol, L'",L,34535434.84,Imadol,26245555.56,4.0,4,2.5,E,40021095.89,20,21500000
"'Imadol, L'",L,34535434.84,Imadol,26245555.56,3.0,4,2.5,NE,38939095.74,20,19500000
"'Imadol, L'",L,34535434.84,Imadol,26245555.56,3.0,4,2.5,S,38378801.08,13,19000000
"'Imadol, L'",L,34535434.84,Imadol,26245555.56,3.0,4,2.5,S,38378801.08,13,18000000
"'Swayambhu, K'",K,40271779.3,Swayambhu,34017647.06,5.0,8,3.0,S,38378801.08,12,37000000
"'Swayambhu, K'",K,40271779.3,Swayambhu,34017647.06,4.0,6,3.0,S,38378801.08,12,34000000
"'Manamaiju, K'",K,40271779.3,Manamaiju,31454545.45,4.0,8,3.0,S,38378801.08,16,26000000
"'Imadol, L'",L,34535434.84,Imadol,26245555.56,3.3,6,3.0,N,36524064.17,10,23500000
"'Kalanki, K'",K,40271779.3,Kalanki,26308823.53,4.0,4,2.5,NW,36240206.19,10,17000000
"'Imadol, L'",L,34535434.84,Imadol,26245555.56,3.0,2,1.5,S,38378801.08,13,12500000
"'Budhanilkantha, K'",K,40271779.3,Budhanilkantha,54403539.82,11.0,4,3.0,SW,39995597.48,22,45000000
"'Tikathali, L'",L,34535434.84,Tikathali,21964285.71,3.0,2,1.5,S,38378801.08,13,12500000
"'Imadol, L'",L,34535434.84,Imadol,26245555.56,3.0,4,2.5,NW,36240206.19,13,19000000
"'Kadaghari, K'",K,40271779.3,Kadaghari,18933333.33,4.0,2,1.5,SW,39995597.48,20,15500000
"'Bhaisepati, L'",L,34535434.84,Bhaisepati,47003669.23,3.51,3,5.0,E,40021095.89,40,16500000
"'Manamaiju, K'",K,40271779.3,Manamaiju,31454545.45,3.0,5,3.0,W,35035732.01,14,17000000
"'Godawari, L'",L,34535434.84,Godawari,27200000.0,5.0,3,2.0,W,35035732.01,16,12500000
"'Imadol, L'",L,34535434.84,Imadol,26245555.56,4.0,5,2.5,NW,36240206.19,10,22000000
"'Tikathali, L'",L,34535434.84,Tikathali,21964285.71,3.0,2,1.5,W,35035732.01,13,11000000
"'Imadol, L'",L,34535434.84,Imadol,26245555.56,3.0,4,1.5,NE,38939095.74,13,13000000
"'Hattisar, K'",K,40271779.3,Hattisar,46750000.0,5.0,3,3.0,S,38378801.08,20,50000000
"'Tokha, K'",K,40271779.3,Tokha,26794117.65,5.0,6,3.0,N,36524064.17,14,30000000
"'Bhaisepati, L'",L,34535434.84,Bhaisepati,47003669.23,4.3,4,3.0,S,38378801.08,12,31500000
"'Harisiddhi, L'",L,34535434.84,Harisiddhi,24777777.78,3.0,3,3.0,SE,41320000.0,18,18000000
"'Budhanilkantha, K'",K,40271779.3,Budhanilkantha,54403539.82,8.0,4,3.0,SW,39995597.48,20,57500000
"'Shankhamul, K'",K,40271779.3,Shankhamul,43166666.67,3.0,7,2.5,W,35035732.01,12,35000000
"'Chabahil, K'",K,40271779.3,Chabahil,83909090.91,2.5,6,4.0,E,40021095.89,20,25000000
"'Golfutar, K'",K,40271779.3,Golfutar,47734782.61,4.0,5,3.0,S,38378801.08,20,37000000
"'Budhanilkantha, K'",K,40271779.3,Budhanilkantha,54403539.82,5.0,5,2.0,E,40021095.89,20,36500000
"'Golfutar, K'",K,40271779.3,Golfutar,47734782.61,3.0,5,2.0,E,40021095.89,20,102500000
"'Sano bharyang, K'",K,40271779.3,Sano Bharyang,35300000.0,3.0,5,3.0,E,40021095.89,14,22500000
"'Bharyang, K'",K,40271779.3,Bharyang,74412500.0,3.0,5,3.0,E,40021095.89,15,23500000
"'Budhanilkantha, K'",K,40271779.3,Budhanilkantha,54403539.82,3.0,4,3.0,E,40021095.89,15,22500000
"'Budhanilkantha, K'",K,40271779.3,Budhanilkantha,54403539.82,4.0,5,3.0,E,40021095.89,15,32500000
"'Chapali, K'",K,40271779.3,Chapali,41350000.0,12.0,5,3.0,E,40021095.89,15,42500000
"'Thankot, K'",K,40271779.3,Thankot,16989743.59,4.0,10,2.0,E,40021095.89,3,11000000
"'Sukedhara, K'",K,40271779.3,Sukedhara,38941379.31,5.0,5,2.0,E,40021095.89,12,42500000
"'Budhanilkantha, K'",K,40271779.3,Budhanilkantha,54403539.82,6.0,5,2.0,E,40021095.89,18,35000000
"'Sukedhara, K'",K,40271779.3,Sukedhara,38941379.31,6.0,6,3.0,E,40021095.89,20,45000000
"'Manamaiju, K'",K,40271779.3,Manamaiju,31454545.45,3.75,5,3.0,E,40021095.89,12,17000000
"'Goldhunga, K'",K,40271779.3,Goldhunga,20686666.67,3.0,6,2.5,SE,41320000.0,10,16500000
"'Sitapaila, K'",K,40271779.3,Sitapaila,32122471.91,3.0,4,2.5,E,40021095.89,13,20500000
"'Imadol, L'",L,34535434.84,Imadol,26245555.56,4.75,7,3.0,NE,38939095.74,13,25000000
"'Imadol, L'",L,34535434.84,Imadol,26245555.56,4.0,4,1.0,SW,39995597.48,20,21000000
"'Kapan, K'",K,40271779.3,Kapan,24537096.77,1.26,6,3.0,S,38378801.08,13,18000000
"'Gairgaun, K'",K,40271779.3,Gairgaun,35300000.0,5.0,4,3.0,E,40021095.89,14,55000000
"'Budhanilkantha, K'",K,40271779.3,Budhanilkantha,54403539.82,6.0,5,3.0,NE,38939095.74,13,45000000
"'Sano bharyang, K'",K,40271779.3,Sano Bharyang,35300000.0,3.1,6,3.0,E,40021095.89,14,22500000
"'Swayambhu, K'",K,40271779.3,Swayambhu,34017647.06,3.0,6,3.0,E,40021095.89,13,23500000
"'Bhaisepati, L'",L,34535434.84,Bhaisepati,47003669.23,4.0,4,2.0,NE,38939095.74,40,28200000
"'Kadaghari, K'",K,40271779.3,Kadaghari,18933333.33,3.0,2,1.0,E,40021095.89,10,13000000
"'Budhanilkantha, K'",K,40271779.3,Budhanilkantha,54403539.82,4.0,5,3.0,E,40021095.89,13,32500000
"'Satungal, K'",K,40271779.3,Satungal,20550000.0,5.0,11,3.0,N,36524064.17,13,26000000
"'Chapali, K'",K,40271779.3,Chapali,41350000.0,5.0,7,4.0,SE,41320000.0,13,24000000
"'Dhapakhel, L'",L,34535434.84,Dhapakhel,27325000.0,2.0,3,2.5,W,35035732.01,12,17700000
"'Pasikot, K'",K,40271779.3,Pasikot,37148571.43,3.0,5,3.0,NE,38939095.74,14,16800000
"'Budhanilkantha, K'",K,40271779.3,Budhanilkantha,54403539.82,5.5,6,3.0,NE,38939095.74,30,34000000
"'Budhanilkantha, K'",K,40271779.3,Budhanilkantha,54403539.82,3.0,5,3.0,SE,41320000.0,14,22500000
"'Chapali, K'",K,40271779.3,Chapali,41350000.0,12.0,5,3.0,SE,41320000.0,14,42500000
"'Baluwatar, K'",K,40271779.3,Baluwatar,77346153.85,5.0,7,2.5,N,36524064.17,10,41000000
"'Bhaisepati, L'",L,34535434.84,Bhaisepati,47003669.23,7.0,8,4.0,NW,36240206.19,12,37500000
"'Tinthana, K'",K,40271779.3,Tinthana,17000000.0,3.0,5,2.5,E,40021095.89,13,16000000
"'Tikathali, L'",L,34535434.84,Tikathali,21964285.71,4.0,6,2.5,W,35035732.01,20,21500000
"'Baluwatar, K'",K,40271779.3,Baluwatar,77346153.85,6.0,5,2.5,S,38378801.08,13,60000000
"'Pasikot, K'",K,40271779.3,Pasikot,37148571.43,21.0,6,3.0,E,40021095.89,15,81000000
"'Pasikot, K'",K,40271779.3,Pasikot,37148571.43,12.0,5,2.0,N,36524064.17,22,55000000
"'Thankot, K'",K,40271779.3,Thankot,16989743.59,3.0,6,3.0,W,35035732.01,23,13000000
"'Nagarjun, K'",K,40271779.3,Nagarjun,44030000.0,3.25,5,3.0,N,36524064.17,15,17500000
"'Naxal, K'",K,40271779.3,Naxal,68200000.0,12.0,6,2.0,E,40021095.89,12,65000000
"'Bafal, K'",K,40271779.3,Bafal,36767857.14,4.0,7,3.0,S,38378801.08,10,31000000
"'Imadol, L'",L,34535434.84,Imadol,26245555.56,3.0,5,3.0,NE,38939095.74,20,19500000
"'Budhanilkantha, K'",K,40271779.3,Budhanilkantha,54403539.82,8.0,5,2.0,E,40021095.89,20,65000000
"'Budhanilkantha, K'",K,40271779.3,Budhanilkantha,54403539.82,20.0,6,2.0,E,40021095.89,18,150000000
"'Budhanilkantha, K'",K,40271779.3,Budhanilkantha,54403539.82,96.0,5,2.0,E,40021095.89,18,250000000
"'Budhanilkantha, K'",K,40271779.3,Budhanilkantha,54403539.82,6.0,6,3.0,E,40021095.89,16,37000000
"'Budhanilkantha, K'",K,40271779.3,Budhanilkantha,54403539.82,3.0,4,2.0,E,40021095.89,15,19000000
"'Baluwatar, K'",K,40271779.3,Baluwatar,77346153.85,12.0,6,3.0,E,40021095.89,16,105000000
"'Dhapasi, K'",K,40271779.3,Dhapasi,43197058.82,8.0,5,3.0,SE,41320000.0,22,65000000
"'Imadol, L'",L,34535434.84,Imadol,26245555.56,3.0,5,2.5,W,35035732.01,20,19500000
"'Sitapaila, K'",K,40271779.3,Sitapaila,32122471.91,4.0,8,3.0,W,35035732.01,14,24000000
"'Tikathali, L'",L,34535434.84,Tikathali,21964285.71,1.1,5,4.0,E,40021095.89,15,20000000
"'Imadol, L'",L,34535434.84,Imadol,26245555.56,4.0,6,3.0,W,35035732.01,13,23500000
"'Jorpati, K'",K,40271779.3,Jorpati,21412500.0,3.0,4,2.0,S,38378801.08,18,24000000
"'Tikathali, L'",L,34535434.84,Tikathali,21964285.71,9.0,4,3.0,S,38378801.08,15,40000000
"'Balkot, B'",B,29873684.19,Balkot,33999999.9,5.0,4,3.0,S,38378801.08,28,39999999
"'Shantinagar, K'",K,40271779.3,Shantinagar,46114285.71,7.0,7,3.0,W,35035732.01,13,43500000
"'Basundhara, K'",K,40271779.3,Basundhara,40705882.35,2.5,4,2.0,E,40021095.89,16,22500000
"'Samakhusi, K'",K,40271779.3,Samakhusi,44224137.93,13.0,5,3.0,E,40021095.89,20,85000000
"'Budhanilkantha, K'",K,40271779.3,Budhanilkantha,54403539.82,21.0,6,3.0,E,40021095.89,20,160000000
"'Samakhusi, K'",K,40271779.3,Samakhusi,44224137.93,11.0,12,4.0,E,40021095.89,13,61000000
"'Golfutar, K'",K,40271779.3,Golfutar,47734782.61,6.0,6,3.0,E,40021095.89,15,45000000
"'Chabahil, K'",K,40271779.3,Chabahil,83909090.91,4.5,5,3.0,E,40021095.89,14,49500000
"'Baniyatar, K'",K,40271779.3,Baniyatar,29888888.89,3.5,6,3.0,NE,38939095.74,15,24000000
"'Basundhara, K'",K,40271779.3,Basundhara,40705882.35,8.0,6,3.0,SW,39995597.48,20,45000000
"'Basundhara, K'",K,40271779.3,Basundhara,40705882.35,10.0,7,3.0,S,38378801.08,15,60000000
"'Basundhara, K'",K,40271779.3,Basundhara,40705882.35,2.5,5,3.0,E,40021095.89,14,22500000
"'Dhapasi, K'",K,40271779.3,Dhapasi,43197058.82,12.0,5,3.0,S,38378801.08,22,69000000
"'Budhanilkantha, K'",K,40271779.3,Budhanilkantha,54403539.82,17.0,5,3.0,SW,39995597.48,14,62000000
"'Dhapasi, K'",K,40271779.3,Dhapasi,43197058.82,12.0,7,3.0,SE,41320000.0,20,69000000
"'Naxal, K'",K,40271779.3,Naxal,68200000.0,12.0,6,2.0,E,40021095.89,16,65000000
"'Sukedhara, K'",K,40271779.3,Sukedhara,38941379.31,6.0,8,4.0,SE,41320000.0,20,42000000
"'Imadol, L'",L,34535434.84,Imadol,26245555.56,3.0,2,1.35,NE,38939095.74,10,13000000
"'Imadol, L'",L,34535434.84,Imadol,26245555.56,3.0,2,1.5,N,36524064.17,10,12700000
"'Imadol, L'",L,34535434.84,Imadol,26245555.56,2.0,2,1.5,W,35035732.01,16,11000000
"'Imadol, L'",L,34535434.84,Imadol,26245555.56,3.0,2,1.5,W,35035732.01,13,12000000
"'Tikathali, L'",L,34535434.84,Tikathali,21964285.71,3.0,2,1.5,E,40021095.89,13,12500000
"'Budhanilkantha, K'",K,40271779.3,Budhanilkantha,54403539.82,3.0,8,3.0,N,36524064.17,10,19000000
"'Tikathali, L'",L,34535434.84,Tikathali,21964285.71,3.0,2,1.5,S,38378801.08,13,11500000
"'Tikathali, L'",L,34535434.84,Tikathali,21964285.71,4.0,2,1.5,NE,38939095.74,16,15000000
"'Tikathali, L'",L,34535434.84,Tikathali,21964285.71,3.0,2,1.5,E,40021095.89,13,11000000
"'Bhangal, K'",K,40271779.3,Bhangal,26641463.41,4.0,5,3.0,W,35035732.01,13,23000000
"'Baluwatar, K'",K,40271779.3,Baluwatar,77346153.85,5.5,7,4.0,E,40021095.89,14,60000000
"'Baluwatar, K'",K,40271779.3,Baluwatar,77346153.85,5.5,5,4.0,E,40021095.89,13,60000000
"'Basundhara, K'",K,40271779.3,Basundhara,40705882.35,4.0,7,3.0,E,40021095.89,14,25500000
"'Samakhusi, K'",K,40271779.3,Samakhusi,44224137.93,7.0,5,2.0,SE,41320000.0,14,55000000
"'Kapan, K'",K,40271779.3,Kapan,24537096.77,3.3,5,2.0,E,40021095.89,13,24000000
"'Samakhusi, K'",K,40271779.3,Samakhusi,44224137.93,7.0,5,3.0,S,38378801.08,14,55000000
"'Basundhara, K'",K,40271779.3,Basundhara,40705882.35,3.75,7,4.0,SW,39995597.48,14,25500000
"'Mandikhatar, K'",K,40271779.3,Mandikhatar,45133333.33,4.0,6,2.0,E,40021095.89,15,27500000
"'Budhanilkantha, K'",K,40271779.3,Budhanilkantha,54403539.82,10.0,5,2.0,E,40021095.89,16,63000000
"'Budhanilkantha, K'",K,40271779.3,Budhanilkantha,54403539.82,17.0,5,2.0,E,40021095.89,20,60000000
"'Budhanilkantha, K'",K,40271779.3,Budhanilkantha,54403539.82,6.0,6,3.0,E,40021095.89,30,34500000
"'Baluwatar, K'",K,40271779.3,Baluwatar,77346153.85,5.2,3,2.0,E,40021095.89,15,39500000
"'Imadol, L'",L,34535434.84,Imadol,26245555.56,5.0,4,1.5,NE,38939095.74,4,12000000
"'Tikathali, L'",L,34535434.84,Tikathali,21964285.71,3.0,2,1.0,E,40021095.89,13,12500000
"'Imadol, L'",L,34535434.84,Imadol,26245555.56,3.75,4,3.0,W,35035732.01,13,23500000
"'Imadol, L'",L,34535434.84,Imadol,26245555.56,3.0,6,3.0,E,40021095.89,13,27000000
"'Bharyang, K'",K,40271779.3,Bharyang,74412500.0,3.0,5,3.0,E,40021095.89,13,235000000
"'Mandikhatar, K'",K,40271779.3,Mandikhatar,45133333.33,4.0,7,3.0,E,40021095.89,13,27600000
"'Chabahil, K'",K,40271779.3,Chabahil,83909090.91,4.5,4,2.0,E,40021095.89,16,50000000
"'Banasthali, K'",K,40271779.3,Banasthali,47525000.0,3.0,4,2.0,E,40021095.89,15,22500000
"'Budhanilkantha, K'",K,40271779.3,Budhanilkantha,54403539.82,22.0,6,3.0,E,40021095.89,15,70000000
"'Chabahil, K'",K,40271779.3,Chabahil,83909090.91,4.5,5,3.0,E,40021095.89,15,500000000
"'Budhanilkantha, K'",K,40271779.3,Budhanilkantha,54403539.82,21.0,10,4.0,E,40021095.89,20,160000000
"'Baluwatar, K'",K,40271779.3,Baluwatar,77346153.85,6.0,6,3.0,SE,41320000.0,15,42500000
"'Budhanilkantha, K'",K,40271779.3,Budhanilkantha,54403539.82,3.1,5,3.0,N,36524064.17,13,18000000
"'Bhangal, K'",K,40271779.3,Bhangal,26641463.41,4.0,6,3.0,E,40021095.89,14,27500000
"'Shantinagar, K'",K,40271779.3,Shantinagar,46114285.71,5.0,5,2.5,W,35035732.01,15,33000000
"'Budhanilkantha, K'",K,40271779.3,Budhanilkantha,54403539.82,20.0,5,3.0,E,40021095.89,18,145000000
"'Satdobato, L'",L,34535434.84,Satdobato,41446666.67,5.0,5,3.0,S,38378801.08,8,3700000
"'Imadol, L'",L,34535434.84,Imadol,26245555.56,4.0,4,2.5,SW,39995597.48,20,21000000
"'Bhaisepati, L'",L,34535434.84,Bhaisepati,47003669.23,4.0,5,3.0,SE,41320000.0,13,28500000
"'Chapali, K'",K,40271779.3,Chapali,41350000.0,8.5,7,3.0,E,40021095.89,13,42000000
"'Gwarko, L'",L,34535434.84,Gwarko,27142857.14,3.0,3,2.5,S,38378801.08,13,21000000
"'Basundhara, K'",K,40271779.3,Basundhara,40705882.35,14.0,7,3.0,E,40021095.89,14,85000000
"'Kapan, K'",K,40271779.3,Kapan,24537096.77,3.5,8,10.0,N,36524064.17,10,17000000
"'Gothatar, K'",K,40271779.3,Gothatar,30709090.91,3.0,3,2.5,E,40021095.89,14,18500000
"'Kapan, K'",K,40271779.3,Kapan,24537096.77,3.0,4,3.0,W,35035732.01,16,17000000
"'Mandikhatar, K'",K,40271779.3,Mandikhatar,45133333.33,4.0,8,3.0,SE,41320000.0,20,32500000
"'Budhanilkantha, K'",K,40271779.3,Budhanilkantha,54403539.82,4.0,5,3.0,E,40021095.89,15,29800000
"'Hattigauda, K'",K,40271779.3,Hattigauda,40888888.89,5.5,5,3.0,NW,36240206.19,14,33500000
"'Budhanilkantha, K'",K,40271779.3,Budhanilkantha,54403539.82,5.0,7,3.0,SW,39995597.48,20,29900000
"'Basundhara, K'",K,40271779.3,Basundhara,40705882.35,5.3,6,3.0,S,38378801.08,14,49000000
"'Buddhanagar, K'",K,40271779.3,Buddhanagar,29900000.0,3.0,5,2.5,S,38378801.08,10,29900000
"'Tokha, K'",K,40271779.3,Tokha,26794117.65,3.0,6,3.0,E,40021095.89,13,21000000
"'Golfutar, K'",K,40271779.3,Golfutar,47734782.61,19.0,6,3.0,E,40021095.89,13,100000000
"'Hattigauda, K'",K,40271779.3,Hattigauda,40888888.89,6.0,5,3.0,N,36524064.17,13,45000000
"'Tokha, K'",K,40271779.3,Tokha,26794117.65,4.0,6,3.0,SE,41320000.0,14,33500000
"'Hattigauda, K'",K,40271779.3,Hattigauda,40888888.89,4.0,5,3.0,N,36524064.17,15,28500000
"'Basundhara, K'",K,40271779.3,Basundhara,40705882.35,11.0,5,3.0,E,40021095.89,16,50000000
"'Bazar, K'",K,40271779.3,Bazar,35333333.33,5.0,5,3.0,E,40021095.89,20,35000000
"'Budhanilkantha, K'",K,40271779.3,Budhanilkantha,54403539.82,8.5,5,3.0,W,35035732.01,13,49000000
"'Bharyang, K'",K,40271779.3,Bharyang,74412500.0,7.0,5,3.0,E,40021095.89,15,39000000
"'Tokha, K'",K,40271779.3,Tokha,26794117.65,4.0,6,3.0,E,40021095.89,13,29000000
"'Budhanilkantha, K'",K,40271779.3,Budhanilkantha,54403539.82,5.0,5,3.0,S,38378801.08,16,44500000
"'Basundhara, K'",K,40271779.3,Basundhara,40705882.35,4.1,5,3.0,E,40021095.89,16,29800000
"'Sanepa, L'",L,34535434.84,Sanepa,71436842.11,5.26,3,13.0,S,38378801.08,20,45000000
"'Baneshwor, K'",K,40271779.3,Baneshwor,51242857.14,4.0,6,3.0,E,40021095.89,15,38700000
"'Baneshwor, K'",K,40271779.3,Baneshwor,51242857.14,4.0,6,3.0,E,40021095.89,13,39000000
"'Syuchatar, K'",K,40271779.3,Syuchatar,27519230.77,4.0,4,1.5,S,38378801.08,18,15000000
"'Bharyang, K'",K,40271779.3,Bharyang,74412500.0,14.0,9,5.5,N,36524064.17,20,155000000
"'Tinkune, K'",K,40271779.3,Tinkune,38750000.0,5.75,4,2.0,E,40021095.89,11,32500000
"'Dhobighat, L'",L,34535434.84,Dhobighat,61000000.0,20.0,4,2.5,S,38378801.08,16,90000000
"'Sitapaila, K'",K,40271779.3,Sitapaila,32122471.91,4.0,6,2.5,E,40021095.89,14,21000000
"'Imadol, L'",L,34535434.84,Imadol,26245555.56,3.0,5,2.5,S,38378801.08,20,21500000
"'Imadol, L'",L,34535434.84,Imadol,26245555.56,3.0,6,2.5,S,38378801.08,20,22500000
"'Golfutar, K'",K,40271779.3,Golfutar,47734782.61,7.0,4,2.0,E,40021095.89,20,35000000
"'Mandikhatar, K'",K,40271779.3,Mandikhatar,45133333.33,14.0,5,2.0,E,40021095.89,16,60000000
"'Basundhara, K'",K,40271779.3,Basundhara,40705882.35,5.0,4,2.0,E,40021095.89,15,36500000
"'Hattigauda, K'",K,40271779.3,Hattigauda,40888888.89,5.0,4,2.0,SE,41320000.0,15,37500000
"'Tokha, K'",K,40271779.3,Tokha,26794117.65,3.1,4,2.0,E,40021095.89,12,25000000
"'Budhanilkantha, K'",K,40271779.3,Budhanilkantha,54403539.82,4.0,4,2.0,E,40021095.89,14,24000000
"'Basundhara, K'",K,40271779.3,Basundhara,40705882.35,4.75,4,3.0,E,40021095.89,15,35500000
"'Hattigauda, K'",K,40271779.3,Hattigauda,40888888.89,5.5,4,2.0,E,40021095.89,15,35500000
"'Tokha, K'",K,40271779.3,Tokha,26794117.65,4.0,4,2.0,E,40021095.89,13,29500000
"'Kapan, K'",K,40271779.3,Kapan,24537096.77,4.5,4,2.0,SE,41320000.0,14,28000000
"'Dhapasi, K'",K,40271779.3,Dhapasi,43197058.82,5.0,4,2.0,E,40021095.89,15,35000000
"'Chapali, K'",K,40271779.3,Chapali,41350000.0,12.0,4,2.0,SE,41320000.0,16,57500000
"'Golfutar, K'",K,40271779.3,Golfutar,47734782.61,9.0,4,2.0,SE,41320000.0,20,55000000
"'Maharajgunj, K'",K,40271779.3,Maharajgunj,66125000.0,8.0,4,2.0,SE,41320000.0,14,55000000
"'Samakhusi, K'",K,40271779.3,Samakhusi,44224137.93,5.0,6,2.0,E,40021095.89,15,35000000
"'Budhanilkantha, K'",K,40271779.3,Budhanilkantha,54403539.82,6.0,5,2.0,NE,38939095.74,15,36000000
"'Kapan, K'",K,40271779.3,Kapan,24537096.77,4.0,4,2.0,NE,38939095.74,14,26000000
"'Golfutar, K'",K,40271779.3,Golfutar,47734782.61,9.0,5,2.0,SE,41320000.0,16,47500000
"'Kapan, K'",K,40271779.3,Kapan,24537096.77,3.2,5,3.0,E,40021095.89,13,18200000
"'Kapan, K'",K,40271779.3,Kapan,24537096.77,4.0,6,3.0,E,40021095.89,14,26000000
"'Swayambhu, K'",K,40271779.3,Swayambhu,34017647.06,7.0,5,3.0,E,40021095.89,14,39000000
"'Hattigauda, K'",K,40271779.3,Hattigauda,40888888.89,5.5,5,3.0,NW,36240206.19,13,33500000
"'Basundhara, K'",K,40271779.3,Basundhara,40705882.35,7.0,5,3.0,E,40021095.89,14,39900000
"'Mandikhatar, K'",K,40271779.3,Mandikhatar,45133333.33,4.0,8,4.0,SE,41320000.0,20,32500000
"'Budhanilkantha, K'",K,40271779.3,Budhanilkantha,54403539.82,5.0,5,3.0,S,38378801.08,14,29000000
"'Budhanilkantha, K'",K,40271779.3,Budhanilkantha,54403539.82,6.0,5,3.0,E,40021095.89,13,36000000
"'Golfutar, K'",K,40271779.3,Golfutar,47734782.61,9.0,4,3.0,E,40021095.89,15,47500000
"'Imadol, L'",L,34535434.84,Imadol,26245555.56,2.0,5,2.5,W,35035732.01,13,15000000
"'Imadol, L'",L,34535434.84,Imadol,26245555.56,3.0,6,2.5,N,36524064.17,13,20000000
"'Samakhusi, K'",K,40271779.3,Samakhusi,44224137.93,3.5,6,3.0,NW,36240206.19,13,23000000
"'Imadol, L'",L,34535434.84,Imadol,26245555.56,3.0,5,2.5,W,35035732.01,13,18500000
"'Hattigauda, K'",K,40271779.3,Hattigauda,40888888.89,4.0,6,3.0,NE,38939095.74,22,24500000
"'Bhangal, K'",K,40271779.3,Bhangal,26641463.41,4.0,6,3.0,E,40021095.89,18,23800000
"'Budhanilkantha, K'",K,40271779.3,Budhanilkantha,54403539.82,4.5,5,3.0,SW,39995597.48,14,31000000
"'Tokha, K'",K,40271779.3,Tokha,26794117.65,4.0,6,3.0,S,38378801.08,13,29000000
"'Maharajgunj, K'",K,40271779.3,Maharajgunj,66125000.0,8.0,5,3.0,S,38378801.08,15,56000000
"'Maharajgunj, K'",K,40271779.3,Maharajgunj,66125000.0,9.0,5,3.0,SE,41320000.0,20,67500000
"'Samakhusi, K'",K,40271779.3,Samakhusi,44224137.93,3.75,6,3.0,E,40021095.89,13,37500000
"'Samakhusi, K'",K,40271779.3,Samakhusi,44224137.93,4.75,6,3.0,E,40021095.89,13,35000000
"'Imadol, L'",L,34535434.84,Imadol,26245555.56,3.0,5,2.5,E,40021095.89,20,22000000
"'Imadol, L'",L,34535434.84,Imadol,26245555.56,3.0,5,2.5,E,40021095.89,13,19500000
"'Lubhu, L'",L,34535434.84,Lubhu,20353333.33,3.0,5,2.5,S,38378801.08,20,17000000
"'Imadol, L'",L,34535434.84,Imadol,26245555.56,3.0,6,2.5,S,38378801.08,16,17500000
"'Imadol, L'",L,34535434.84,Imadol,26245555.56,3.0,5,2.5,SE,41320000.0,13,17500000
"'Naikap, K'",K,40271779.3,Naikap,27187500.0,6.0,11,2.5,S,38378801.08,11,22000000
"'Narephate, K'",K,40271779.3,Narephate,31166666.67,3.0,5,2.5,E,40021095.89,13,22000000
"'Nagarjun, K'",K,40271779.3,Nagarjun,44030000.0,3.1,5,3.0,N,36524064.17,15,17500000
"'Tokha, K'",K,40271779.3,Tokha,26794117.65,4.0,4,2.0,E,40021095.89,12,21000000
"'Imadol, L'",L,34535434.84,Imadol,26245555.56,3.0,4,2.5,S,38378801.08,13,17000000
"'Imadol, L'",L,34535434.84,Imadol,26245555.56,3.0,8,2.5,S,38378801.08,13,17000000
"'Imadol, L'",L,34535434.84,Imadol,26245555.56,3.0,10,3.0,S,38378801.08,13,22000000
"'Tarakeshwar, K'",K,40271779.3,Tarakeshwar,20000000.0,4.0,2,1.0,NE,38939095.74,13,11500000
"'Imadol, L'",L,34535434.84,Imadol,26245555.56,3.5,4,3.0,S,38378801.08,13,19700000
"'Baniyatar, K'",K,40271779.3,Baniyatar,29888888.89,4.0,6,3.0,E,40021095.89,20,29000000
"'Mandikhatar, K'",K,40271779.3,Mandikhatar,45133333.33,55.0,6,2.0,E,40021095.89,15,290000000
"'Hattigauda, K'",K,40271779.3,Hattigauda,40888888.89,5.5,6,3.0,E,40021095.89,13,45000000
"'Golfutar, K'",K,40271779.3,Golfutar,47734782.61,7.0,4,3.0,W,35035732.01,30,36000000
"'Hattigauda, K'",K,40271779.3,Hattigauda,40888888.89,5.5,5,3.0,NW,36240206.19,13,35500000
"'Bharyang, K'",K,40271779.3,Bharyang,74412500.0,2.75,3,3.0,SW,39995597.48,13,24100000
"'Budhanilkantha, K'",K,40271779.3,Budhanilkantha,54403539.82,7.5,5,3.0,E,40021095.89,20,40000000
"'Ason, K'",K,40271779.3,Ason,93750000.0,2.0,5,7.0,W,35035732.01,26,17500000
"'Thaiba, L'",L,34535434.84,Thaiba,30846153.85,3.0,3,3.0,S,38378801.08,20,20000000
"'Imadol, L'",L,34535434.84,Imadol,26245555.56,3.1,5,3.0,W,35035732.01,13,18000000
"'Gongabu, K'",K,40271779.3,Gongabu,42027777.78,3.2,4,2.5,N,36524064.17,13,26000000
"'Dhapasi, K'",K,40271779.3,Dhapasi,43197058.82,3.5,5,3.0,E,40021095.89,13,25500000
"'Chapali, K'",K,40271779.3,Chapali,41350000.0,3.5,5,3.0,E,40021095.89,15,68000000
"'Bhangal, K'",K,40271779.3,Bhangal,26641463.41,12.0,6,3.0,NE,38939095.74,20,21500000
"'Mandikhatar, K'",K,40271779.3,Mandikhatar,45133333.33,3.0,6,3.0,W,35035732.01,13,18200000
"'Pasikot, K'",K,40271779.3,Pasikot,37148571.43,21.0,4,3.0,E,40021095.89,14,80000000
"'Bhangal, K'",K,40271779.3,Bhangal,26641463.41,3.1,6,3.0,SW,39995597.48,12,19900000
"'Dhapasi, K'",K,40271779.3,Dhapasi,43197058.82,17.0,5,3.0,SW,39995597.48,15,72000000
"'Baluwatar, K'",K,40271779.3,Baluwatar,77346153.85,6.0,5,3.0,NE,38939095.74,13,60000000
"'Budhanilkantha, K'",K,40271779.3,Budhanilkantha,54403539.82,12.0,6,3.0,NW,36240206.19,15,57500000
"'Dhapasi, K'",K,40271779.3,Dhapasi,43197058.82,14.0,5,3.0,SE,41320000.0,20,66000000
"'Ekatabasti, K'",K,40271779.3,Ekatabasti,28400000.0,4.0,7,3.0,SW,39995597.48,13,29900000
"'Ekatabasti, K'",K,40271779.3,Ekatabasti,28400000.0,5.0,7,3.0,SE,41320000.0,13,29900000
"'Dhapasi, K'",K,40271779.3,Dhapasi,43197058.82,5.0,4,3.0,NE,38939095.74,20,33500000
"'Balkhu, K'",K,40271779.3,Balkhu,38742857.14,4.5,3,3.0,E,40021095.89,20,23000000
"'Swayambhu, K'",K,40271779.3,Swayambhu,34017647.06,3.1,5,3.0,NE,38939095.74,13,20600000
"'Manohara, K'",K,40271779.3,Manohara,26000000.0,4.0,5,3.0,W,35035732.01,26,26000000
"'Budhanilkantha, K'",K,40271779.3,Budhanilkantha,54403539.82,4.9,6,3.0,E,40021095.89,20,400000000
"'Budhanilkantha, K'",K,40271779.3,Budhanilkantha,54403539.82,7.0,4,3.0,SE,41320000.0,15,45000000
"'Guheshwori, K'",K,40271779.3,Guheshwori,28500000.0,4.0,8,3.0,NE,38939095.74,16,28500000
"'Imadol, L'",L,34535434.84,Imadol,26245555.56,2.3,2,1.0,E,40021095.89,13,11000000
"'Imadol, L'",L,34535434.84,Imadol,26245555.56,3.1,4,3.0,E,40021095.89,20,19200000
"'Ekatabasti, K'",K,40271779.3,Ekatabasti,28400000.0,5.5,5,3.0,E,40021095.89,13,36000000
"'Sitapaila, K'",K,40271779.3,Sitapaila,32122471.91,3.1,4,3.0,N,36524064.17,13,18000000
"'Budhanilkantha, K'",K,40271779.3,Budhanilkantha,54403539.82,13.0,5,3.0,E,40021095.89,15,72000000
"'Tokha, K'",K,40271779.3,Tokha,26794117.65,4.0,6,3.0,E,40021095.89,13,23000000
"'Mandikhatar, K'",K,40271779.3,Mandikhatar,45133333.33,3.14,6,3.0,SE,41320000.0,13,19900000
"'Samakhusi, K'",K,40271779.3,Samakhusi,44224137.93,4.0,7,4.0,E,40021095.89,14,40000000
"'Bhangal, K'",K,40271779.3,Bhangal,26641463.41,3.5,5,3.0,S,38378801.08,13,21500000
"'Basundhara, K'",K,40271779.3,Basundhara,40705882.35,16.0,4,2.0,W,35035732.01,14,70000000
"'Budhanilkantha, K'",K,40271779.3,Budhanilkantha,54403539.82,15.0,5,3.0,S,38378801.08,14,65000000
"'Dhumbarahi, K'",K,40271779.3,Dhumbarahi,59708333.33,8.0,7,3.0,E,40021095.89,13,62000000
"'Budhanilkantha, K'",K,40271779.3,Budhanilkantha,54403539.82,14.0,4,2.0,E,40021095.89,15,67500000
"'Budhanilkantha, K'",K,40271779.3,Budhanilkantha,54403539.82,5.5,4,2.0,E,40021095.89,15,32500000
"'Golfutar, K'",K,40271779.3,Golfutar,47734782.61,7.0,4,2.0,E,40021095.89,15,35000000
"'Budhanilkantha, K'",K,40271779.3,Budhanilkantha,54403539.82,4.2,4,2.0,E,40021095.89,14,31000000
"'Sukedhara, K'",K,40271779.3,Sukedhara,38941379.31,3.3,4,2.0,E,40021095.89,18,32500000
"'Mandikhatar, K'",K,40271779.3,Mandikhatar,45133333.33,3.1,4,3.0,E,40021095.89,15,20000000
"'Golfutar, K'",K,40271779.3,Golfutar,47734782.61,4.0,4,3.0,E,40021095.89,30,32500000
"'Budhanilkantha, K'",K,40271779.3,Budhanilkantha,54403539.82,5.0,10,3.0,N,36524064.17,15,22000000
"'Budhanilkantha, K'",K,40271779.3,Budhanilkantha,54403539.82,6.0,4,3.0,E,40021095.89,33,35000000
"'Banasthali, K'",K,40271779.3,Banasthali,47525000.0,5.0,7,4.0,S,38378801.08,16,37000000
"'Imadol, L'",L,34535434.84,Imadol,26245555.56,3.0,2,2.0,W,35035732.01,5,6500000
"'Ekatabasti, K'",K,40271779.3,Ekatabasti,28400000.0,4.5,7,3.0,E,40021095.89,13,27500000
"'Golfutar, K'",K,40271779.3,Golfutar,47734782.61,3.0,6,3.0,E,40021095.89,13,18000000
"'Kusunti, L'",L,34535434.84,Kusunti,47312500.0,5.2,4,3.0,NW,36240206.19,13,38500000
"'Mulpani, K'",K,40271779.3,Mulpani,20590909.09,4.0,4,4.0,E,40021095.89,22,35000000
"'Pepsicola, K'",K,40271779.3,Pepsicola,37138888.89,2.5,4,3.0,SE,41320000.0,13,13500000
"'Kapan, K'",K,40271779.3,Kapan,24537096.77,2.05,6,3.0,E,40021095.89,12,32500000
"'Satdobato, L'",L,34535434.84,Satdobato,41446666.67,10.0,3,2.0,E,40021095.89,20,70000000
"'Shantinagar, K'",K,40271779.3,Shantinagar,46114285.71,9.2,4,3.0,E,40021095.89,20,70000000
"'Imadol, L'",L,34535434.84,Imadol,26245555.56,2.3,3,3.0,NE,38939095.74,10,13500000
"'Imadol, L'",L,34535434.84,Imadol,26245555.56,3.0,2,1.0,NE,38939095.74,12,12000000
"'Mandikhatar, K'",K,40271779.3,Mandikhatar,45133333.33,5.0,6,3.0,E,40021095.89,13,27800000
"'Ghattekulo, K'",K,40271779.3,Ghattekulo,66250000.0,13.2,8,4.0,S,38378801.08,13,100000000
"'Budhanilkantha, K'",K,40271779.3,Budhanilkantha,54403539.82,15.0,5,3.0,SE,41320000.0,13,65000000
"'Golfutar, K'",K,40271779.3,Golfutar,47734782.61,10.0,6,3.0,E,40021095.89,20,56000000
"'Budhanilkantha, K'",K,40271779.3,Budhanilkantha,54403539.82,8.1,6,3.0,SE,41320000.0,15,44500000
"'Banasthali, K'",K,40271779.3,Banasthali,47525000.0,3.0,8,3.0,S,38378801.08,10,19000000
"'Kadaghari, K'",K,40271779.3,Kadaghari,18933333.33,2.2,3,1.0,N,36524064.17,4,7500000
"'Imadol, L'",L,34535434.84,Imadol,26245555.56,3.3,7,3.0,S,38378801.08,13,22500000
"'Baneshwor, K'",K,40271779.3,Baneshwor,51242857.14,7.0,7,2.0,SE,41320000.0,10,50000000
"'Balaju, K'",K,40271779.3,Balaju,93340000.0,3.0,7,4.0,N,36524064.17,13,25000000
"'Kaushaltar, B'",B,29873684.19,Kaushaltar,24300000.0,7.2,5,3.0,E,40021095.89,15,30000000
"'Bansbari, K'",K,40271779.3,Bansbari,52578947.37,5.0,2,3.0,S,38378801.08,13,28000000
"'Bhangal, K'",K,40271779.3,Bhangal,26641463.41,3.5,5,3.0,E,40021095.89,13,21500000
"'Budhanilkantha, K'",K,40271779.3,Budhanilkantha,54403539.82,5.0,7,3.0,E,40021095.89,20,25500000
"'Dhumbarahi, K'",K,40271779.3,Dhumbarahi,59708333.33,12.0,5,2.0,E,40021095.89,14,70000000
"'Banasthali, K'",K,40271779.3,Banasthali,47525000.0,5.3,5,3.0,N,36524064.17,20,39500000
"'Chabahil, K'",K,40271779.3,Chabahil,83909090.91,5.1,2,1.0,S,38378801.08,12,18000000
"'Sitapaila, K'",K,40271779.3,Sitapaila,32122471.91,3.0,3,3.0,E,40021095.89,14,22000000
"'Maharajgunj, K'",K,40271779.3,Maharajgunj,66125000.0,6.5,5,2.0,E,40021095.89,15,62500000
"'Dhapasi, K'",K,40271779.3,Dhapasi,43197058.82,8.0,6,3.0,SW,39995597.48,20,45000000
"'Budhanilkantha, K'",K,40271779.3,Budhanilkantha,54403539.82,11.0,6,2.0,N,36524064.17,20,130000000
"'Baneshwor, K'",K,40271779.3,Baneshwor,51242857.14,12.0,4,2.0,SE,41320000.0,20,120000000
"'Kapan, K'",K,40271779.3,Kapan,24537096.77,5.0,6,3.0,E,40021095.89,14,22000000
"'Tikathali, L'",L,34535434.84,Tikathali,21964285.71,4.0,3,2.0,W,35035732.01,13,17000000
"'Budhanilkantha, K'",K,40271779.3,Budhanilkantha,54403539.82,4.0,10,4.0,S,38378801.08,30,30000000
"'Thaiba, L'",L,34535434.84,Thaiba,30846153.85,4.0,4,3.0,E,40021095.89,13,19000000
"'Tarakeshwar, K'",K,40271779.3,Tarakeshwar,20000000.0,2.2,1,1.0,NW,36240206.19,10,12000000
"'Harisiddhi, L'",L,34535434.84,Harisiddhi,24777777.78,3.0,8,3.0,N,36524064.17,20,15500000
"'Samakhusi, K'",K,40271779.3,Samakhusi,44224137.93,4.0,5,3.0,E,40021095.89,15,44000000
"'Budhanilkantha, K'",K,40271779.3,Budhanilkantha,54403539.82,20.0,6,3.0,NW,36240206.19,20,100000000
"'Budhanilkantha, K'",K,40271779.3,Budhanilkantha,54403539.82,18.0,5,3.0,SE,41320000.0,20,96000000
"'Bhangal, K'",K,40271779.3,Bhangal,26641463.41,4.5,6,3.0,E,40021095.89,20,28500000
"'Samakhusi, K'",K,40271779.3,Samakhusi,44224137.93,5.0,11,4.0,N,36524064.17,13,30000000
"'Maharajgunj, K'",K,40271779.3,Maharajgunj,66125000.0,6.5,5,3.0,E,40021095.89,15,65000000
"'Bansbari, K'",K,40271779.3,Bansbari,52578947.37,18.0,4,3.0,NE,38939095.74,13,115000000
"'Dhapasi, K'",K,40271779.3,Dhapasi,43197058.82,6.2,6,3.0,W,35035732.01,32,35000000
"'Anamnagar, K'",K,40271779.3,Anamnagar,29500000.0,5.0,5,4.0,E,40021095.89,12,33000000
"'Samakhusi, K'",K,40271779.3,Samakhusi,44224137.93,3.0,9,3.0,S,38378801.08,13,22500000
"'Samakhusi, K'",K,40271779.3,Samakhusi,44224137.93,4.0,6,3.0,W,35035732.01,13,27500000
"'Imadol, L'",L,34535434.84,Imadol,26245555.56,4.0,6,3.0,SE,41320000.0,13,23800000
"'Swayambhu, K'",K,40271779.3,Swayambhu,34017647.06,4.0,10,3.0,S,38378801.08,12,23000000
"'Nakhu, L'",L,34535434.84,Nakhu,31019047.62,1.1,4,3.0,SW,39995597.48,16,26500000
"'Budhanilkantha, K'",K,40271779.3,Budhanilkantha,54403539.82,8.1,5,2.0,E,40021095.89,13,41000000
"'Budhanilkantha, K'",K,40271779.3,Budhanilkantha,54403539.82,4.5,6,3.0,E,40021095.89,13,25500000
"'Pepsicola, K'",K,40271779.3,Pepsicola,37138888.89,1.1,6,3.0,S,38378801.08,30,32000000
"'Gothatar, K'",K,40271779.3,Gothatar,30709090.91,2.2,8,3.0,W,35035732.01,13,14000000
"'Kadaghari, K'",K,40271779.3,Kadaghari,18933333.33,3.0,5,3.0,E,40021095.89,12,17000000
"'Imadol, L'",L,34535434.84,Imadol,26245555.56,3.0,2,1.0,NE,38939095.74,13,10000000
"'Imadol, L'",L,34535434.84,Imadol,26245555.56,3.2,9,4.0,NW,36240206.19,33,30000000
"'Kadaghari, K'",K,40271779.3,Kadaghari,18933333.33,5.0,11,2.0,W,35035732.01,15,22000000
"'Kadaghari, K'",K,40271779.3,Kadaghari,18933333.33,2.2,7,2.0,N,36524064.17,13,13200000
"'Imadol, L'",L,34535434.84,Imadol,26245555.56,3.2,5,3.0,N,36524064.17,13,19500000
"'Kapan, K'",K,40271779.3,Kapan,24537096.77,4.0,11,3.0,E,40021095.89,13,26500000
"'Kapan, K'",K,40271779.3,Kapan,24537096.77,4.0,11,3.0,N,36524064.17,13,25500000
"'Naikap, K'",K,40271779.3,Naikap,27187500.0,6.3,5,3.0,S,38378801.08,15,29500000
"'Imadol, L'",L,34535434.84,Imadol,26245555.56,2.2,4,3.0,S,38378801.08,13,15000000
"'Imadol, L'",L,34535434.84,Imadol,26245555.56,3.0,4,3.0,SE,41320000.0,10,19000000
"'Imadol, L'",L,34535434.84,Imadol,26245555.56,3.3,4,3.0,S,38378801.08,20,23500000
"'Imadol, L'",L,34535434.84,Imadol,26245555.56,3.0,5,3.0,NW,36240206.19,11,18000000
"'Imadol, L'",L,34535434.84,Imadol,26245555.56,3.1,3,3.0,S,38378801.08,13,18500000
"'Tokha, K'",K,40271779.3,Tokha,26794117.65,4.2,7,3.0,SE,41320000.0,10,24500000
"'Sanepa, L'",L,34535434.84,Sanepa,71436842.11,3.0,2,1.0,W,35035732.01,13,4800000
"'Baghdol, L'",L,34535434.84,Baghdol,19500000.0,1.0,4,2.0,W,35035732.01,20,19500000
"'Budhanilkantha, K'",K,40271779.3,Budhanilkantha,54403539.82,14.0,5,2.0,E,40021095.89,14,51000000
"'Nakhu, L'",L,34535434.84,Nakhu,31019047.62,4.0,4,2.0,E,40021095.89,16,26500000
"'Budhanilkantha, K'",K,40271779.3,Budhanilkantha,54403539.82,3.0,2,3.0,W,35035732.01,12,15000000
"'Bazar, K'",K,40271779.3,Bazar,35333333.33,3.0,3,3.0,E,40021095.89,20,40000000
"'Mulpani, K'",K,40271779.3,Mulpani,20590909.09,11.0,6,3.0,E,40021095.89,20,17500000
"'Hattigauda, K'",K,40271779.3,Hattigauda,40888888.89,20.0,6,3.0,E,40021095.89,15,90000000
"'Manamaiju, K'",K,40271779.3,Manamaiju,31454545.45,2.2,4,3.0,E,40021095.89,10,13500000
"'Imadol, L'",L,34535434.84,Imadol,26245555.56,3.0,3,1.0,N,36524064.17,14,11000000
"'Maharajgunj, K'",K,40271779.3,Maharajgunj,66125000.0,9.0,5,3.0,N,36524064.17,13,70000000
"'Bhangal, K'",K,40271779.3,Bhangal,26641463.41,3.5,5,3.0,E,40021095.89,14,17900000
"'Bhangal, K'",K,40271779.3,Bhangal,26641463.41,7.0,5,3.0,SW,39995597.48,15,34500000
"'Basundhara, K'",K,40271779.3,Basundhara,40705882.35,7.0,7,3.0,E,40021095.89,20,41000000
"'Koteshwor, K'",K,40271779.3,Koteshwor,44111111.11,1.5,7,4.0,E,40021095.89,26,18500000
"'Budhanilkantha, K'",K,40271779.3,Budhanilkantha,54403539.82,32.0,5,3.0,W,35035732.01,20,105000000
"'Hattigauda, K'",K,40271779.3,Hattigauda,40888888.89,6.0,9,5.0,S,38378801.08,14,36500000
"'Bhangal, K'",K,40271779.3,Bhangal,26641463.41,3.5,5,2.0,W,35035732.01,13,21000000
"'Kapan, K'",K,40271779.3,Kapan,24537096.77,3.5,2,1.0,N,36524064.17,12,7500000
"'Imadol, L'",L,34535434.84,Imadol,26245555.56,3.3,2,1.0,E,40021095.89,13,13000000
"'Tokha, K'",K,40271779.3,Tokha,26794117.65,3.1,5,3.0,S,38378801.08,12,17800000
"'Budhanilkantha, K'",K,40271779.3,Budhanilkantha,54403539.82,3.5,5,3.0,NE,38939095.74,12,21800000
"'Basundhara, K'",K,40271779.3,Basundhara,40705882.35,3.1,4,2.0,S,38378801.08,15,23000000
"'Kadaghari, K'",K,40271779.3,Kadaghari,18933333.33,4.0,5,3.0,W,35035732.01,12,29000000
"'Dhapasi, K'",K,40271779.3,Dhapasi,43197058.82,1.0,3,2.0,N,36524064.17,20,70000000
"'Shantinagar, K'",K,40271779.3,Shantinagar,46114285.71,6.2,6,3.0,N,36524064.17,10,42500000
"'Pasikot, K'",K,40271779.3,Pasikot,37148571.43,4.0,5,3.0,W,35035732.01,20,30000000
"'Jhamsikhel, L'",L,34535434.84,Jhamsikhel,24875000.0,1.9,2,1.0,E,40021095.89,20,12000000
"'Kirtipur, K'",K,40271779.3,Kirtipur,21500000.0,4.2,6,3.0,S,38378801.08,12,25000000
"'Gurjudhara, K'",K,40271779.3,Gurjudhara,21375000.0,4.1,6,2.0,SE,41320000.0,11,17000000
"'Sanepa, L'",L,34535434.84,Sanepa,71436842.11,4.0,4,3.0,N,36524064.17,13,30000000
"'Bhangal, K'",K,40271779.3,Bhangal,26641463.41,4.0,6,3.0,NW,36240206.19,15,24000000
"'Bhangal, K'",K,40271779.3,Bhangal,26641463.41,4.0,6,3.0,SE,41320000.0,14,24000000
"'Imadol, L'",L,34535434.84,Imadol,26245555.56,3.0,5,3.0,E,40021095.89,13,21000000
"'Tokha, K'",K,40271779.3,Tokha,26794117.65,4.0,5,3.0,S,38378801.08,26,27500000
"'Nepaltar, K'",K,40271779.3,Nepaltar,23085714.29,4.0,11,3.0,N,36524064.17,13,24000000
"'Bhaisepati, L'",L,34535434.84,Bhaisepati,47003669.23,4.2,3,3.0,SW,39995597.48,18,28500000
"'Budhanilkantha, K'",K,40271779.3,Budhanilkantha,54403539.82,10.0,4,3.0,E,40021095.89,15,62000000
"'Basundhara, K'",K,40271779.3,Basundhara,40705882.35,6.0,6,4.0,S,38378801.08,15,42500000
"'Hattigauda, K'",K,40271779.3,Hattigauda,40888888.89,4.0,5,3.0,E,40021095.89,30,24500000
"'Basundhara, K'",K,40271779.3,Basundhara,40705882.35,8.0,6,3.0,SW,39995597.48,15,45000000
"'Baluwatar, K'",K,40271779.3,Baluwatar,77346153.85,4.0,5,3.0,S,38378801.08,15,34000000
"'Jorpati, K'",K,40271779.3,Jorpati,21412500.0,7.89,4,3.0,E,40021095.89,12,21500000
"'Joranku, K'",K,40271779.3,Joranku,15450000.0,3.0,5,3.0,W,35035732.01,8,15900000
"'Gurjudhara, K'",K,40271779.3,Gurjudhara,21375000.0,3.1,2,1.0,W,35035732.01,10,8500000
"'Sanepa, L'",L,34535434.84,Sanepa,71436842.11,17.0,10,4.5,S,38378801.08,20,150000000
"'Budhanilkantha, K'",K,40271779.3,Budhanilkantha,54403539.82,5.0,4,3.0,NE,38939095.74,15,30500000
"'Sukedhara, K'",K,40271779.3,Sukedhara,38941379.31,3.0,6,2.0,N,36524064.17,14,21000000
"'Tikathali, L'",L,34535434.84,Tikathali,21964285.71,3.2,6,3.0,E,40021095.89,12,22500000
"'Budhanilkantha, K'",K,40271779.3,Budhanilkantha,54403539.82,3.3,3,3.0,E,40021095.89,20,33000000
"'Sukedhara, K'",K,40271779.3,Sukedhara,38941379.31,6.0,5,2.5,S,38378801.08,15,40000000
"'Kapan, K'",K,40271779.3,Kapan,24537096.77,3.0,2,1.0,S,38378801.08,10,10600000
"'Bhaisepati, L'",L,34535434.84,Bhaisepati,47003669.23,5.5,4,3.0,E,40021095.89,15,19000000
"'Basundhara, K'",K,40271779.3,Basundhara,40705882.35,5.0,5,3.0,S,38378801.08,14,39000000
"'Budhanilkantha, K'",K,40271779.3,Budhanilkantha,54403539.82,10.0,4,2.0,S,38378801.08,13,39000000
"'Banasthali, K'",K,40271779.3,Banasthali,47525000.0,10.0,4,3.0,S,38378801.08,12,70000000
"'Kupandole, L'",L,34535434.84,Kupandole,65055555.56,16.1,9,4.0,SW,39995597.48,9,70000000
"'Budhanilkantha, K'",K,40271779.3,Budhanilkantha,54403539.82,8.31,5,3.0,E,40021095.89,12,35000000
"'Makalbari, K'",K,40271779.3,Makalbari,23000000.0,3.2,2,1.0,SW,39995597.48,12,10500000
"'Kapan, K'",K,40271779.3,Kapan,24537096.77,3.0,3,3.0,N,36524064.17,10,12500000
"'Khumaltar, L'",L,34535434.84,Khumaltar,38023809.52,4.0,6,3.0,S,38378801.08,14,19500000
"'Bhaisepati, L'",L,34535434.84,Bhaisepati,47003669.23,24.0,3,2.0,E,40021095.89,20,97500000
"'Kalanki, K'",K,40271779.3,Kalanki,26308823.53,6.1,7,3.0,E,40021095.89,14,38000000
"'Sitapaila, K'",K,40271779.3,Sitapaila,32122471.91,7.0,4,3.0,SE,41320000.0,20,29500000
"'Bouddha, K'",K,40271779.3,Bouddha,61083333.33,3.1,10,3.0,S,38378801.08,20,22000000
"'Dadhikot, B'",B,29873684.19,Dadhikot,27625000.0,4.0,12,4.0,SE,41320000.0,20,22500000
"'Sitapaila, K'",K,40271779.3,Sitapaila,32122471.91,3.5,3,3.0,S,38378801.08,13,18000000
"'Sukedhara, K'",K,40271779.3,Sukedhara,38941379.31,6.3,9,4.0,E,40021095.89,12,34500000
"'Tokha, K'",K,40271779.3,Tokha,26794117.65,3.0,2,1.0,N,36524064.17,13,11500000
"'Basundhara, K'",K,40271779.3,Basundhara,40705882.35,5.0,2,3.0,N,36524064.17,14,37500000
"'Bhangal, K'",K,40271779.3,Bhangal,26641463.41,4.2,4,3.0,S,38378801.08,26,32500000
"'Balkot, B'",B,29873684.19,Balkot,33999999.9,7.0,2,1.0,E,40021095.89,13,25000000
"'Budhanilkantha, K'",K,40271779.3,Budhanilkantha,54403539.82,7.0,4,3.0,S,38378801.08,20,57500000
"'Dallu, K'",K,40271779.3,Dallu,36944444.44,3.1,8,3.0,W,35035732.01,20,29000000
"'Budhanilkantha, K'",K,40271779.3,Budhanilkantha,54403539.82,3.1,7,2.0,N,36524064.17,15,17800000
"'Golfutar, K'",K,40271779.3,Golfutar,47734782.61,4.0,5,2.5,SW,39995597.48,15,29000000
"'Kalanki, K'",K,40271779.3,Kalanki,26308823.53,13.1,7,3.0,NE,38939095.74,15,6750000
"'Tokha, K'",K,40271779.3,Tokha,26794117.65,3.1,4,2.0,W,35035732.01,13,14200000
"'Kapan, K'",K,40271779.3,Kapan,24537096.77,5.0,2,1.0,S,38378801.08,11,15000000
"'Maharajgunj, K'",K,40271779.3,Maharajgunj,66125000.0,13.0,13,4.5,SE,41320000.0,14,70000000
"'Baniyatar, K'",K,40271779.3,Baniyatar,29888888.89,3.1,6,3.0,S,38378801.08,10,16500000
"'Tokha, K'",K,40271779.3,Tokha,26794117.65,7.5,6,3.0,W,35035732.01,15,53000000
"'Tokha, K'",K,40271779.3,Tokha,26794117.65,8.0,6,3.0,SE,41320000.0,12,43000000
"'Baniyatar, K'",K,40271779.3,Baniyatar,29888888.89,4.0,10,3.0,N,36524064.17,16,35000000
"'Nakhu, L'",L,34535434.84,Nakhu,31019047.62,4.2,4,2.5,NW,36240206.19,14,25500000
"'Imadol, L'",L,34535434.84,Imadol,26245555.56,3.5,5,3.0,S,38378801.08,13,16500000
"'Sukedhara, K'",K,40271779.3,Sukedhara,38941379.31,5.1,10,3.0,E,40021095.89,14,31800000
"'Sukedhara, K'",K,40271779.3,Sukedhara,38941379.31,3.1,3,2.0,SW,39995597.48,24,19000000
"'Bhaisepati, L'",L,34535434.84,Bhaisepati,47003669.23,6.5,5,3.0,N,36524064.17,16,44500000
"'Hattigauda, K'",K,40271779.3,Hattigauda,40888888.89,5.0,5,3.0,S,38378801.08,15,32000000
"'Golfutar, K'",K,40271779.3,Golfutar,47734782.61,4.1,5,3.0,NE,38939095.74,12,28500000
"'Basundhara, K'",K,40271779.3,Basundhara,40705882.35,4.3,5,3.0,E,40021095.89,12,26000000
"'Nagdaha, L'",L,34535434.84,Nagdaha,28000000.0,3.2,4,2.0,W,35035732.01,15,9500000
"'Sitapaila, K'",K,40271779.3,Sitapaila,32122471.91,5.0,6,3.0,N,36524064.17,13,25000000
"'Thankot, K'",K,40271779.3,Thankot,16989743.59,4.0,5,3.0,S,38378801.08,16,17500000
"'Goldhunga, K'",K,40271779.3,Goldhunga,20686666.67,2.5,3,1.0,W,35035732.01,10,6500000
"'Kadaghari, K'",K,40271779.3,Kadaghari,18933333.33,3.0,3,1.0,NE,38939095.74,13,12500000
"'Maharajgunj, K'",K,40271779.3,Maharajgunj,66125000.0,15.0,7,3.0,E,40021095.89,12,70000000
"'Imadol, L'",L,34535434.84,Imadol,26245555.56,3.5,2,1.0,E,40021095.89,20,14200000
"'Budhanilkantha, K'",K,40271779.3,Budhanilkantha,54403539.82,3.2,2,1.0,W,35035732.01,12,12800000
"'Jorpati, K'",K,40271779.3,Jorpati,21412500.0,3.0,9,5.0,E,40021095.89,36,39000000
"'Budhanilkantha, K'",K,40271779.3,Budhanilkantha,54403539.82,4.0,10,3.0,S,38378801.08,13,27500000
"'Jorpati, K'",K,40271779.3,Jorpati,21412500.0,3.0,9,3.0,SW,39995597.48,10,16500000
"'Budhanilkantha, K'",K,40271779.3,Budhanilkantha,54403539.82,5.0,5,3.0,SE,41320000.0,13,32000000
"'Dhapasi, K'",K,40271779.3,Dhapasi,43197058.82,3.1,4,3.0,E,40021095.89,13,17000000
"'Budhanilkantha, K'",K,40271779.3,Budhanilkantha,54403539.82,3.2,3,2.0,S,38378801.08,13,13000000
"'Kaushaltar, B'",B,29873684.19,Kaushaltar,24300000.0,3.5,10,4.0,E,40021095.89,20,19500000
"'Sitapaila, K'",K,40271779.3,Sitapaila,32122471.91,5.0,4,3.0,S,38378801.08,20,23000000
"'Jhamsikhel, L'",L,34535434.84,Jhamsikhel,24875000.0,3.0,5,3.0,S,38378801.08,20,35000000
"'Bhaisepati, L'",L,34535434.84,Bhaisepati,47003669.23,10.0,5,3.0,SW,39995597.48,13,70000000
"'Dhapasi, K'",K,40271779.3,Dhapasi,43197058.82,4.0,3,2.0,E,40021095.89,20,23500000
"'Imadol, L'",L,34535434.84,Imadol,26245555.56,3.3,7,3.0,SW,39995597.48,13,22500000
"'Khumaltar, L'",L,34535434.84,Khumaltar,38023809.52,10.0,5,3.0,S,38378801.08,20,60000000
"'Bharyang, K'",K,40271779.3,Bharyang,74412500.0,3.5,5,3.0,W,35035732.01,12,22700000
"'Basundhara, K'",K,40271779.3,Basundhara,40705882.35,3.5,9,3.0,SE,41320000.0,12,19800000
"'Raniban, K'",K,40271779.3,Raniban,37400000.0,6.0,7,3.0,E,40021095.89,14,33500000
"'Budhanilkantha, K'",K,40271779.3,Budhanilkantha,54403539.82,4.5,6,3.0,W,35035732.01,13,25000000
"'Samakhusi, K'",K,40271779.3,Samakhusi,44224137.93,4.2,10,3.0,S,38378801.08,20,34500000
"'Sukedhara, K'",K,40271779.3,Sukedhara,38941379.31,15.0,5,3.0,S,38378801.08,13,52500000
"'Bhaisepati, L'",L,34535434.84,Bhaisepati,47003669.23,8.0,4,3.0,S,38378801.08,16,39077000
"'Khumaltar, L'",L,34535434.84,Khumaltar,38023809.52,1.78,6,4.0,SW,39995597.48,13,37500000
"'Chundevi, K'",K,40271779.3,Chundevi,49250000.0,4.0,8,4.0,SW,39995597.48,14,31000000
"'Ekantakuna, L'",L,34535434.84,Ekantakuna,27000000.0,3.0,5,3.0,W,35035732.01,22,27000000
"'Dhobighat, L'",L,34535434.84,Dhobighat,61000000.0,8.0,4,3.0,E,40021095.89,20,40000000
"'Budhanilkantha, K'",K,40271779.3,Budhanilkantha,54403539.82,4.0,4,3.0,W,35035732.01,13,21500000
"'Jorpati, K'",K,40271779.3,Jorpati,21412500.0,3.2,4,1.0,E,40021095.89,12,12000000
"'Tikathali, L'",L,34535434.84,Tikathali,21964285.71,3.1,10,3.0,E,40021095.89,10,14500000
"'Kapan, K'",K,40271779.3,Kapan,24537096.77,4.0,7,3.0,S,38378801.08,16,24000000
"'Kapan, K'",K,40271779.3,Kapan,24537096.77,4.0,11,3.0,S,38378801.08,20,20400000
"'Mulpani, K'",K,40271779.3,Mulpani,20590909.09,3.1,7,5.0,SE,41320000.0,14,16000000
"'Tikathali, L'",L,34535434.84,Tikathali,21964285.71,3.2,4,1.0,W,35035732.01,10,9000000
"'Basundhara, K'",K,40271779.3,Basundhara,40705882.35,2.3,3,3.0,SE,41320000.0,12,19500000
"'Kapan, K'",K,40271779.3,Kapan,24537096.77,3.2,4,3.0,E,40021095.89,13,17000000
"'Kapan, K'",K,40271779.3,Kapan,24537096.77,3.2,1,3.0,W,35035732.01,13,20000000
"'Pasikot, K'",K,40271779.3,Pasikot,37148571.43,3.2,6,3.0,N,36524064.17,12,17500000
"'Bhangal, K'",K,40271779.3,Bhangal,26641463.41,4.0,4,3.0,E,40021095.89,13,25000000
"'Golfutar, K'",K,40271779.3,Golfutar,47734782.61,16.0,5,3.0,N,36524064.17,26,59900000
"'Bafal, K'",K,40271779.3,Bafal,36767857.14,4.5,4,3.0,W,35035732.01,13,26500000
"'Dhumbarahi, K'",K,40271779.3,Dhumbarahi,59708333.33,4.1,8,3.0,S,38378801.08,13,32500000
"'Makalbari, K'",K,40271779.3,Makalbari,23000000.0,3.1,7,4.0,SW,39995597.48,14,21500000
"'Mhaipi, K'",K,40271779.3,Mhaipi,37125000.0,7.0,8,4.0,NW,36240206.19,15,38000000
"'Dhapasi, K'",K,40271779.3,Dhapasi,43197058.82,4.3,7,4.0,N,36524064.17,12,25000000
"'Dallu, K'",K,40271779.3,Dallu,36944444.44,3.0,15,4.0,N,36524064.17,20,24000000
"'Tokha, K'",K,40271779.3,Tokha,26794117.65,3.2,8,4.0,W,35035732.01,20,17000000
"'Gongabu, K'",K,40271779.3,Gongabu,42027777.78,4.3,5,3.0,N,36524064.17,16,26000000
"'Kalanki, K'",K,40271779.3,Kalanki,26308823.53,3.0,3,3.0,SW,39995597.48,12,13500000
"'Budhanilkantha, K'",K,40271779.3,Budhanilkantha,54403539.82,4.0,6,3.0,E,40021095.89,20,22800000
"'Basundhara, K'",K,40271779.3,Basundhara,40705882.35,1.0,3,3.0,E,40021095.89,12,26000000
"'Sukedhara, K'",K,40271779.3,Sukedhara,38941379.31,4.0,6,4.0,S,38378801.08,12,27500000
"'Mandikhatar, K'",K,40271779.3,Mandikhatar,45133333.33,3.13,4,3.0,E,40021095.89,12,22500000
"'Hattigauda, K'",K,40271779.3,Hattigauda,40888888.89,6.5,5,3.0,W,35035732.01,15,30000000
"'Baluwatar, K'",K,40271779.3,Baluwatar,77346153.85,6.0,6,3.0,NE,38939095.74,12,51500000
"'Sitapaila, K'",K,40271779.3,Sitapaila,32122471.91,1.0,11,3.0,W,35035732.01,20,15000000
"'Basundhara, K'",K,40271779.3,Basundhara,40705882.35,9.6,11,3.0,S,38378801.08,14,45000000
"'Sukedhara, K'",K,40271779.3,Sukedhara,38941379.31,5.0,11,3.0,E,40021095.89,15,33000000
"'Dhumbarahi, K'",K,40271779.3,Dhumbarahi,59708333.33,7.0,12,4.0,E,40021095.89,13,40000000
"'Bhangal, K'",K,40271779.3,Bhangal,26641463.41,3.1,9,3.0,S,38378801.08,13,18200000
"'Budhanilkantha, K'",K,40271779.3,Budhanilkantha,54403539.82,1.17,5,3.0,E,40021095.89,13,19200000
"'Budhanilkantha, K'",K,40271779.3,Budhanilkantha,54403539.82,3.5,12,4.0,E,40021095.89,13,17700000
"'Budhanilkantha, K'",K,40271779.3,Budhanilkantha,54403539.82,6.0,10,3.0,W,35035732.01,13,29800000
"'Budhanilkantha, K'",K,40271779.3,Budhanilkantha,54403539.82,3.5,9,3.0,NW,36240206.19,13,21000000
"'Budhanilkantha, K'",K,40271779.3,Budhanilkantha,54403539.82,6.0,6,3.0,SE,41320000.0,13,34000000
"'Chandol, K'",K,40271779.3,Chandol,46812500.0,1.75,6,3.0,SE,41320000.0,14,40000000
"'Budhanilkantha, K'",K,40271779.3,Budhanilkantha,54403539.82,3.0,10,3.0,SW,39995597.48,13,16800000
"'Bansbari, K'",K,40271779.3,Bansbari,52578947.37,12.0,9,4.0,S,38378801.08,13,63000000
"'Dhapakhel, L'",L,34535434.84,Dhapakhel,27325000.0,3.0,3,3.0,S,38378801.08,10,12500000
"'Balaju, K'",K,40271779.3,Balaju,93340000.0,3.2,5,2.0,NW,36240206.19,13,14200000
"'Satdobato, L'",L,34535434.84,Satdobato,41446666.67,3.0,5,3.0,N,36524064.17,16,20000000
"'Sundarbasti, K'",K,40271779.3,Sundarbasti,30884210.53,3.2,5,3.0,E,40021095.89,13,19500000
"'Swayambhu, K'",K,40271779.3,Swayambhu,34017647.06,3.1,4,2.0,S,38378801.08,18,21000000
"'Kalikasthan, K'",K,40271779.3,Kalikasthan,61666666.67,10.0,5,3.0,W,35035732.01,20,100000000
"'Samakhusi, K'",K,40271779.3,Samakhusi,44224137.93,3.0,6,4.0,N,36524064.17,10,22500000
"'Chabahil, K'",K,40271779.3,Chabahil,83909090.91,4.0,5,3.0,SW,39995597.48,12,37000000
"'Ramkot, K'",K,40271779.3,Ramkot,25384615.38,3.0,4,3.0,E,40021095.89,20,19000000
"'Sitapaila, K'",K,40271779.3,Sitapaila,32122471.91,9.0,5,3.0,E,40021095.89,12,45000000
"'Tarakeshwar, K'",K,40271779.3,Tarakeshwar,20000000.0,4.0,6,3.0,S,38378801.08,12,16500000
"'Gongabu, K'",K,40271779.3,Gongabu,42027777.78,4.2,10,5.0,W,35035732.01,10,29000000
"'Kadaghari, K'",K,40271779.3,Kadaghari,18933333.33,3.2,6,3.5,SE,41320000.0,13,36000000
"'Pepsicola, K'",K,40271779.3,Pepsicola,37138888.89,3.2,10,3.0,E,40021095.89,13,24000000
"'Kadaghari, K'",K,40271779.3,Kadaghari,18933333.33,3.0,4,1.0,E,40021095.89,13,12000000
"'Joranku, K'",K,40271779.3,Joranku,15450000.0,3.2,3,3.0,S,38378801.08,10,15000000
"'Sitapaila, K'",K,40271779.3,Sitapaila,32122471.91,5.0,4,3.0,E,40021095.89,13,20000000
"'Imadol, L'",L,34535434.84,Imadol,26245555.56,3.0,4,3.0,SE,41320000.0,13,16000000
"'Thamel, K'",K,40271779.3,Thamel,38500000.0,2.0,4,6.0,E,40021095.89,12,37500000
"'Gongabu, K'",K,40271779.3,Gongabu,42027777.78,2.2,9,4.0,N,36524064.17,9,31000000
"'Samakhusi, K'",K,40271779.3,Samakhusi,44224137.93,2.2,5,3.0,S,38378801.08,16,20500000
"'Bharyang, K'",K,40271779.3,Bharyang,74412500.0,4.0,4,3.0,E,40021095.89,12,26000000
"'Lazimpat, K'",K,40271779.3,Lazimpat,54400000.0,4.6,3,3.0,S,38378801.08,20,17500000
"'Dhapakhel, L'",L,34535434.84,Dhapakhel,27325000.0,4.0,4,3.0,S,38378801.08,13,25000000
"'Budhanilkantha, K'",K,40271779.3,Budhanilkantha,54403539.82,4.0,3,2.0,SW,39995597.48,18,28500000
"'Lubhu, L'",L,34535434.84,Lubhu,20353333.33,5.0,4,2.0,SE,41320000.0,13,14500000
"'Sundarbasti, K'",K,40271779.3,Sundarbasti,30884210.53,5.0,6,3.0,SE,41320000.0,13,27500000
"'Maligaon, K'",K,40271779.3,Maligaon,65000000.0,12.0,5,3.0,NW,36240206.19,13,65000000
"'Chabahil, K'",K,40271779.3,Chabahil,83909090.91,4.5,10,3.0,W,35035732.01,20,35000000
"'Syuchatar, K'",K,40271779.3,Syuchatar,27519230.77,3.0,5,3.0,N,36524064.17,20,20000000
"'Tripureshwor, K'",K,40271779.3,Tripureshwor,28500000.0,8.5,3,4.0,SE,41320000.0,13,25000000
"'Balkhu, K'",K,40271779.3,Balkhu,38742857.14,9.0,7,3.0,S,38378801.08,10,49500000
"'Kirtipur, K'",K,40271779.3,Kirtipur,21500000.0,6.0,4,2.0,SE,41320000.0,20,18000000
"'Hattisar, K'",K,40271779.3,Hattisar,46750000.0,3.0,6,3.0,W,35035732.01,20,43500000
"'Lokanthali, B'",B,29873684.19,Lokanthali,35000000.0,7.1,14,3.0,E,40021095.89,14,35000000
"'Bharyang, K'",K,40271779.3,Bharyang,74412500.0,6.0,3,2.0,NW,36240206.19,20,70000000
"'Kalanki, K'",K,40271779.3,Kalanki,26308823.53,7.0,8,3.0,E,40021095.89,14,41500000
"'Thapathali, K'",K,40271779.3,Thapathali,64720000.0,4.0,5,2.0,E,40021095.89,14,40100000
"'Mulpani, K'",K,40271779.3,Mulpani,20590909.09,3.0,5,3.0,N,36524064.17,10,16500000
"'Dhapasi, K'",K,40271779.3,Dhapasi,43197058.82,5.0,4,3.0,W,35035732.01,15,26000000
"'Harisiddhi, L'",L,34535434.84,Harisiddhi,24777777.78,7.1,8,3.5,E,40021095.89,10,33000000
"'Hattigauda, K'",K,40271779.3,Hattigauda,40888888.89,7.0,4,2.0,E,40021095.89,13,55000000
"'Jhamsikhel, L'",L,34535434.84,Jhamsikhel,24875000.0,2.0,2,1.0,E,40021095.89,20,12500000
"'Budhanilkantha, K'",K,40271779.3,Budhanilkantha,54403539.82,17.0,4,2.5,SE,41320000.0,20,110000000
"'Budhanilkantha, K'",K,40271779.3,Budhanilkantha,54403539.82,15.0,5,3.0,W,35035732.01,13,62500000
"'Bhaisepati, L'",L,34535434.84,Bhaisepati,47003669.23,1.9,3,4.0,NW,36240206.19,28,13000000
"'Lokanthali, B'",B,29873684.19,Lokanthali,35000000.0,7.0,6,3.0,NE,38939095.74,18,35000000
"'Budhanilkantha, K'",K,40271779.3,Budhanilkantha,54403539.82,11.0,4,3.0,S,38378801.08,18,36500000
"'Pepsicola, K'",K,40271779.3,Pepsicola,37138888.89,3.9,3,6.0,NW,36240206.19,20,11000000
"'Nakhipot, L'",L,34535434.84,Nakhipot,39136363.64,32.0,5,4.0,E,40021095.89,20,140000000
"'Budhanilkantha, K'",K,40271779.3,Budhanilkantha,54403539.82,32.0,4,3.0,SW,39995597.48,20,105000000
"'Machhe Gaun, K'",K,40271779.3,Machhe Gaun,28100000.0,48.0,5,2.0,S,38378801.08,12,59000000
"'Kupandole, L'",L,34535434.84,Kupandole,65055555.56,30.0,4,3.0,N,36524064.17,30,6500000
"'Sitapaila, K'",K,40271779.3,Sitapaila,32122471.91,2.5,4,2.0,NE,38939095.74,13,12000000
"'Budhanilkantha, K'",K,40271779.3,Budhanilkantha,54403539.82,8.0,5,2.0,E,40021095.89,12,27000000
"'Baluwatar, K'",K,40271779.3,Baluwatar,77346153.85,13.0,5,3.0,E,40021095.89,12,72500000
