Location,District,District_PriceCode,Area,Area_PriceCode,Land Area,Bedrooms,Road Access,Facing,Facing_PriceCode,Price
"'Bhaisepati, L'",L,34535434.84,Bhaisepati,47003669.23,4.1,4,12,NE,38939095.74,38000000
"'Sitapaila, K'",K,40271779.3,Sitapaila,32122471.91,6.2,5,20,W,35035732.01,47000000
"'Imadol, L'",L,34535434.84,Imadol,26245555.56,4,4,13,S,38378801.08,34000000
"'Attarkhel, K'",K,40271779.3,Attarkhel,30000000,3.2,8,13,E,40021095.89,30000000
"'Syuchatar, K'",K,40271779.3,Syuchatar,27519230.77,3.2,4,14,N,36524064.17,22000000
"'Bhaisepati, L'",L,34535434.84,Bhaisepati,47003669.23,6,4,13,S,38378801.08,50000000
"'Lazimpat, K'",K,40271779.3,Lazimpat,54400000,5.2,6,15,W,35035732.01,60000000
"'Budhanilkantha, K'",K,40271779.3,Budhanilkantha,54403539.82,9.2,4,20,W,35035732.01,62000000
"'Lambagar, K'",K,40271779.3,Lambagar,21000000,4,6,11,S,38378801.08,26000000
"'Baluwakhani, K'",K,40271779.3,Baluwakhani,26636363.64,3.1,6,16,W,35035732.01,27500000
"'Mandikhatar, K'",K,40271779.3,Mandikhatar,45133333.33,4,4,20,S,38378801.08,42500000
"'Danchhi, K'",K,40271779.3,Danchhi,13500000,3.1,2,20,NE,38939095.74,12000000
"'Dhapasi, K'",K,40271779.3,Dhapasi,43197058.82,9,6,12,E,40021095.89,47000000
"'Jagdol, K'",K,40271779.3,Jagdol,9000000,3.2,5,13,E,40021095.89,9000000
"'Bhaisepati, L'",L,34535434.84,Bhaisepati,47003669.23,4.2,5,13,SE,41320000,45000000
"'Mandikhatar, K'",K,40271779.3,Mandikhatar,45133333.33,3.1,6,13,W,35035732.01,26500000
"'Mandikhatar, K'",K,40271779.3,Mandikhatar,45133333.33,5,6,13,E,40021095.89,38500000
"'Pepsicola, K'",K,40271779.3,Pepsicola,37138888.89,7,5,20,S,38378801.08,67500000
"'Bhaisepati, L'",L,34535434.84,Bhaisepati,47003669.23,4.2,6,20,SE,41320000,40000000
"'Khumaltar, L'",L,34535434.84,Khumaltar,38023809.52,4.2,4,14,S,38378801.08,39000000
"'Raniban, K'",K,40271779.3,Raniban,37400000,4.2,6,14,SW,39995597.48,31000000
"'Kusunti, L'",L,34535434.84,Kusunti,47312500,4.2,4,11,W,35035732.01,40000000
"'Golfutar, K'",K,40271779.3,Golfutar,47734782.61,9,6,12,S,38378801.08,125000000
"'Sano bharyang, K'",K,40271779.3,Sano Bharyang,35300000,3.3,7,13,NW,36240206.19,36000000
"'Aakasedhara, K'",K,40271779.3,Aakasedhara,31000000,5,6,12,SW,39995597.48,31500000
"'Hattiban, L'",L,34535434.84,Hattiban,39415384.62,4.1,7,13,NE,38939095.74,40000000
"'Nakhipot, L'",L,34535434.84,Nakhipot,39136363.64,6.94,5,13,W,35035732.01,32500000
"'Tokha, K'",K,40271779.3,Tokha,26794117.65,2.2,3,13,NW,36240206.19,10000000
"'Dharmasthali, K'",K,40271779.3,Dharmasthali,19500000,5,8,36,NE,38939095.74,26500000
"'Bhaisepati, L'",L,34535434.84,Bhaisepati,47003669.23,3.5,4,15,S,38378801.08,45000000
"'Golfutar, K'",K,40271779.3,Golfutar,47734782.61,4,4,13,E,40021095.89,32500000
"'Sitapaila, K'",K,40271779.3,Sitapaila,32122471.91,3,2,13,W,35035732.01,14000000
"'Manbhawan, L'",L,34535434.84,Manbhawan,41000000,7.2,17,13,W,35035732.01,62000000
"'Kapan, K'",K,40271779.3,Kapan,24537096.77,3,2,13,S,38378801.08,13500000
"'Hepali Height, K'",K,40271779.3,Hepali Height,38807142.86,4,4,13,NE,38939095.74,33500000
"'Budhanilkantha, K'",K,40271779.3,Budhanilkantha,54403539.82,5,6,14,SW,39995597.48,36000000
"'Machhapokhari, K'",K,40271779.3,Machhapokhari,37333333.33,3,16,20,W,35035732.01,33500000
"'Yetkha, K'",K,40271779.3,Yetkha,32000000,2.3,8,16,S,38378801.08,32000000
"'Sitapaila, K'",K,40271779.3,Sitapaila,32122471.91,5,5,13,E,40021095.89,65000000
"'Pasikot, K'",K,40271779.3,Pasikot,37148571.43,4.4,4,15,NE,38939095.74,45000000
"'Gothatar, K'",K,40271779.3,Gothatar,30709090.91,3.3,5,28,NW,36240206.19,24000000
"'Bhangal, K'",K,40271779.3,Bhangal,26641463.41,15.2,6,24,W,35035732.01,65000000
"'Nakhipot, L'",L,34535434.84,Nakhipot,39136363.64,4,7,12,SE,41320000,36000000
"'Imadol, L'",L,34535434.84,Imadol,26245555.56,3,3,13,S,38378801.08,21000000
"'Budhanilkantha, K'",K,40271779.3,Budhanilkantha,54403539.82,13,4,13,E,40021095.89,105000000
"'Budhanilkantha, K'",K,40271779.3,Budhanilkantha,54403539.82,6,4,13,W,35035732.01,46000000
"'Ekatabasti, K'",K,40271779.3,Ekatabasti,28400000,4.1,4,16,W,35035732.01,36000000
"'Mandikhatar, K'",K,40271779.3,Mandikhatar,45133333.33,4.3,5,13,E,40021095.89,34500000
"'Dhapasi, K'",K,40271779.3,Dhapasi,43197058.82,7,5,13,NE,38939095.74,44000000
"'Lolang, K'",K,40271779.3,Lolang,19860000,3,2,13,E,40021095.89,13800000
"'Ekatabasti, K'",K,40271779.3,Ekatabasti,28400000,3,5,13,S,38378801.08,18500000
"'Baluwatar, K'",K,40271779.3,Baluwatar,77346153.85,8,3,10,S,38378801.08,80000000
"'Radhe Radhe, B'",B,29873684.19,Radhe Radhe,37833333.33,2.2,4,24,N,36524064.17,24000000
"'Mandikhatar, K'",K,40271779.3,Mandikhatar,45133333.33,5,6,13,E,40021095.89,37800000
"'Pepsicola, K'",K,40271779.3,Pepsicola,37138888.89,3.2,6,20,E,40021095.89,24000000
"'Kapan, K'",K,40271779.3,Kapan,24537096.77,3.1,2,13,SE,41320000,16800000
"'Balkot, B'",B,29873684.19,Balkot,33999999.9,6.52,4,20,S,38378801.08,28000000
"'Putalisadak, K'",K,40271779.3,Putalisadak,63750000,3,12,13,E,40021095.89,77500000
"'Thamel, K'",K,40271779.3,Thamel,38500000,3,5,13,SE,41320000,55000000
"'Kusunti, L'",L,34535434.84,Kusunti,47312500,9,4,16,E,40021095.89,110000000
"'Bafal, K'",K,40271779.3,Bafal,36767857.14,4,7,12,SW,39995597.48,36500000
"'Sipadol, B'",B,29873684.19,Sipadol,19125000,4,2,13,SE,41320000,15000000
"'Budhanilkantha, K'",K,40271779.3,Budhanilkantha,54403539.82,4.5,7,13,N,36524064.17,50000000
"'Ganesh Chowk, K'",K,40271779.3,Ganesh Chowk,43018181.82,4,5,13,E,40021095.89,35000000
"'Chunikhel, K'",K,40271779.3,Chunikhel,21255555.56,4,5,13,SW,39995597.48,28000000
"'Baluwatar, K'",K,40271779.3,Baluwatar,77346153.85,6,5,25,W,35035732.01,35000000
"'Mhaipi, K'",K,40271779.3,Mhaipi,37125000,4,4,20,N,36524064.17,33000000
"'Tikathali, L'",L,34535434.84,Tikathali,21964285.71,2.6,6,12,SE,41320000,22000000
"'Imadol, L'",L,34535434.84,Imadol,26245555.56,3.2,7,20,NE,38939095.74,28500000
"'Ekatabasti, K'",K,40271779.3,Ekatabasti,28400000,4.1,2,16,E,40021095.89,17000000
"'Budhanilkantha, K'",K,40271779.3,Budhanilkantha,54403539.82,5,5,13,W,35035732.01,36000000
"'Dhapasi, K'",K,40271779.3,Dhapasi,43197058.82,3.1,5,12,E,40021095.89,21000000
"'Harisiddhi, L'",L,34535434.84,Harisiddhi,24777777.78,3.2,5,20,S,38378801.08,23500000
"'Rudreshwor, K'",K,40271779.3,Rudreshwor,54909090.91,6.3,5,14,E,40021095.89,68000000
"'Baluwa, K'",K,40271779.3,Baluwa,12900000,3.3,2,10,SE,41320000,6800000
"'Thapathali, K'",K,40271779.3,Thapathali,64720000,7,5,14,E,40021095.89,60000000
"'Maijubahal, K'",K,40271779.3,Maijubahal,35000000,6.2,5,8,N,36524064.17,35000000
"'Samakhusi, K'",K,40271779.3,Samakhusi,44224137.93,3,3,12,W,35035732.01,32500000
"'Budhanilkantha, K'",K,40271779.3,Budhanilkantha,54403539.82,3,6,15,N,36524064.17,40000000
"'Budhanilkantha, K'",K,40271779.3,Budhanilkantha,54403539.82,10,9,13,S,38378801.08,105000000
"'Kusunti, L'",L,34535434.84,Kusunti,47312500,3.2,5,13,S,38378801.08,24000000
"'Dhapakhel, L'",L,34535434.84,Dhapakhel,27325000,2.2,6,13,S,38378801.08,19000000
"'Sundarbasti, K'",K,40271779.3,Sundarbasti,30884210.53,3.2,6,12,E,40021095.89,25500000
"'Chandragiri, K'",K,40271779.3,Chandragiri,22463636.36,15.2,5,14,S,38378801.08,40000000
"'Baluwakhani, K'",K,40271779.3,Baluwakhani,26636363.64,3.2,5,13,E,40021095.89,19500000
"'Basundhara, K'",K,40271779.3,Basundhara,40705882.35,5.2,4,16,N,36524064.17,35000000
"'Thankot, K'",K,40271779.3,Thankot,16989743.59,2.3,5,13,SW,39995597.48,16000000
"'Imadol, L'",L,34535434.84,Imadol,26245555.56,3.2,5,13,S,38378801.08,27500000
"'Wasik, K'",K,40271779.3,Wasik,35333333.33,5.2,5,14,S,38378801.08,37500000
"'Khumaltar, L'",L,34535434.84,Khumaltar,38023809.52,4.1,5,13,SE,41320000,31000000
"'Koteshwor, K'",K,40271779.3,Koteshwor,44111111.11,4,5,26,E,40021095.89,45000000
"'Gongabu, K'",K,40271779.3,Gongabu,42027777.78,8,5,10,SW,39995597.48,51500000
"'Budhanilkantha, K'",K,40271779.3,Budhanilkantha,54403539.82,4.2,4,13,SW,39995597.48,35000000
"'Ochu Height, L'",L,34535434.84,Ochu Height,28750000,3,4,13,W,35035732.01,23000000
"'Mandikhatar, K'",K,40271779.3,Mandikhatar,45133333.33,5,5,16,E,40021095.89,39500000
"'Thankot, K'",K,40271779.3,Thankot,16989743.59,3,4,13,N,36524064.17,21000000
"'Imadol, L'",L,34535434.84,Imadol,26245555.56,7,14,18,SW,39995597.48,70000000
"'Bhaisepati, L'",L,34535434.84,Bhaisepati,47003669.23,4.1,4,10,SE,41320000,38000000
"'Makalbari, K'",K,40271779.3,Makalbari,23000000,8,2,13,NE,38939095.74,31000000
"'Imadol, L'",L,34535434.84,Imadol,26245555.56,3.1,4,13,E,40021095.89,24000000
"'Changathali, L'",L,34535434.84,Changathali,20166666.67,3.1,6,11,E,40021095.89,15000000
"'Pepsicola, K'",K,40271779.3,Pepsicola,37138888.89,2.2,4,20,E,40021095.89,24000000
"'Banasthali, K'",K,40271779.3,Banasthali,47525000,6.2,5,20,E,40021095.89,70000000
"'Imadol, L'",L,34535434.84,Imadol,26245555.56,3.2,5,20,W,35035732.01,27500000
"'Kusunti, L'",L,34535434.84,Kusunti,47312500,4,5,16,N,36524064.17,27500000
"'Soltidobato, K'",K,40271779.3,Soltidobato,30000000,4,3,13,S,38378801.08,30000000
"'Boharatar, K'",K,40271779.3,Boharatar,30500000,6,4,13,W,35035732.01,48500000
"'Ekatabasti, K'",K,40271779.3,Ekatabasti,28400000,5,4,13,N,36524064.17,36500000
"'Hepali Height, K'",K,40271779.3,Hepali Height,38807142.86,3,5,12,S,38378801.08,30000000
"'Baniyatar, K'",K,40271779.3,Baniyatar,29888888.89,3.5,7,14,SW,39995597.48,37500000
"'Machhe Gaun, K'",K,40271779.3,Machhe Gaun,28100000,3,5,16,N,36524064.17,12000000
"'Thapagaun, K'",K,40271779.3,Thapagaun,43000000,4.2,3,12,E,40021095.89,43000000
"'Ekatabasti, K'",K,40271779.3,Ekatabasti,28400000,4,4,13,NE,38939095.74,29500000
"'Shankhamul, K'",K,40271779.3,Shankhamul,43166666.67,3.2,8,13,S,38378801.08,45000000
"'Bhaisepati, L'",L,34535434.84,Bhaisepati,47003669.23,3.2,5,16,NW,36240206.19,26500000
"'Golfutar, K'",K,40271779.3,Golfutar,47734782.61,4,4,13,E,40021095.89,37500000
"'Jharuwarasi, L'",L,34535434.84,Jharuwarasi,14500000,4.3,3,20,NW,36240206.19,13000000
"'Pasikot, K'",K,40271779.3,Pasikot,37148571.43,6,5,13,SE,41320000,35000000
"'Manabahadur Marga, K'",K,40271779.3,Manabahadur Marga,31500000,4,7,13,E,40021095.89,31000000
"'Sinamangal, K'",K,40271779.3,Sinamangal,47000000,4.1,5,20,W,35035732.01,49000000
"'Manabahadur Marga, K'",K,40271779.3,Manabahadur Marga,31500000,4.2,5,16,NE,38939095.74,33000000
"'Imadol, L'",L,34535434.84,Imadol,26245555.56,3.2,5,13,N,36524064.17,26500000
"'Manamaiju, K'",K,40271779.3,Manamaiju,31454545.45,8.2,13,18,SE,41320000,58500000
"'Nakhu, L'",L,34535434.84,Nakhu,31019047.62,4,4,15,SW,39995597.48,28000000
"'Imadol, L'",L,34535434.84,Imadol,26245555.56,2.3,4,13,E,40021095.89,19500000
"'Bhangal, K'",K,40271779.3,Bhangal,26641463.41,4,5,13,E,40021095.89,31000000
"'Bhimsengola, K'",K,40271779.3,Bhimsengola,98000000,10,6,20,NE,38939095.74,75000000
"'Manabahadur Marga, K'",K,40271779.3,Manabahadur Marga,31500000,4,5,20,W,35035732.01,35000000
"'Bhangal, K'",K,40271779.3,Bhangal,26641463.41,5,5,13,E,40021095.89,29500000
"'Darjeeling Height, B'",B,29873684.19,Darjeeling Height,17500000,2,4,10,S,38378801.08,17500000
"'Rudreshwor, K'",K,40271779.3,Rudreshwor,54909090.91,12,5,13,SE,41320000,145000000
"'Sanepa, L'",L,34535434.84,Sanepa,71436842.11,5,5,10,SE,41320000,45000000
"'Dhapasi, K'",K,40271779.3,Dhapasi,43197058.82,3,5,13,E,40021095.89,21000000
"'Narayanthan, K'",K,40271779.3,Narayanthan,57666666.67,11,5,13,E,40021095.89,105000000
"'Bhelpa, L'",L,34535434.84,Bhelpa,26500000,3.2,5,11,SW,39995597.48,26500000
"'Sanepa, L'",L,34535434.84,Sanepa,71436842.11,5,6,16,NE,38939095.74,65000000
"'Manamaiju, K'",K,40271779.3,Manamaiju,31454545.45,4,9,12,S,38378801.08,38000000
"'Maitidevi, K'",K,40271779.3,Maitidevi,74500000,14,8,13,E,40021095.89,105000000
"'Sukedhara, K'",K,40271779.3,Sukedhara,38941379.31,4,7,12,S,38378801.08,29500000
"'Hattigauda, K'",K,40271779.3,Hattigauda,40888888.89,5.1,5,13,N,36524064.17,39000000
"'Thaiba, L'",L,34535434.84,Thaiba,30846153.85,3.1,4,20,SE,41320000,12500000
"'Bhaisepati, L'",L,34535434.84,Bhaisepati,47003669.23,4.2,4,20,SE,41320000,45000000
"'Jawalakhel, L'",L,34535434.84,Jawalakhel,66500000,3,7,18,W,35035732.01,30000000
"'Golfutar, K'",K,40271779.3,Golfutar,47734782.61,4.1,4,13,E,40021095.89,37500000
"'Chunikhel, K'",K,40271779.3,Chunikhel,21255555.56,3.1,5,13,SE,41320000,20500000
"'Mandikhatar, K'",K,40271779.3,Mandikhatar,45133333.33,3.2,5,13,E,40021095.89,22200000
"'Machhapokhari, K'",K,40271779.3,Machhapokhari,37333333.33,6.3,14,20,SE,41320000,48500000
"'Dallu, K'",K,40271779.3,Dallu,36944444.44,3.2,6,20,E,40021095.89,45000000
"'Budhanilkantha, K'",K,40271779.3,Budhanilkantha,54403539.82,5,4,13,S,38378801.08,48000000
"'Dhumbarahi, K'",K,40271779.3,Dhumbarahi,59708333.33,6.1,7,36,SE,41320000,69000000
"'Budhanilkantha, K'",K,40271779.3,Budhanilkantha,54403539.82,18,5,15,SE,41320000,165000000
"'Koteshwor, K'",K,40271779.3,Koteshwor,44111111.11,4,6,26,E,40021095.89,45000000
"'Bhaisepati, L'",L,34535434.84,Bhaisepati,47003669.23,5.2,5,18,NE,38939095.74,38000000
"'Budhanilkantha, K'",K,40271779.3,Budhanilkantha,54403539.82,8.2,4,13,NE,38939095.74,55000000
"'Bhaisepati, L'",L,34535434.84,Bhaisepati,47003669.23,3,6,20,NW,36240206.19,36000000
"'Anamnagar, K'",K,40271779.3,Anamnagar,29500000,3.3,6,11,SW,39995597.48,42500000
"'Phutung, K'",K,40271779.3,Phutung,21725000,4.2,5,18,W,35035732.01,26000000
"'Bhaisepati, L'",L,34535434.84,Bhaisepati,47003669.23,3.2,6,20,SE,41320000,29500000
"'Narayanthan, K'",K,40271779.3,Narayanthan,57666666.67,7,6,18,N,36524064.17,65000000
"'Aakasedhara, K'",K,40271779.3,Aakasedhara,31000000,5,5,20,SE,41320000,45000000
"'Gokarneswhor, K'",K,40271779.3,Gokarneswhor,24166666.67,3.1,2,12,E,40021095.89,13000000
"'Kapan, K'",K,40271779.3,Kapan,24537096.77,2.2,4,12,N,36524064.17,15500000
"'Banasthali, K'",K,40271779.3,Banasthali,47525000,13.2,6,20,SE,41320000,70000000
"'Baluwakhani, K'",K,40271779.3,Baluwakhani,26636363.64,5,7,13,W,35035732.01,38000000
"'Bhangal, K'",K,40271779.3,Bhangal,26641463.41,4,4,13,N,36524064.17,29000000
"'Mandikhatar, K'",K,40271779.3,Mandikhatar,45133333.33,3.2,4,32,E,40021095.89,27500000
"'Chhaling, B'",B,29873684.19,Chhaling,9500000,4,2,16,N,36524064.17,9500000
"'Sunakothi, L'",L,34535434.84,Sunakothi,41100000,4.2,3,8,SW,39995597.48,12500000
"'Panga, K'",K,40271779.3,Panga,31250000,5.2,14,12,S,38378801.08,35000000
"'Thankot, K'",K,40271779.3,Thankot,16989743.59,3.3,5,13,S,38378801.08,16000000
"'Jyotinagar, K'",K,40271779.3,Jyotinagar,31388888.89,3.2,7,13,S,38378801.08,22500000
"'Machhe Gaun, K'",K,40271779.3,Machhe Gaun,28100000,3.1,7,13,E,40021095.89,10500000
"'Sundarbasti, K'",K,40271779.3,Sundarbasti,30884210.53,4,6,18,E,40021095.89,27500000
"'Thulo Bharayang, K'",K,40271779.3,Thulo Bharayang,35125000,3.1,4,14,W,35035732.01,25000000
"'Chyasal, L'",L,34535434.84,Chyasal,23250000,3,7,13,W,35035732.01,22500000
"'Kavresthali, K'",K,40271779.3,Kavresthali,17000000,3.1,5,13,N,36524064.17,18500000
"'Imadol, L'",L,34535434.84,Imadol,26245555.56,3.1,5,16,S,38378801.08,22500000
"'Budhanilkantha, K'",K,40271779.3,Budhanilkantha,54403539.82,4,6,14,SE,41320000,32500000
"'Naya Basti, K'",K,40271779.3,Naya Basti,31071428.57,3.3,5,12,E,40021095.89,25000000
"'Kalanki, K'",K,40271779.3,Kalanki,26308823.53,6.3,8,20,S,38378801.08,45000000
"'Bhaisepati, L'",L,34535434.84,Bhaisepati,47003669.23,3.2,4,20,SW,39995597.48,26500000
"'Kapan, K'",K,40271779.3,Kapan,24537096.77,3.3,6,12,W,35035732.01,24000000
"'Bhaisepati, L'",L,34535434.84,Bhaisepati,47003669.23,4,6,16,NW,36240206.19,37000000
"'Balkot, B'",B,29873684.19,Balkot,33999999.9,6,4,10,S,38378801.08,42500000
"'Mulpani, K'",K,40271779.3,Mulpani,20590909.09,4,5,20,N,36524064.17,31500000
"'Nakhudole, L'",L,34535434.84,Nakhudole,24250000,4,3,10,S,38378801.08,27500000
"'Basundhara, K'",K,40271779.3,Basundhara,40705882.35,6,7,14,S,38378801.08,47500000
"'Kalikasthan, K'",K,40271779.3,Kalikasthan,61666666.67,4,8,15,NW,36240206.19,60000000
"'Sainbu, L'",L,34535434.84,Sainbu,41642857.14,3.2,4,15,SE,41320000,35000000
"'Bansbari, K'",K,40271779.3,Bansbari,52578947.37,10.2,5,15,E,40021095.89,62000000
"'Padmasal, K'",K,40271779.3,Padmasal,22000000,5,3,10,NE,38939095.74,20000000
"'Buddha Chowk, K'",K,40271779.3,Buddha Chowk,30375000,5,5,13,W,35035732.01,36000000
"'Mahadevtar, K'",K,40271779.3,Mahadevtar,51100000,10.2,6,20,S,38378801.08,46500000
"'Budhanilkantha, K'",K,40271779.3,Budhanilkantha,54403539.82,16,5,13,NE,38939095.74,69000000
"'Bhangal, K'",K,40271779.3,Bhangal,26641463.41,5,3,13,SW,39995597.48,34000000
"'Dhungedhara, K'",K,40271779.3,Dhungedhara,34816666.67,9.2,4,20,E,40021095.89,65000000
"'Kapan, K'",K,40271779.3,Kapan,24537096.77,4.2,6,12,S,38378801.08,37500000
"'Thankot, K'",K,40271779.3,Thankot,16989743.59,3,4,13,N,36524064.17,12500000
"'Mahadevtar, K'",K,40271779.3,Mahadevtar,51100000,10.1,6,20,S,38378801.08,46500000
"'Maharajgunj, K'",K,40271779.3,Maharajgunj,66125000,5,12,12,W,35035732.01,41000000
"'Hattiban, L'",L,34535434.84,Hattiban,39415384.62,3.2,8,13,E,40021095.89,34000000
"'Budhanilkantha, K'",K,40271779.3,Budhanilkantha,54403539.82,4.2,5,13,SE,41320000,28500000
"'Sitapaila, K'",K,40271779.3,Sitapaila,32122471.91,4,5,13,W,35035732.01,18500000
"'Mid Baneshwor, K'",K,40271779.3,Mid Baneshwor,71250000,16,3,12,W,35035732.01,100000000
"'Teku, K'",K,40271779.3,Teku,77500000,8.1,7,10,E,40021095.89,77500000
"'Bhutkhel , K'",K,40271779.3,Bhutkhel,22350000,4,7,20,W,35035732.01,26700000
"'Khadka Gaun, K'",K,40271779.3,Khadka Gaun,24850000,3,5,13,SE,41320000,21900000
"'Syuchatar, K'",K,40271779.3,Syuchatar,27519230.77,3,6,13,E,40021095.89,22500000
"'Goldhunga, K'",K,40271779.3,Goldhunga,20686666.67,3,2,16,S,38378801.08,13000000
"'Bouddha, K'",K,40271779.3,Bouddha,61083333.33,4,6,18,E,40021095.89,29500000
"'Satungal, K'",K,40271779.3,Satungal,20550000,3.2,6,13,W,35035732.01,18500000
"'Gurjudhara, K'",K,40271779.3,Gurjudhara,21375000,2.5,5,13,W,35035732.01,16500000
"'Naikap, K'",K,40271779.3,Naikap,27187500,3.1,4,13,S,38378801.08,21000000
"'Dhungedhara, K'",K,40271779.3,Dhungedhara,34816666.67,3.5,5,13,N,36524064.17,33000000
"'Grande Hospital, K'",K,40271779.3,Grande Hospital,34471428.57,8.2,5,18,W,35035732.01,70000000
"'Golfutar, K'",K,40271779.3,Golfutar,47734782.61,5.1,6,12,E,40021095.89,29500000
"'Sukedhara, K'",K,40271779.3,Sukedhara,38941379.31,4,4,12,S,38378801.08,30000000
"'Gatthaghar, B'",B,29873684.19,Gatthaghar,35000000,4,5,13,W,35035732.01,30000000
"'Pasikot, K'",K,40271779.3,Pasikot,37148571.43,5,5,13,N,36524064.17,36000000
"'Bhaisepati, L'",L,34535434.84,Bhaisepati,47003669.23,5.3,7,16,NE,38939095.74,49500000
"'Koteshwor, K'",K,40271779.3,Koteshwor,44111111.11,9.2,7,20,SE,41320000,60000000
"'Nikhileshwor, K'",K,40271779.3,Nikhileshwor,25750000,3.2,5,16,W,35035732.01,24000000
"'Gurjudhara, K'",K,40271779.3,Gurjudhara,21375000,6,5,10,SE,41320000,29000000
"'Naikap, K'",K,40271779.3,Naikap,27187500,3.1,2,32,W,35035732.01,8500000
"'Baniyatar, K'",K,40271779.3,Baniyatar,29888888.89,3,4,12,W,35035732.01,19500000
"'Paiyatar, K'",K,40271779.3,Paiyatar,20300000,3.2,2,13,E,40021095.89,13500000
"'Padmasal, K'",K,40271779.3,Padmasal,22000000,3.2,5,13,W,35035732.01,24000000
"'Imadol, L'",L,34535434.84,Imadol,26245555.56,2.2,3,13,S,38378801.08,17000000
"'Khichapokhari, K'",K,40271779.3,Khichapokhari,35500000,5.3,7,10,W,35035732.01,35500000
"'Paiyatar, K'",K,40271779.3,Paiyatar,20300000,3,11,13,SE,41320000,17500000
"'Maharajgunj, K'",K,40271779.3,Maharajgunj,66125000,8.1,6,14,E,40021095.89,75000000
"'Lubhu, L'",L,34535434.84,Lubhu,20353333.33,3,4,20,S,38378801.08,29000000
"'Bhangal, K'",K,40271779.3,Bhangal,26641463.41,3,4,13,NW,36240206.19,17500000
"'Bhangal, K'",K,40271779.3,Bhangal,26641463.41,3.2,4,20,N,36524064.17,21000000
"'Jyotinagar, K'",K,40271779.3,Jyotinagar,31388888.89,5.3,4,13,W,35035732.01,33500000
"'Dhapasi, K'",K,40271779.3,Dhapasi,43197058.82,3,5,12,E,40021095.89,19500000
"'Hattiban, L'",L,34535434.84,Hattiban,39415384.62,5.5,5,16,S,38378801.08,50000000
"'Megha City, K'",K,40271779.3,Megha City,23933333.33,3.2,5,13,SE,41320000,29900000
"'Jarankhu, K'",K,40271779.3,Jarankhu,34066666.67,16,5,12,W,35035732.01,65000000
"'Pasikot, K'",K,40271779.3,Pasikot,37148571.43,4,5,20,SE,41320000,24000000
"'Jaya Bageshwori, K'",K,40271779.3,Jaya Bageshwori,38500000,4,5,18,N,36524064.17,38500000
"'Sallaghari, B'",B,29873684.19,Sallaghari,31250000,6.1,4,20,NE,38939095.74,37500000
"'Golfutar, K'",K,40271779.3,Golfutar,47734782.61,9,4,12,S,38378801.08,110000000
"'Dhungedhara, K'",K,40271779.3,Dhungedhara,34816666.67,6,5,13,SE,41320000,55000000
"'Dhaneshwor, K'",K,40271779.3,Dhaneshwor,16750000,3,2,13,E,40021095.89,13500000
"'Bafal, K'",K,40271779.3,Bafal,36767857.14,9.2,3,13,E,40021095.89,70000000
"'Srijananagar, B'",B,29873684.19,Srijananagar,19250000,3.2,7,20,NW,36240206.19,22500000
"'Ekatabasti, K'",K,40271779.3,Ekatabasti,28400000,5.3,3,13,S,38378801.08,33000000
"'Mandikhatar, K'",K,40271779.3,Mandikhatar,45133333.33,3,6,13,N,36524064.17,21000000
"'Bhangal, K'",K,40271779.3,Bhangal,26641463.41,4,4,16,E,40021095.89,23500000
"'Kapan, K'",K,40271779.3,Kapan,24537096.77,3,2,10,E,40021095.89,11200000
"'Bhangal, K'",K,40271779.3,Bhangal,26641463.41,3.2,2,13,NW,36240206.19,13500000
"'Sukedhara, K'",K,40271779.3,Sukedhara,38941379.31,2.2,4,13,N,36524064.17,17000000
"'Lubhu, L'",L,34535434.84,Lubhu,20353333.33,3.1,5,11,S,38378801.08,15000000
"'Ram Mandir, K'",K,40271779.3,Ram Mandir,29380000,3.5,5,26,NE,38939095.74,37500000
"'Sano thimi, B'",B,29873684.19,Sano Thimi,49500000,8,6,20,E,40021095.89,50000000
"'Chapali, K'",K,40271779.3,Chapali,41350000,5,6,18,N,36524064.17,39000000
"'Aakasedhara, K'",K,40271779.3,Aakasedhara,31000000,4,5,10,N,36524064.17,19000000
"'Paiyatar, K'",K,40271779.3,Paiyatar,20300000,4.2,6,12,E,40021095.89,22000000
"'Ganesh Chowk, K'",K,40271779.3,Ganesh Chowk,43018181.82,4.2,4,13,S,38378801.08,32500000
"'Naya Basti, K'",K,40271779.3,Naya Basti,31071428.57,5,7,10,E,40021095.89,28000000
"'Thankot, K'",K,40271779.3,Thankot,16989743.59,4,4,13,N,36524064.17,16500000
"'Hattiban, L'",L,34535434.84,Hattiban,39415384.62,9,2,20,SW,39995597.48,38000000
"'Hattiban, L'",L,34535434.84,Hattiban,39415384.62,3.2,3,20,W,35035732.01,32500000
"'Gaurighat, K'",K,40271779.3,Gaurighat,39333333.33,7,9,10,S,38378801.08,60000000
"'Lolang, K'",K,40271779.3,Lolang,19860000,3,6,18,N,36524064.17,15500000
"'Goldhunga, K'",K,40271779.3,Goldhunga,20686666.67,3,5,13,S,38378801.08,15000000
"'Pasikot, K'",K,40271779.3,Pasikot,37148571.43,12,3,12,N,36524064.17,75000000
"'Pasikot, K'",K,40271779.3,Pasikot,37148571.43,9,6,16,E,40021095.89,60000000
"'Koteshwor, K'",K,40271779.3,Koteshwor,44111111.11,2.2,6,12,E,40021095.89,27500000
"'Bhangal, K'",K,40271779.3,Bhangal,26641463.41,4.1,5,13,NW,36240206.19,22000000
"'Sai Baba chowk, K'",K,40271779.3,Sai Baba Chowk,25000000,4,6,13,E,40021095.89,25000000
"'Greenland Chowk, K'",K,40271779.3,Greenland Chowk,41250000,9,7,10,E,40021095.89,45000000
"'Sundarbasti, K'",K,40271779.3,Sundarbasti,30884210.53,3.2,6,12,S,38378801.08,20000000
"'Imadol, L'",L,34535434.84,Imadol,26245555.56,3,5,20,E,40021095.89,21000000
"'Chapali, K'",K,40271779.3,Chapali,41350000,5,5,12,NW,36240206.19,44000000
"'Bhaisepati, L'",L,34535434.84,Bhaisepati,47003669.23,4,3,16,N,36524064.17,40000000
"'Bhaisepati, L'",L,34535434.84,Bhaisepati,47003669.23,5,4,15,E,40021095.89,36000000
"'Imadol, L'",L,34535434.84,Imadol,26245555.56,2.3,4,13,N,36524064.17,18000000
"'Saraswotinagar, K'",K,40271779.3,Saraswotinagar,31500000,7,4,13,NE,38939095.74,40000000
"'Imadol, L'",L,34535434.84,Imadol,26245555.56,3.2,6,16,E,40021095.89,23500000
"'Banasthali, K'",K,40271779.3,Banasthali,47525000,11,4,20,E,40021095.89,70000000
"'Bhimsengola, K'",K,40271779.3,Bhimsengola,98000000,7.2,4,16,N,36524064.17,65000000
"'Special Court, K'",K,40271779.3,Special Court,62500000,10,5,12,NE,38939095.74,62500000
"'Chandol, K'",K,40271779.3,Chandol,46812500,4,4,16,W,35035732.01,34000000
"'Bhaisepati, L'",L,34535434.84,Bhaisepati,47003669.23,3.2,4,13,N,36524064.17,24500000
"'Kadaghari, K'",K,40271779.3,Kadaghari,18933333.33,3,6,13,SW,39995597.48,24000000
"'Bhangal, K'",K,40271779.3,Bhangal,26641463.41,3.1,5,13,NW,36240206.19,18500000
"'Sundarbasti, K'",K,40271779.3,Sundarbasti,30884210.53,3.1,5,13,N,36524064.17,20000000
"'Sipadol, B'",B,29873684.19,Sipadol,19125000,4.1,5,13,S,38378801.08,22000000
"'Bansbari, K'",K,40271779.3,Bansbari,52578947.37,7.2,6,20,W,35035732.01,52000000
"'Kupandole, L'",L,34535434.84,Kupandole,65055555.56,17.2,9,9,SW,39995597.48,80000000
"'Bhatkepati, K'",K,40271779.3,Bhatkepati,21250000,6,4,20,N,36524064.17,25000000
"'Dadhikot, B'",B,29873684.19,Dadhikot,27625000,4,12,20,SE,41320000,25000000
"'Dhungedhara, K'",K,40271779.3,Dhungedhara,34816666.67,4.1,7,13,SW,39995597.48,29800000
"'Kusunti, L'",L,34535434.84,Kusunti,47312500,4.3,4,20,SE,41320000,31000000
"'Chabahil, K'",K,40271779.3,Chabahil,83909090.91,4.2,8,20,W,35035732.01,32000000
"'Sitapaila, K'",K,40271779.3,Sitapaila,32122471.91,3.2,4,20,S,38378801.08,27000000
"'Radhe Radhe, B'",B,29873684.19,Radhe Radhe,37833333.33,4.3,4,20,E,40021095.89,27000000
"'Imadol, L'",L,34535434.84,Imadol,26245555.56,4,6,13,SE,41320000,23000000
"'Nakhu, L'",L,34535434.84,Nakhu,31019047.62,3,3,13,W,35035732.01,23000000
"'Golfutar, K'",K,40271779.3,Golfutar,47734782.61,4,3,13,SE,41320000,16000000
"'Nakhu, L'",L,34535434.84,Nakhu,31019047.62,4,4,14,S,38378801.08,30000000
"'Sundarbasti, K'",K,40271779.3,Sundarbasti,30884210.53,4,4,12,SE,41320000,25000000
"'Kusunti, L'",L,34535434.84,Kusunti,47312500,4,5,15,S,38378801.08,27500000
"'Bhaisepati, L'",L,34535434.84,Bhaisepati,47003669.23,5,4,13,S,38378801.08,36000000
"'Nakhu, L'",L,34535434.84,Nakhu,31019047.62,3,3,13,N,36524064.17,23000000
"'Dhapakhel, L'",L,34535434.84,Dhapakhel,27325000,4,7,20,S,38378801.08,29000000
"'Imadol, L'",L,34535434.84,Imadol,26245555.56,5.2,7,13,W,35035732.01,25000000
"'Sukedhara, K'",K,40271779.3,Sukedhara,38941379.31,3.1,10,25,W,35035732.01,28000000
"'Imadol, L'",L,34535434.84,Imadol,26245555.56,5.3,6,16,E,40021095.89,29500000
"'Bhaisepati, L'",L,34535434.84,Bhaisepati,47003669.23,5,5,13,SW,39995597.48,33500000
"'Dhapasi, K'",K,40271779.3,Dhapasi,43197058.82,4,5,13,NE,38939095.74,37500000
"'Sallaghari, B'",B,29873684.19,Sallaghari,31250000,4,6,13,SW,39995597.48,25000000
"'Srijananagar, B'",B,29873684.19,Srijananagar,19250000,3.3,5,8,E,40021095.89,16000000
"'Dhungedhara, K'",K,40271779.3,Dhungedhara,34816666.67,4,5,13,N,36524064.17,27500000
"'Sukedhara, K'",K,40271779.3,Sukedhara,38941379.31,2.3,5,13,N,36524064.17,16000000
"'Mulpani, K'",K,40271779.3,Mulpani,20590909.09,3,5,8,W,35035732.01,14000000
"'Dahachowk, K'",K,40271779.3,Dahachowk,18250000,2.4,4,18,W,35035732.01,18000000
"'Thecho, L'",L,34535434.84,Thecho,45833333.33,5.3,7,12,S,38378801.08,27500000
"'Nakhipot, L'",L,34535434.84,Nakhipot,39136363.64,3.1,4,15,E,40021095.89,23500000
"'Dhapasi, K'",K,40271779.3,Dhapasi,43197058.82,4,5,28,SW,39995597.48,30000000
"'Deuba Chowk, K'",K,40271779.3,Deuba Chowk,50100000,6,4,15,N,36524064.17,47000000
"'Shankhamul, K'",K,40271779.3,Shankhamul,43166666.67,3,12,12,E,40021095.89,51000000
"'Kamalbinayak, B'",B,29873684.19,Kamalbinayak,39900000,4.2,9,13,SW,39995597.48,39900000
"'Mahadevtar, K'",K,40271779.3,Mahadevtar,51100000,7.2,14,12,E,40021095.89,42500000
"'Khumaltar, L'",L,34535434.84,Khumaltar,38023809.52,5,4,13,NE,38939095.74,28500000
"'Ram Mandir, K'",K,40271779.3,Ram Mandir,29380000,5,6,16,N,36524064.17,28500000
"'Bagbazar, K'",K,40271779.3,Bagbazar,48000000,2,4,20,E,40021095.89,26000000
"'Khusibu, K'",K,40271779.3,Khusibu,45666666.67,2.2,6,13,E,40021095.89,22500000
"'Chhauni, K'",K,40271779.3,Chhauni,40166666.67,4.2,4,14,N,36524064.17,31000000
"'Chhauni, K'",K,40271779.3,Chhauni,40166666.67,12.2,5,12,E,40021095.89,85000000
"'Setipakha, L'",L,34535434.84,Setipakha,25400000,4.1,5,12,E,40021095.89,22500000
"'Gurjudhara, K'",K,40271779.3,Gurjudhara,21375000,3,4,13,W,35035732.01,15500000
"'Hattigauda, K'",K,40271779.3,Hattigauda,40888888.89,4,5,15,E,40021095.89,32500000
"'Budhanilkantha, K'",K,40271779.3,Budhanilkantha,54403539.82,12,6,13,W,35035732.01,100000000
"'Tinkune, K'",K,40271779.3,Tinkune,38750000,4.2,6,16,E,40021095.89,45000000
"'Dhungedhara, K'",K,40271779.3,Dhungedhara,34816666.67,16,5,12,N,36524064.17,72500000
"'Hattiban, L'",L,34535434.84,Hattiban,39415384.62,4.1,6,13,S,38378801.08,28700000
"'Basundhara, K'",K,40271779.3,Basundhara,40705882.35,12,7,20,SW,39995597.48,92000000
"'Ganesh Chowk, K'",K,40271779.3,Ganesh Chowk,43018181.82,4,4,15,S,38378801.08,32000000
"'Grande Hospital, K'",K,40271779.3,Grande Hospital,34471428.57,3.1,3,21,NE,38939095.74,24500000
"'Nakhu, L'",L,34535434.84,Nakhu,31019047.62,4.1,4,15,SW,39995597.48,33000000
"'Kusunti, L'",L,34535434.84,Kusunti,47312500,4,5,15,S,38378801.08,27000000
"'Kusunti, L'",L,34535434.84,Kusunti,47312500,3.2,4,15,S,38378801.08,24000000
"'Mulpani, K'",K,40271779.3,Mulpani,20590909.09,4.2,8,12,W,35035732.01,29500000
"'Gokarneswhor, K'",K,40271779.3,Gokarneswhor,24166666.67,4,8,11,S,38378801.08,27000000
"'Golfutar, K'",K,40271779.3,Golfutar,47734782.61,4,6,18,E,40021095.89,28000000
"'Bhaisepati, L'",L,34535434.84,Bhaisepati,47003669.23,3.1,4,18,NW,36240206.19,19900000
"'Syuchatar, K'",K,40271779.3,Syuchatar,27519230.77,5,4,16,E,40021095.89,25000000
"'Ganesh Chowk, K'",K,40271779.3,Ganesh Chowk,43018181.82,5,5,13,S,38378801.08,35000000
"'Ganesh Chowk, K'",K,40271779.3,Ganesh Chowk,43018181.82,4.2,5,15,SW,39995597.48,32000000
"'Narayanthan, K'",K,40271779.3,Narayanthan,57666666.67,7.2,4,13,NE,38939095.74,55000000
"'Narayanthan, K'",K,40271779.3,Narayanthan,57666666.67,4,5,13,NE,38939095.74,35000000
"'Nakhu, L'",L,34535434.84,Nakhu,31019047.62,3,4,20,E,40021095.89,23500000
"'Nakhu, L'",L,34535434.84,Nakhu,31019047.62,3,4,16,S,38378801.08,23000000
"'Bhaisepati, L'",L,34535434.84,Bhaisepati,47003669.23,4.3,4,16,E,40021095.89,28000000
"'Kusunti, L'",L,34535434.84,Kusunti,47312500,3.1,4,15,NW,36240206.19,23500000
"'Shankhamul, K'",K,40271779.3,Shankhamul,43166666.67,4,7,13,W,35035732.01,40000000
"'Hattiban, L'",L,34535434.84,Hattiban,39415384.62,4,6,12,E,40021095.89,21500000
"'Gothatar, K'",K,40271779.3,Gothatar,30709090.91,6,4,20,SW,39995597.48,40000000
"'Syuchatar, K'",K,40271779.3,Syuchatar,27519230.77,3,6,13,S,38378801.08,20500000
"'Budhanilkantha, K'",K,40271779.3,Budhanilkantha,54403539.82,7,5,20,E,40021095.89,45000000
"'Khadka Gaun, K'",K,40271779.3,Khadka Gaun,24850000,4,4,13,NW,36240206.19,23000000
"'Mandikhatar, K'",K,40271779.3,Mandikhatar,45133333.33,5,6,18,E,40021095.89,45000000
"'Nakhipot, L'",L,34535434.84,Nakhipot,39136363.64,7,8,20,W,35035732.01,80000000
"'Mahadevsthan, K'",K,40271779.3,Mahadevsthan,12614285.71,3,2,10,E,40021095.89,10500000
"'Hattiban, L'",L,34535434.84,Hattiban,39415384.62,4,3,13,S,38378801.08,21100000
"'Kapan, K'",K,40271779.3,Kapan,24537096.77,3.2,3,13,E,40021095.89,14000000
"'Thaiba, L'",L,34535434.84,Thaiba,30846153.85,6,4,20,NE,38939095.74,48500000
"'Dhumbarahi, K'",K,40271779.3,Dhumbarahi,59708333.33,16,4,15,SE,41320000,130000000
"'Narephate, K'",K,40271779.3,Narephate,31166666.67,6,6,13,W,35035732.01,38500000
"'Sano bharyang, K'",K,40271779.3,Sano Bharyang,35300000,5.1,7,12,S,38378801.08,18500000
"'Sitapaila, K'",K,40271779.3,Sitapaila,32122471.91,6.5,5,14,S,38378801.08,70000000
"'Chandol, K'",K,40271779.3,Chandol,46812500,6,5,18,N,36524064.17,46000000
"'Budhanilkantha, K'",K,40271779.3,Budhanilkantha,54403539.82,8.6,7,13,S,38378801.08,115000000
"'Bhaisepati, L'",L,34535434.84,Bhaisepati,47003669.23,4,6,16,NW,36240206.19,37500000
"'Narayanthan, K'",K,40271779.3,Narayanthan,57666666.67,11,6,14,SE,41320000,80000000
"'Naxal, K'",K,40271779.3,Naxal,68200000,17,5,16,S,38378801.08,135000000
"'Dhapasi, K'",K,40271779.3,Dhapasi,43197058.82,6,6,20,S,38378801.08,33000000
"'Hepali Height, K'",K,40271779.3,Hepali Height,38807142.86,4,6,14,N,36524064.17,33000000
"'Sitapaila, K'",K,40271779.3,Sitapaila,32122471.91,4.2,4,16,N,36524064.17,24000000
"'Makalbari, K'",K,40271779.3,Makalbari,23000000,2.2,6,12,NE,38939095.74,17000000
"'Karyabinayak, L'",L,34535434.84,Karyabinayak,34166666.67,4,4,20,W,35035732.01,32500000
"'Syuchatar, K'",K,40271779.3,Syuchatar,27519230.77,4,7,20,N,36524064.17,29500000
"'Mulpani, K'",K,40271779.3,Mulpani,20590909.09,4.1,4,14,SE,41320000,22500000
"'Bhaisepati, L'",L,34535434.84,Bhaisepati,47003669.23,3.2,4,20,N,36524064.17,25000000
"'Ram Mandir, K'",K,40271779.3,Ram Mandir,29380000,4.2,6,13,SW,39995597.48,27200000
"'Sukedhara, K'",K,40271779.3,Sukedhara,38941379.31,6,5,12,W,35035732.01,40000000
"'Dhumbarahi, K'",K,40271779.3,Dhumbarahi,59708333.33,5.5,7,12,E,40021095.89,62500000
"'Dhungedhara, K'",K,40271779.3,Dhungedhara,34816666.67,3.2,7,12,S,38378801.08,26000000
"'Thankot, K'",K,40271779.3,Thankot,16989743.59,4.2,4,13,W,35035732.01,16000000
"'Imadol, L'",L,34535434.84,Imadol,26245555.56,2.2,3,13,E,40021095.89,17000000
"'Golfutar, K'",K,40271779.3,Golfutar,47734782.61,5.2,5,13,S,38378801.08,40000000
"'Gwarko, L'",L,34535434.84,Gwarko,27142857.14,4,5,15,NW,36240206.19,19500000
"'Golfutar, K'",K,40271779.3,Golfutar,47734782.61,4,5,20,SE,41320000,37000000
"'Thankot, K'",K,40271779.3,Thankot,16989743.59,3,4,13,E,40021095.89,15000000
"'Imadol, L'",L,34535434.84,Imadol,26245555.56,3.2,4,13,N,36524064.17,19000000
"'Dhapasi, K'",K,40271779.3,Dhapasi,43197058.82,5,3,13,E,40021095.89,32000000
"'Rudreshwor, K'",K,40271779.3,Rudreshwor,54909090.91,7.2,5,14,S,38378801.08,42000000
"'Narayanthan, K'",K,40271779.3,Narayanthan,57666666.67,6,5,18,S,38378801.08,47500000
"'Deuba Chowk, K'",K,40271779.3,Deuba Chowk,50100000,4.1,5,14,SW,39995597.48,32500000
"'Pepsicola, K'",K,40271779.3,Pepsicola,37138888.89,3.3,4,20,SE,41320000,33000000
"'Baluwatar, K'",K,40271779.3,Baluwatar,77346153.85,5,4,13,SE,41320000,55000000
"'Rudreshwor, K'",K,40271779.3,Rudreshwor,54909090.91,5,7,18,NW,36240206.19,37500000
"'Bhaisepati, L'",L,34535434.84,Bhaisepati,47003669.23,4,4,20,N,36524064.17,38000000
"'Sudal, B'",B,29873684.19,Sudal,13733333.33,3,2,10,N,36524064.17,7500000
"'Bhaisepati, L'",L,34535434.84,Bhaisepati,47003669.23,3.2,4,20,E,40021095.89,24500000
"'Golfutar, K'",K,40271779.3,Golfutar,47734782.61,4,5,13,SE,41320000,27000000
"'Liwali, B'",B,29873684.19,Liwali,35000000,7.2,3,13,E,40021095.89,35000000
"'Imadol, L'",L,34535434.84,Imadol,26245555.56,3,4,14,E,40021095.89,18500000
"'Nakhu, L'",L,34535434.84,Nakhu,31019047.62,3.2,4,20,N,36524064.17,26500000
"'Imadol, L'",L,34535434.84,Imadol,26245555.56,3,7,13,N,36524064.17,16000000
"'Hattigauda, K'",K,40271779.3,Hattigauda,40888888.89,3,4,13,E,40021095.89,23000000
"'Hattigauda, K'",K,40271779.3,Hattigauda,40888888.89,5.2,7,13,SE,41320000,26500000
"'Dholahiti, L'",L,34535434.84,Dholahiti,33750000,4,4,20,W,35035732.01,27500000
"'Imadol, L'",L,34535434.84,Imadol,26245555.56,3,4,13,E,40021095.89,19000000
"'Shantinagar, K'",K,40271779.3,Shantinagar,46114285.71,3,10,30,S,38378801.08,39000000
"'Bafal, K'",K,40271779.3,Bafal,36767857.14,4.2,4,13,E,40021095.89,25500000
"'Dhungedhara, K'",K,40271779.3,Dhungedhara,34816666.67,3.2,5,12,S,38378801.08,28000000
"'Thankot, K'",K,40271779.3,Thankot,16989743.59,3,7,5,W,35035732.01,10500000
"'Thankot, K'",K,40271779.3,Thankot,16989743.59,3,3,13,N,36524064.17,11500000
"'Bafal, K'",K,40271779.3,Bafal,36767857.14,4,6,14,W,35035732.01,30000000
"'Banasthali, K'",K,40271779.3,Banasthali,47525000,4,5,32,E,40021095.89,30000000
"'Ramkot, K'",K,40271779.3,Ramkot,25384615.38,4,4,20,N,36524064.17,15500000
"'Ramkot, K'",K,40271779.3,Ramkot,25384615.38,5,4,20,N,36524064.17,17500000
"'Khusibu, K'",K,40271779.3,Khusibu,45666666.67,4.2,7,20,E,40021095.89,41000000
"'Hattiban, L'",L,34535434.84,Hattiban,39415384.62,4,6,13,N,36524064.17,21500000
"'Hattiban, L'",L,34535434.84,Hattiban,39415384.62,4,5,13,N,36524064.17,21000000
"'Bhaisepati, L'",L,34535434.84,Bhaisepati,47003669.23,5,4,15,N,36524064.17,35000000
"'Shovahiti, L'",L,34535434.84,Shovahiti,25000000,4.2,2,10,S,38378801.08,25000000
"'Basantanagar, K'",K,40271779.3,Basantanagar,13000000,3.2,2,13,E,40021095.89,13000000
"'Budhanilkantha, K'",K,40271779.3,Budhanilkantha,54403539.82,5.1,6,13,NW,36240206.19,41500000
"'Grande Hospital, K'",K,40271779.3,Grande Hospital,34471428.57,4,4,26,N,36524064.17,26000000
"'Grande Hospital, K'",K,40271779.3,Grande Hospital,34471428.57,4,6,26,E,40021095.89,28000000
"'Deuba Chowk, K'",K,40271779.3,Deuba Chowk,50100000,6,6,14,E,40021095.89,36000000
"'Hattigauda, K'",K,40271779.3,Hattigauda,40888888.89,5,4,14,E,40021095.89,34500000
"'Gwarko, L'",L,34535434.84,Gwarko,27142857.14,4.2,5,13,S,38378801.08,30000000
"'Tokha, K'",K,40271779.3,Tokha,26794117.65,7,4,20,W,35035732.01,38000000
"'Hattigauda, K'",K,40271779.3,Hattigauda,40888888.89,3,5,13,NW,36240206.19,31000000
"'Kalanki, K'",K,40271779.3,Kalanki,26308823.53,4.1,5,10,S,38378801.08,29000000
"'Thulo Bharayang, K'",K,40271779.3,Thulo Bharayang,35125000,7,7,13,N,36524064.17,39500000
"'Chandol, K'",K,40271779.3,Chandol,46812500,5.2,5,20,E,40021095.89,47500000
"'New Buspark, K'",K,40271779.3,New Buspark,50333333.33,3,4,13,E,40021095.89,26000000
"'Mahadevsthan, K'",K,40271779.3,Mahadevsthan,12614285.71,3,2,13,N,36524064.17,9800000
"'Hepali Height, K'",K,40271779.3,Hepali Height,38807142.86,4,3,13,S,38378801.08,22500000
"'Nakhu, L'",L,34535434.84,Nakhu,31019047.62,4,4,20,E,40021095.89,28000000
"'Karyabinayak, L'",L,34535434.84,Karyabinayak,34166666.67,6,5,16,SE,41320000,35000000
"'Kapan, K'",K,40271779.3,Kapan,24537096.77,7,6,13,S,38378801.08,36000000
"'Mulpani, K'",K,40271779.3,Mulpani,20590909.09,2.5,4,10,SE,41320000,12500000
"'Taukhel, L'",L,34535434.84,Taukhel,30125000,4,3,26,E,40021095.89,25000000
"'Gothatar, K'",K,40271779.3,Gothatar,30709090.91,3.1,6,13,W,35035732.01,23000000
"'Balambu, K'",K,40271779.3,Balambu,21000000,3.1,5,13,E,40021095.89,18000000
"'Bhaisepati, L'",L,34535434.84,Bhaisepati,47003669.23,4,6,13,E,40021095.89,25000000
"'Khadka Gaun, K'",K,40271779.3,Khadka Gaun,24850000,4,5,16,W,35035732.01,21500000
"'Bhutkhel , K'",K,40271779.3,Bhutkhel,22350000,3,5,10,S,38378801.08,18000000
"'Chyasal, L'",L,34535434.84,Chyasal,23250000,3,7,13,W,35035732.01,24000000
"'Thulo Bharayang, K'",K,40271779.3,Thulo Bharayang,35125000,3.2,5,16,W,35035732.01,24000000
"'Dhapakhel, L'",L,34535434.84,Dhapakhel,27325000,2.2,3,20,E,40021095.89,14500000
"'Panipokhari, K'",K,40271779.3,Panipokhari,59500000,5.2,4,20,E,40021095.89,54000000
"'Kapan, K'",K,40271779.3,Kapan,24537096.77,4,6,14,E,40021095.89,21000000
"'Manabahadur Marga, K'",K,40271779.3,Manabahadur Marga,31500000,4,5,13,N,36524064.17,27000000
"'Budhanilkantha, K'",K,40271779.3,Budhanilkantha,54403539.82,7,4,20,S,38378801.08,57500000
"'Bansbari, K'",K,40271779.3,Bansbari,52578947.37,8,6,20,E,40021095.89,45000000
"'Kavresthali, K'",K,40271779.3,Kavresthali,17000000,4,3,10,N,36524064.17,15500000
"'Goldhunga, K'",K,40271779.3,Goldhunga,20686666.67,4,4,26,E,40021095.89,18500000
"'Thankot, K'",K,40271779.3,Thankot,16989743.59,4,5,13,E,40021095.89,30000000
"'Nakhipot, L'",L,34535434.84,Nakhipot,39136363.64,4.2,5,20,N,36524064.17,25000000
"'Thankot, K'",K,40271779.3,Thankot,16989743.59,4,4,16,N,36524064.17,19000000
"'Mitrapark, K'",K,40271779.3,Mitrapark,72000000,4.3,6,30,SW,39995597.48,49000000
"'Gongabu, K'",K,40271779.3,Gongabu,42027777.78,4.2,5,20,W,35035732.01,35000000
"'Imadol, L'",L,34535434.84,Imadol,26245555.56,5.1,6,13,E,40021095.89,32500000
"'Gyaneshwor, K'",K,40271779.3,Gyaneshwor,40000000,6,4,15,S,38378801.08,35000000
"'Syuchatar, K'",K,40271779.3,Syuchatar,27519230.77,4,4,13,E,40021095.89,24500000
"'Syuchatar, K'",K,40271779.3,Syuchatar,27519230.77,3.3,5,13,N,36524064.17,22000000
"'Shankhamul, K'",K,40271779.3,Shankhamul,43166666.67,4,6,15,S,38378801.08,55500000
"'Jawalakhel, L'",L,34535434.84,Jawalakhel,66500000,7,4,16,N,36524064.17,90000000
"'Hattigauda, K'",K,40271779.3,Hattigauda,40888888.89,4.2,4,20,W,35035732.01,50000000
"'Bansbari, K'",K,40271779.3,Bansbari,52578947.37,3.2,6,18,E,40021095.89,38000000
"'Banasthali, K'",K,40271779.3,Banasthali,47525000,3.2,5,8,N,36524064.17,20000000
"'Balkumari, L'",L,34535434.84,Balkumari,58714285.71,4.2,6,18,E,40021095.89,50000000
"'Tikathali, L'",L,34535434.84,Tikathali,21964285.71,3,5,13,W,35035732.01,16000000
"'Thankot, K'",K,40271779.3,Thankot,16989743.59,5,4,16,E,40021095.89,32500000
"'Thankot, K'",K,40271779.3,Thankot,16989743.59,4,6,16,S,38378801.08,16000000
"'Thankot, K'",K,40271779.3,Thankot,16989743.59,3.1,5,13,W,35035732.01,16000000
"'Siddhartha Colony, K'",K,40271779.3,Siddhartha Colony,76666666.67,9,9,12,S,38378801.08,70000000
"'Chapali, K'",K,40271779.3,Chapali,41350000,3.3,7,13,E,40021095.89,29500000
"'Kalanki, K'",K,40271779.3,Kalanki,26308823.53,4,5,14,E,40021095.89,22000000
"'Bafal, K'",K,40271779.3,Bafal,36767857.14,3.3,5,15,NE,38939095.74,31000000
"'Lubhu, L'",L,34535434.84,Lubhu,20353333.33,5,4,13,S,38378801.08,18500000
"'Nagarjun, K'",K,40271779.3,Nagarjun,44030000,4.1,6,22,SE,41320000,22500000
"'Kumarigal, K'",K,40271779.3,Kumarigal,35000000,6.2,4,10,W,35035732.01,35000000
"'Tenzing Chowk, K'",K,40271779.3,Tenzing Chowk,39375000,4,6,13,W,35035732.01,29000000
"'Bhaisepati, L'",L,34535434.84,Bhaisepati,47003669.23,4.1,3,20,N,36524064.17,22000000
"'Bhaisepati, L'",L,34535434.84,Bhaisepati,47003669.23,3,5,12,NE,38939095.74,21000000
"'Sitapaila, K'",K,40271779.3,Sitapaila,32122471.91,4.2,4,15,S,38378801.08,34500000
"'Setipakha, L'",L,34535434.84,Setipakha,25400000,5,5,16,E,40021095.89,21000000
"'Basundhara, K'",K,40271779.3,Basundhara,40705882.35,3,6,12,E,40021095.89,26000000
"'Rudreshwor, K'",K,40271779.3,Rudreshwor,54909090.91,2.2,5,10,W,35035732.01,10500000
"'Imadol, L'",L,34535434.84,Imadol,26245555.56,3,4,12,N,36524064.17,18500000
"'Imadol, L'",L,34535434.84,Imadol,26245555.56,3,6,13,S,38378801.08,16500000
"'Imadol, L'",L,34535434.84,Imadol,26245555.56,3.2,5,15,S,38378801.08,25000000
"'Imadol, L'",L,34535434.84,Imadol,26245555.56,3.2,4,13,S,38378801.08,22000000
"'Imadol, L'",L,34535434.84,Imadol,26245555.56,3.1,5,13,E,40021095.89,21500000
"'Imadol, L'",L,34535434.84,Imadol,26245555.56,4.2,4,13,S,38378801.08,24500000
"'Syuchatar, K'",K,40271779.3,Syuchatar,27519230.77,3.2,5,12,W,35035732.01,20700000
"'Syuchatar, K'",K,40271779.3,Syuchatar,27519230.77,3.2,4,14,W,35035732.01,22000000
"'Lolang, K'",K,40271779.3,Lolang,19860000,3.1,4,12,S,38378801.08,15500000
"'Thankot, K'",K,40271779.3,Thankot,16989743.59,3.1,3,13,SE,41320000,11500000
"'Imadol, L'",L,34535434.84,Imadol,26245555.56,3.1,4,13,S,38378801.08,21500000
"'Imadol, L'",L,34535434.84,Imadol,26245555.56,3,5,13,E,40021095.89,17500000
"'Imadol, L'",L,34535434.84,Imadol,26245555.56,3,5,12,N,36524064.17,18500000
"'Imadol, L'",L,34535434.84,Imadol,26245555.56,3.1,5,13,E,40021095.89,19800000
"'Bhatkepati, K'",K,40271779.3,Bhatkepati,21250000,3.3,5,13,S,38378801.08,17500000
"'Dhapasi, K'",K,40271779.3,Dhapasi,43197058.82,5,5,13,S,38378801.08,32500000
"'New Baneshwor, K'",K,40271779.3,New Baneshwor,29650000,4,4,13,N,36524064.17,42500000
"'Kadaghari, K'",K,40271779.3,Kadaghari,18933333.33,3,2,13,W,35035732.01,12000000
"'Kalanki, K'",K,40271779.3,Kalanki,26308823.53,4.2,4,13,E,40021095.89,28000000
"'Dharmasthali, K'",K,40271779.3,Dharmasthali,19500000,5,5,11,NE,38939095.74,24000000
"'Taulung, K'",K,40271779.3,Taulung,40166666.67,6,6,18,NE,38939095.74,42500000
"'Matatirtha, K'",K,40271779.3,Matatirtha,24571428.57,5,4,13,N,36524064.17,33000000
"'Imadol, L'",L,34535434.84,Imadol,26245555.56,3.1,5,13,N,36524064.17,20700000
"'Imadol, L'",L,34535434.84,Imadol,26245555.56,3,4,13,S,38378801.08,18200000
"'Syuchatar, K'",K,40271779.3,Syuchatar,27519230.77,4,6,13,N,36524064.17,22400000
"'Syuchatar, K'",K,40271779.3,Syuchatar,27519230.77,4,6,12,NE,38939095.74,24500000
"'Hattigauda, K'",K,40271779.3,Hattigauda,40888888.89,5,7,12,W,35035732.01,32500000
"'Budhanilkantha, K'",K,40271779.3,Budhanilkantha,54403539.82,3,4,10,NE,38939095.74,29900000
"'Ram Mandir, K'",K,40271779.3,Ram Mandir,29380000,2.5,5,10,W,35035732.01,26500000
"'Mahadevsthan, K'",K,40271779.3,Mahadevsthan,12614285.71,2.2,2,10,W,35035732.01,11000000
"'Mahadevsthan, K'",K,40271779.3,Mahadevsthan,12614285.71,3.2,2,15,W,35035732.01,11500000
"'Katunje, B'",B,29873684.19,Katunje,23400000,2.2,4,15,E,40021095.89,14000000
"'Katunje, B'",B,29873684.19,Katunje,23400000,5,5,13,S,38378801.08,13500000
"'Balkot, B'",B,29873684.19,Balkot,33999999.9,3.3,6,20,NE,38939095.74,25000000
"'Khumaltar, L'",L,34535434.84,Khumaltar,38023809.52,4.2,3,13,NE,38939095.74,21000000
"'Mahadevsthan, K'",K,40271779.3,Mahadevsthan,12614285.71,3,5,13,W,35035732.01,11500000
"'Chamati, K'",K,40271779.3,Chamati,48083333.33,4.2,6,12,W,35035732.01,30000000
"'Kalimati, K'",K,40271779.3,Kalimati,50750000,3,6,15,E,40021095.89,50000000
"'Kalimati, K'",K,40271779.3,Kalimati,50750000,3,4,20,W,35035732.01,22500000
"'changu Narayan, K'",K,40271779.3,Changu Narayan,26800000,5,6,12,W,35035732.01,29000000
"'Syuchatar, K'",K,40271779.3,Syuchatar,27519230.77,3.2,7,15,S,38378801.08,28500000
"'Maitidevi, K'",K,40271779.3,Maitidevi,74500000,3.2,8,18,W,35035732.01,46500000
"'Grande Hospital, K'",K,40271779.3,Grande Hospital,34471428.57,3.2,5,12,N,36524064.17,24500000
"'Manamaiju, K'",K,40271779.3,Manamaiju,31454545.45,3.2,6,13,N,36524064.17,22500000
"'Basundhara, K'",K,40271779.3,Basundhara,40705882.35,3.1,7,10,W,35035732.01,28500000
"'Samakhusi, K'",K,40271779.3,Samakhusi,44224137.93,3,6,10,S,38378801.08,25000000
"'Panchetar, K'",K,40271779.3,Panchetar,15500000,4.2,2,10,E,40021095.89,15500000
"'Baluwakhani, K'",K,40271779.3,Baluwakhani,26636363.64,3.3,8,13,N,36524064.17,17000000
"'Imadol, L'",L,34535434.84,Imadol,26245555.56,3,4,13,NE,38939095.74,19000000
"'Dhungedhara, K'",K,40271779.3,Dhungedhara,34816666.67,3.2,4,20,W,35035732.01,16000000
"'Dhungedhara, K'",K,40271779.3,Dhungedhara,34816666.67,3,5,20,E,40021095.89,15500000
"'Dhungedhara, K'",K,40271779.3,Dhungedhara,34816666.67,3,6,13,E,40021095.89,16500000
"'Tinthana, K'",K,40271779.3,Tinthana,17000000,3,3,20,N,36524064.17,18000000
"'Dawadi Gaun, K'",K,40271779.3,Dawadi Gaun,19000000,3,5,13,S,38378801.08,19000000
"'Maitidevi, K'",K,40271779.3,Maitidevi,74500000,14,8,13,S,38378801.08,100000000
"'Bafal, K'",K,40271779.3,Bafal,36767857.14,3.2,6,13,E,40021095.89,22500000
"'Putalisadak, K'",K,40271779.3,Putalisadak,63750000,5,4,15,W,35035732.01,50000000
"'Thankot, K'",K,40271779.3,Thankot,16989743.59,3,6,13,W,35035732.01,12800000
"'Mahadevsthan, K'",K,40271779.3,Mahadevsthan,12614285.71,4,2,13,W,35035732.01,12000000
"'Thankot, K'",K,40271779.3,Thankot,16989743.59,3.2,3,13,E,40021095.89,9800000
"'Thankot, K'",K,40271779.3,Thankot,16989743.59,3,4,13,N,36524064.17,17000000
"'Balaju, K'",K,40271779.3,Balaju,93340000,18,10,15,N,36524064.17,260000000
"'Ratopool, K'",K,40271779.3,Ratopool,150000000,15,12,20,W,35035732.01,150000000
"'Gothatar, K'",K,40271779.3,Gothatar,30709090.91,7,6,14,W,35035732.01,62500000
"'Bhaisepati, L'",L,34535434.84,Bhaisepati,47003669.23,4,4,16,SE,41320000,38000000
"'Naxal, K'",K,40271779.3,Naxal,68200000,4,5,15,E,40021095.89,38000000
"'Sanepa, L'",L,34535434.84,Sanepa,71436842.11,16,4,14,S,38378801.08,97500000
"'Golfutar, K'",K,40271779.3,Golfutar,47734782.61,5.2,5,12,E,40021095.89,43000000
"'Samakhusi, K'",K,40271779.3,Samakhusi,44224137.93,4,6,12,E,40021095.89,30000000
"'Bhaisepati, L'",L,34535434.84,Bhaisepati,47003669.23,3.2,3,20,W,35035732.01,27500000
"'Pasikot, K'",K,40271779.3,Pasikot,37148571.43,5.2,4,20,E,40021095.89,30000000
"'Nilopool, K'",K,40271779.3,Nilopool,26000000,4.2,8,12,SW,39995597.48,26000000
"'Pasikot, K'",K,40271779.3,Pasikot,37148571.43,5.5,4,14,E,40021095.89,32000000
"'Hepali Height, K'",K,40271779.3,Hepali Height,38807142.86,5,6,14,W,35035732.01,41000000
"'Baluwatar, K'",K,40271779.3,Baluwatar,77346153.85,10,4,16,N,36524064.17,130000000
"'Dhapasi, K'",K,40271779.3,Dhapasi,43197058.82,4.2,11,20,N,36524064.17,25000000
"'Baluwatar, K'",K,40271779.3,Baluwatar,77346153.85,5.2,9,26,W,35035732.01,70000000
"'Golfutar, K'",K,40271779.3,Golfutar,47734782.61,3,3,26,W,35035732.01,22000000
"'Bhangal, K'",K,40271779.3,Bhangal,26641463.41,3,6,10,E,40021095.89,19000000
"'Chunikhel, K'",K,40271779.3,Chunikhel,21255555.56,3.5,2,13,E,40021095.89,13000000
"'Kapan, K'",K,40271779.3,Kapan,24537096.77,4.3,5,13,N,36524064.17,20000000
"'Gongabu, K'",K,40271779.3,Gongabu,42027777.78,3,5,12,NE,38939095.74,18500000
"'Kapan, K'",K,40271779.3,Kapan,24537096.77,3,4,6,W,35035732.01,12500000
"'Bhangal, K'",K,40271779.3,Bhangal,26641463.41,4,4,13,W,35035732.01,18000000
"'Chandol, K'",K,40271779.3,Chandol,46812500,6.3,5,13,W,35035732.01,46000000
"'Chappal karkhana, K'",K,40271779.3,Chappal Karkhana,48500000,7,7,12,W,35035732.01,38500000
"'Sukedhara, K'",K,40271779.3,Sukedhara,38941379.31,6,4,12,S,38378801.08,45000000
"'Dhapasi, K'",K,40271779.3,Dhapasi,43197058.82,5,4,12,E,40021095.89,33000000
"'Bhaisepati, L'",L,34535434.84,Bhaisepati,47003669.23,3.2,4,24,S,38378801.08,28000000
"'Bhangal, K'",K,40271779.3,Bhangal,26641463.41,5,5,12,NE,38939095.74,32000000
"'Bhangal, K'",K,40271779.3,Bhangal,26641463.41,2.2,6,10,W,35035732.01,19000000
"'Swayambhu, K'",K,40271779.3,Swayambhu,34017647.06,3.1,5,15,W,35035732.01,24500000
"'Taulung, K'",K,40271779.3,Taulung,40166666.67,8.3,5,12,E,40021095.89,38000000
"'Kapan, K'",K,40271779.3,Kapan,24537096.77,3,5,15,W,35035732.01,27500000
"'Dhapasi, K'",K,40271779.3,Dhapasi,43197058.82,6,4,13,W,35035732.01,47500000
"'Dhapasi, K'",K,40271779.3,Dhapasi,43197058.82,4.1,5,13,S,38378801.08,28000000
"'Maharajgunj, K'",K,40271779.3,Maharajgunj,66125000,4,4,20,N,36524064.17,49000000
"'Tokha, K'",K,40271779.3,Tokha,26794117.65,4,5,12,N,36524064.17,13500000
"'Dhapasi, K'",K,40271779.3,Dhapasi,43197058.82,3,5,15,SW,39995597.48,32000000
"'Golfutar, K'",K,40271779.3,Golfutar,47734782.61,4,5,10,E,40021095.89,34000000
"'Baluwatar, K'",K,40271779.3,Baluwatar,77346153.85,2.2,6,12,E,40021095.89,22500000
"'Grande Hospital, K'",K,40271779.3,Grande Hospital,34471428.57,4.1,6,10,SW,39995597.48,32800000
"'Mandikhatar, K'",K,40271779.3,Mandikhatar,45133333.33,4,6,12,S,38378801.08,25000000
"'Dhapasi, K'",K,40271779.3,Dhapasi,43197058.82,7,5,13,W,35035732.01,40000000
"'Sitapaila, K'",K,40271779.3,Sitapaila,32122471.91,5,7,24,N,36524064.17,55000000
"'Tokha, K'",K,40271779.3,Tokha,26794117.65,4,5,13,W,35035732.01,21500000
"'Hepali Height, K'",K,40271779.3,Hepali Height,38807142.86,4.1,5,12,S,38378801.08,34500000
"'Budhanilkantha, K'",K,40271779.3,Budhanilkantha,54403539.82,5.2,4,15,E,40021095.89,32500000
"'Golfutar, K'",K,40271779.3,Golfutar,47734782.61,4,6,13,S,38378801.08,34500000
"'Shankhamul, K'",K,40271779.3,Shankhamul,43166666.67,5,6,12,NE,38939095.74,32500000
"'Banasthali, K'",K,40271779.3,Banasthali,47525000,5,6,14,W,35035732.01,29500000
"'Kapan, K'",K,40271779.3,Kapan,24537096.77,12.62,4,16,W,35035732.01,36000000
"'Tokha, K'",K,40271779.3,Tokha,26794117.65,3.5,4,12,E,40021095.89,24500000
"'Mandikhatar, K'",K,40271779.3,Mandikhatar,45133333.33,8,5,32,W,35035732.01,65000000
"'Budhanilkantha, K'",K,40271779.3,Budhanilkantha,54403539.82,17.2,5,13,W,35035732.01,67500000
"'Dhapasi, K'",K,40271779.3,Dhapasi,43197058.82,3,5,12,S,38378801.08,21500000
"'Nakhipot, L'",L,34535434.84,Nakhipot,39136363.64,13,6,14,S,38378801.08,55000000
"'Banasthali, K'",K,40271779.3,Banasthali,47525000,6,6,13,N,36524064.17,49500000
"'Thankot, K'",K,40271779.3,Thankot,16989743.59,2.8,6,13,SE,41320000,18000000
"'Thankot, K'",K,40271779.3,Thankot,16989743.59,2.2,5,10,S,38378801.08,11500000
"'Kalanki, K'",K,40271779.3,Kalanki,26308823.53,2.3,4,13,SE,41320000,13000000
"'Thankot, K'",K,40271779.3,Thankot,16989743.59,5,5,10,E,40021095.89,21000000
"'Thankot, K'",K,40271779.3,Thankot,16989743.59,2.3,4,11,N,36524064.17,13500000
"'Thankot, K'",K,40271779.3,Thankot,16989743.59,6.2,5,11,SE,41320000,17500000
"'Thankot, K'",K,40271779.3,Thankot,16989743.59,3,4,13,E,40021095.89,12000000
"'Thankot, K'",K,40271779.3,Thankot,16989743.59,3.2,4,13,W,35035732.01,14000000
"'Bansbari, K'",K,40271779.3,Bansbari,52578947.37,6,6,10,S,38378801.08,36000000
"'Chandol, K'",K,40271779.3,Chandol,46812500,8,4,20,E,40021095.89,40000000
"'Sitapaila, K'",K,40271779.3,Sitapaila,32122471.91,4.5,5,20,E,40021095.89,26500000
"'Chappal karkhana, K'",K,40271779.3,Chappal Karkhana,48500000,4,6,10,SE,41320000,35000000
"'Hepali Height, K'",K,40271779.3,Hepali Height,38807142.86,5.5,5,16,NW,36240206.19,43000000
"'Dhapasi, K'",K,40271779.3,Dhapasi,43197058.82,3,3,26,S,38378801.08,22000000
"'Ramkot, K'",K,40271779.3,Ramkot,25384615.38,4.3,4,15,S,38378801.08,23000000
"'Lainchaur, K'",K,40271779.3,Lainchaur,45000000,6.2,5,15,S,38378801.08,55000000
"'Naxal, K'",K,40271779.3,Naxal,68200000,8.1,6,15,S,38378801.08,76000000
"'Naxal, K'",K,40271779.3,Naxal,68200000,4,6,15,S,38378801.08,38000000
"'Syuchatar, K'",K,40271779.3,Syuchatar,27519230.77,6,4,13,E,40021095.89,32000000
"'Dhapasi, K'",K,40271779.3,Dhapasi,43197058.82,3,6,12,S,38378801.08,32000000
"'Budhanilkantha, K'",K,40271779.3,Budhanilkantha,54403539.82,3.1,6,12,E,40021095.89,23500000
"'Maitidevi, K'",K,40271779.3,Maitidevi,74500000,3.5,8,20,W,35035732.01,46500000
"'Samakhusi, K'",K,40271779.3,Samakhusi,44224137.93,4,6,13,S,38378801.08,32000000
"'Golfutar, K'",K,40271779.3,Golfutar,47734782.61,4,6,15,W,35035732.01,32500000
"'Budhanilkantha, K'",K,40271779.3,Budhanilkantha,54403539.82,3.5,7,12,W,35035732.01,48000000
"'Samakhusi, K'",K,40271779.3,Samakhusi,44224137.93,3.5,6,20,E,40021095.89,25000000
"'Sukedhara, K'",K,40271779.3,Sukedhara,38941379.31,4,5,12,N,36524064.17,42500000
"'Budhanilkantha, K'",K,40271779.3,Budhanilkantha,54403539.82,12,4,12,N,36524064.17,67500000
"'Hattigauda, K'",K,40271779.3,Hattigauda,40888888.89,4,4,10,S,38378801.08,54000000
"'Budhanilkantha, K'",K,40271779.3,Budhanilkantha,54403539.82,6,5,12,W,35035732.01,95000000
"'Chappal karkhana, K'",K,40271779.3,Chappal Karkhana,48500000,3.2,4,12,N,36524064.17,32000000
"'Samakhusi, K'",K,40271779.3,Samakhusi,44224137.93,4,6,15,W,35035732.01,32000000
"'Thapathali, K'",K,40271779.3,Thapathali,64720000,10,4,18,W,35035732.01,69000000
"'Bhaisepati, L'",L,34535434.84,Bhaisepati,47003669.23,4.2,2,16,N,36524064.17,28000000
"'Nakhipot, L'",L,34535434.84,Nakhipot,39136363.64,3.3,4,16,N,36524064.17,23000000
"'Banasthali, K'",K,40271779.3,Banasthali,47525000,4.5,7,15,N,36524064.17,45000000
"'Satdobato, L'",L,34535434.84,Satdobato,41446666.67,9,6,20,N,36524064.17,45000000
"'Sanepa, L'",L,34535434.84,Sanepa,71436842.11,16,6,10,E,40021095.89,120000000
"'Sanepa, L'",L,34535434.84,Sanepa,71436842.11,7,6,15,N,36524064.17,75000000
"'Hattiban, L'",L,34535434.84,Hattiban,39415384.62,4.2,4,18,W,35035732.01,100000000
"'Jawalakhel, L'",L,34535434.84,Jawalakhel,66500000,4,5,12,W,35035732.01,36000000
"'Hattiban, L'",L,34535434.84,Hattiban,39415384.62,3,4,12,E,40021095.89,30000000
"'Samakhusi, K'",K,40271779.3,Samakhusi,44224137.93,8,1,20,E,40021095.89,120000000
"'Bouddha, K'",K,40271779.3,Bouddha,61083333.33,7,1,20,N,36524064.17,60000000
"'Budhanilkantha, K'",K,40271779.3,Budhanilkantha,54403539.82,6,1,16,S,38378801.08,45000000
"'Sitapaila, K'",K,40271779.3,Sitapaila,32122471.91,8,1,24,E,40021095.89,55000000
"'Naxal, K'",K,40271779.3,Naxal,68200000,15,1,16,N,36524064.17,90000000
"'Dhapasi, K'",K,40271779.3,Dhapasi,43197058.82,4.5,6,10,S,38378801.08,32000000
"'Hepali Height, K'",K,40271779.3,Hepali Height,38807142.86,4.1,5,12,S,38378801.08,34000000
"'Naxal, K'",K,40271779.3,Naxal,68200000,4,6,15,SE,41320000,38000000
"'Budhanilkantha, K'",K,40271779.3,Budhanilkantha,54403539.82,5.5,7,12,S,38378801.08,45000000
"'Gongabu, K'",K,40271779.3,Gongabu,42027777.78,13,6,15,S,38378801.08,80000000
"'Sukedhara, K'",K,40271779.3,Sukedhara,38941379.31,14,5,20,W,35035732.01,105000000
"'Hepali Height, K'",K,40271779.3,Hepali Height,38807142.86,4,1,15,E,40021095.89,32000000
"'Budhanilkantha, K'",K,40271779.3,Budhanilkantha,54403539.82,9,5,16,W,35035732.01,105000000
"'Pasikot, K'",K,40271779.3,Pasikot,37148571.43,5,4,13,E,40021095.89,55000000
"'Budhanilkantha, K'",K,40271779.3,Budhanilkantha,54403539.82,7.8,7,12,E,40021095.89,70000000
"'Budhanilkantha, K'",K,40271779.3,Budhanilkantha,54403539.82,7,10,15,N,36524064.17,57000000
"'Kupandole, L'",L,34535434.84,Kupandole,65055555.56,16,4,12,W,35035732.01,52000000
"'Nakhu, L'",L,34535434.84,Nakhu,31019047.62,4.1,5,30,N,36524064.17,25000000
"'Kupandole, L'",L,34535434.84,Kupandole,65055555.56,4,5,15,E,40021095.89,25000000
"'Hattiban, L'",L,34535434.84,Hattiban,39415384.62,3,6,20,E,40021095.89,35000000
"'Bhaisepati, L'",L,34535434.84,Bhaisepati,47003669.23,4.3,4,10,W,35035732.01,25000000
"'Bhaisepati, L'",L,34535434.84,Bhaisepati,47003669.23,3.5,6,10,N,36524064.17,24500000
"'Nakhipot, L'",L,34535434.84,Nakhipot,39136363.64,3.1,4,13,W,35035732.01,21500000
"'Sorhakhutte, K'",K,40271779.3,Sorhakhutte,43900000,5,4,10,N,36524064.17,37000000
"'Bhaisepati, L'",L,34535434.84,Bhaisepati,47003669.23,6.5,4,13,NW,36240206.19,37500000
"'Bhaisepati, L'",L,34535434.84,Bhaisepati,47003669.23,4,3,13,W,35035732.01,27500000
"'Hattiban, L'",L,34535434.84,Hattiban,39415384.62,3,5,22,N,36524064.17,28000000
"'Kusunti, L'",L,34535434.84,Kusunti,47312500,9,4,20,E,40021095.89,110000000
"'Kalanki, K'",K,40271779.3,Kalanki,26308823.53,4.2,4,10,E,40021095.89,18000000
"'Basundhara, K'",K,40271779.3,Basundhara,40705882.35,4,6,10,W,35035732.01,37000000
"'Imadol, L'",L,34535434.84,Imadol,26245555.56,3.3,6,12,N,36524064.17,21500000
"'Budhanilkantha, K'",K,40271779.3,Budhanilkantha,54403539.82,6,5,20,E,40021095.89,77000000
"'Gokarneswhor, K'",K,40271779.3,Gokarneswhor,24166666.67,4,8,11,W,35035732.01,27000000
"'Kusunti, L'",L,34535434.84,Kusunti,47312500,5.2,4,15,SW,39995597.48,42500000
"'Sitapaila, K'",K,40271779.3,Sitapaila,32122471.91,4,5,10,E,40021095.89,22000000
"'Balambu, K'",K,40271779.3,Balambu,21000000,4,4,13,E,40021095.89,22500000
"'Rai Chowk, K'",K,40271779.3,Rai Chowk,25000000,3.7,6,12,E,40021095.89,25000000
"'Sainbu, L'",L,34535434.84,Sainbu,41642857.14,4.7,4,13,SW,39995597.48,35000000
"'Bhaisepati, L'",L,34535434.84,Bhaisepati,47003669.23,12,11,18,E,40021095.89,160000000
"'Sitapaila, K'",K,40271779.3,Sitapaila,32122471.91,3.7,6,10,NE,38939095.74,30000000
"'Ramkot, K'",K,40271779.3,Ramkot,25384615.38,3.2,6,16,W,35035732.01,26000000
"'Swayambhu, K'",K,40271779.3,Swayambhu,34017647.06,4.5,6,13,NE,38939095.74,38000000
"'Sitapaila, K'",K,40271779.3,Sitapaila,32122471.91,2.5,6,13,W,35035732.01,22000000
"'Sitapaila, K'",K,40271779.3,Sitapaila,32122471.91,2.5,4,10,W,35035732.01,20000000
"'Sitapaila, K'",K,40271779.3,Sitapaila,32122471.91,4.5,6,12,S,38378801.08,27500000
"'Sitapaila, K'",K,40271779.3,Sitapaila,32122471.91,3.8,4,14,W,35035732.01,35000000
"'Thankot, K'",K,40271779.3,Thankot,16989743.59,3,8,13,E,40021095.89,22000000
"'Thankot, K'",K,40271779.3,Thankot,16989743.59,3,4,12,W,35035732.01,16500000
"'Thankot, K'",K,40271779.3,Thankot,16989743.59,4.5,8,13,E,40021095.89,18500000
"'Thankot, K'",K,40271779.3,Thankot,16989743.59,3.1,3,13,E,40021095.89,11500000
"'Thankot, K'",K,40271779.3,Thankot,16989743.59,3.5,7,13,E,40021095.89,17000000
"'Dhungedhara, K'",K,40271779.3,Dhungedhara,34816666.67,3,5,13,N,36524064.17,33000000
"'Sano bharyang, K'",K,40271779.3,Sano Bharyang,35300000,3.5,6,12,E,40021095.89,31000000
"'Sitapaila, K'",K,40271779.3,Sitapaila,32122471.91,3.1,5,14,SE,41320000,23500000
"'Budhanilkantha, K'",K,40271779.3,Budhanilkantha,54403539.82,14.5,5,13,S,38378801.08,120000000
"'Bafal, K'",K,40271779.3,Bafal,36767857.14,3.2,6,13,S,38378801.08,45000000
"'Sitapaila, K'",K,40271779.3,Sitapaila,32122471.91,3,4,16,W,35035732.01,30000000
"'Baniyatar, K'",K,40271779.3,Baniyatar,29888888.89,6,6,12,SE,41320000,60000000
"'Kimdol, K'",K,40271779.3,Kimdol,61500000,5.3,5,13,SW,39995597.48,61500000
"'Dallu, K'",K,40271779.3,Dallu,36944444.44,5.3,5,13,SW,39995597.48,50000000
"'Sitapaila, K'",K,40271779.3,Sitapaila,32122471.91,5.3,5,16,SW,39995597.48,38500000
"'Sano bharyang, K'",K,40271779.3,Sano Bharyang,35300000,3.2,9,20,S,38378801.08,36000000
"'Bafal, K'",K,40271779.3,Bafal,36767857.14,4,6,13,NW,36240206.19,28500000
"'Chamati, K'",K,40271779.3,Chamati,48083333.33,3.1,7,20,N,36524064.17,35500000
"'Sitapaila, K'",K,40271779.3,Sitapaila,32122471.91,6,7,18,SW,39995597.48,55000000
"'Sitapaila, K'",K,40271779.3,Sitapaila,32122471.91,7,6,13,W,35035732.01,42500000
"'Swayambhu, K'",K,40271779.3,Swayambhu,34017647.06,6,4,20,S,38378801.08,26700000
"'Sitapaila, K'",K,40271779.3,Sitapaila,32122471.91,2.2,3,10,S,38378801.08,22500000
"'Ramkot, K'",K,40271779.3,Ramkot,25384615.38,4,6,12,S,38378801.08,28500000
"'Kalimati, K'",K,40271779.3,Kalimati,50750000,5.3,4,13,S,38378801.08,38000000
"'Ramkot, K'",K,40271779.3,Ramkot,25384615.38,7.2,9,16,E,40021095.89,42000000
"'Gongabu, K'",K,40271779.3,Gongabu,42027777.78,2.2,6,12,N,36524064.17,24500000
"'Sangam Basti, L'",L,34535434.84,Sangam Basti,68000000,6,5,13,N,36524064.17,68000000
"'Bansbari, K'",K,40271779.3,Bansbari,52578947.37,4,7,13,SE,41320000,45000000
"'Budhanilkantha, K'",K,40271779.3,Budhanilkantha,54403539.82,16,11,16,SE,41320000,80000000
"'Nagarjun, K'",K,40271779.3,Nagarjun,44030000,3.1,7,12,N,36524064.17,29900000
"'Nagarjun, K'",K,40271779.3,Nagarjun,44030000,4,8,13,NW,36240206.19,37500000
"'Nagarjun, K'",K,40271779.3,Nagarjun,44030000,3,5,14,S,38378801.08,325000000
"'Dallu, K'",K,40271779.3,Dallu,36944444.44,3.2,4,20,SW,39995597.48,28500000
"'Nagarjun, K'",K,40271779.3,Nagarjun,44030000,10.2,6,14,NW,36240206.19,60000000
"'Thulo Bharayang, K'",K,40271779.3,Thulo Bharayang,35125000,4.2,7,13,NE,38939095.74,41500000
"'Sitapaila, K'",K,40271779.3,Sitapaila,32122471.91,8,8,13,E,40021095.89,42000000
"'Nagarjun, K'",K,40271779.3,Nagarjun,44030000,3,6,13,N,36524064.17,31500000
"'Radha Krishna, K'",K,40271779.3,Radha Krishna,26500000,3,5,13,S,38378801.08,26500000
"'Sano bharyang, K'",K,40271779.3,Sano Bharyang,35300000,5.5,6,13,SW,39995597.48,37500000
"'Buddha Chowk, K'",K,40271779.3,Buddha Chowk,30375000,3,6,12,NW,36240206.19,22500000
"'Sano bharyang, K'",K,40271779.3,Sano Bharyang,35300000,3.1,5,13,W,35035732.01,26000000
"'Chamati, K'",K,40271779.3,Chamati,48083333.33,2.5,8,20,E,40021095.89,29500000
"'Swayambhu, K'",K,40271779.3,Swayambhu,34017647.06,4,4,16,N,36524064.17,33500000
"'Nagarjun, K'",K,40271779.3,Nagarjun,44030000,4,4,13,E,40021095.89,30000000
"'Sitapaila, K'",K,40271779.3,Sitapaila,32122471.91,6.7,9,10,W,35035732.01,38500000
"'Imadol, L'",L,34535434.84,Imadol,26245555.56,3,5,13,E,40021095.89,27500000
"'Imadol, L'",L,34535434.84,Imadol,26245555.56,3,6,13,N,36524064.17,27500000
"'Imadol, L'",L,34535434.84,Imadol,26245555.56,5,7,13,E,40021095.89,34500000
"'Sano bharyang, K'",K,40271779.3,Sano Bharyang,35300000,4.2,5,20,SE,41320000,49000000
"'Chamati, K'",K,40271779.3,Chamati,48083333.33,2.5,5,20,S,38378801.08,27000000
"'Sorhakhutte, K'",K,40271779.3,Sorhakhutte,43900000,2.3,12,7,E,40021095.89,25000000
"'Imadol, L'",L,34535434.84,Imadol,26245555.56,3.5,6,13,E,40021095.89,27500000
"'Bhaisepati, L'",L,34535434.84,Bhaisepati,47003669.23,5,7,13,SW,39995597.48,38000000
"'Sitapaila, K'",K,40271779.3,Sitapaila,32122471.91,4.5,8,13,S,38378801.08,39000000
"'Baneshwor, K'",K,40271779.3,Baneshwor,51242857.14,5.3,3,8,S,38378801.08,33000000
"'Budhanilkantha, K'",K,40271779.3,Budhanilkantha,54403539.82,2.2,3,13,S,38378801.08,14500000
"'Dhapasi Height, K'",K,40271779.3,Dhapasi Height,127500000,14,2,14,NE,38939095.74,127500000
"'Hattiban, L'",L,34535434.84,Hattiban,39415384.62,3,5,13,S,38378801.08,21500000
"'Sorhakhutte, K'",K,40271779.3,Sorhakhutte,43900000,7,9,8,SE,41320000,65000000
"'Sitapaila, K'",K,40271779.3,Sitapaila,32122471.91,3.5,4,14,SE,41320000,28500000
"'Bafal, K'",K,40271779.3,Bafal,36767857.14,4,4,14,S,38378801.08,41000000
"'Nagarjun, K'",K,40271779.3,Nagarjun,44030000,2.7,4,13,N,36524064.17,25500000
"'Nagarjun, K'",K,40271779.3,Nagarjun,44030000,3,6,13,E,40021095.89,32000000
"'Chandragiri, K'",K,40271779.3,Chandragiri,22463636.36,4,6,13,E,40021095.89,26500000
"'Chandragiri, K'",K,40271779.3,Chandragiri,22463636.36,5,6,13,E,40021095.89,23500000
"'Chamati, K'",K,40271779.3,Chamati,48083333.33,2.3,7,16,E,40021095.89,26500000
"'Sano bharyang, K'",K,40271779.3,Sano Bharyang,35300000,5,6,13,W,35035732.01,39800000
"'Hattiban, L'",L,34535434.84,Hattiban,39415384.62,5.5,5,13,E,40021095.89,34000000
"'Kaushaltar, B'",B,29873684.19,Kaushaltar,24300000,4,5,10,N,36524064.17,32000000
"'Syuchatar, K'",K,40271779.3,Syuchatar,27519230.77,4,5,13,NE,38939095.74,39500000
"'Sitapaila, K'",K,40271779.3,Sitapaila,32122471.91,3.7,6,13,NW,36240206.19,28500000
"'Sitapaila, K'",K,40271779.3,Sitapaila,32122471.91,3,6,13,SW,39995597.48,26000000
"'Sano bharyang, K'",K,40271779.3,Sano Bharyang,35300000,2.3,5,14,E,40021095.89,30000000
"'Satungal, K'",K,40271779.3,Satungal,20550000,3,5,10,NE,38939095.74,19500000
"'Satungal, K'",K,40271779.3,Satungal,20550000,2.3,5,10,NE,38939095.74,18500000
"'Naikap, K'",K,40271779.3,Naikap,27187500,8,11,13,NE,38939095.74,46500000
"'Bhaisepati, L'",L,34535434.84,Bhaisepati,47003669.23,3.1,5,13,NE,38939095.74,29000000
"'Gokarneswhor, K'",K,40271779.3,Gokarneswhor,24166666.67,4.5,11,12,SE,41320000,35000000
"'Hattiban, L'",L,34535434.84,Hattiban,39415384.62,2.3,4,13,S,38378801.08,21500000
"'Godamchaur, L'",L,34535434.84,Godamchaur,29000000,3.2,6,13,S,38378801.08,29000000
"'Sano bharyang, K'",K,40271779.3,Sano Bharyang,35300000,3,4,13,N,36524064.17,22500000
"'Sitapaila, K'",K,40271779.3,Sitapaila,32122471.91,3.2,5,13,W,35035732.01,28500000
"'Sitapaila, K'",K,40271779.3,Sitapaila,32122471.91,9,5,16,N,36524064.17,55000000
"'Bafal, K'",K,40271779.3,Bafal,36767857.14,4.2,4,20,N,36524064.17,40000000
"'Kuleshwor, K'",K,40271779.3,Kuleshwor,51166666.67,7,7,22,N,36524064.17,75000000
"'Chandragiri, K'",K,40271779.3,Chandragiri,22463636.36,5.1,6,13,N,36524064.17,27000000
"'Bhaisepati, L'",L,34535434.84,Bhaisepati,47003669.23,8,6,10,NE,38939095.74,60000000
"'Bhaisepati, L'",L,34535434.84,Bhaisepati,47003669.23,3.3,4,14,SW,39995597.48,37500000
"'Imadol, L'",L,34535434.84,Imadol,26245555.56,3.1,5,13,SE,41320000,28500000
"'Sitapaila, K'",K,40271779.3,Sitapaila,32122471.91,8,5,16,S,38378801.08,60000000
"'Nagarjun, K'",K,40271779.3,Nagarjun,44030000,3,8,13,E,40021095.89,31000000
"'Nagarjun, K'",K,40271779.3,Nagarjun,44030000,2.2,4,13,E,40021095.89,27500000
"'Bafal, K'",K,40271779.3,Bafal,36767857.14,3,5,12,W,35035732.01,28500000
"'Sitapaila, K'",K,40271779.3,Sitapaila,32122471.91,3,6,16,N,36524064.17,22000000
"'Bafal, K'",K,40271779.3,Bafal,36767857.14,4,7,13,N,36524064.17,28500000
"'Nagarjun, K'",K,40271779.3,Nagarjun,44030000,3,6,13,N,36524064.17,20500000
"'Nagarjun, K'",K,40271779.3,Nagarjun,44030000,2.2,4,16,S,38378801.08,18000000
"'Sitapaila, K'",K,40271779.3,Sitapaila,32122471.91,3.5,4,13,SE,41320000,35000000
"'Nagarjun, K'",K,40271779.3,Nagarjun,44030000,3.8,4,13,SE,41320000,24000000
"'Nakhu, L'",L,34535434.84,Nakhu,31019047.62,5.2,4,13,NE,38939095.74,39000000
"'Nagarjun, K'",K,40271779.3,Nagarjun,44030000,6,9,13,E,40021095.89,47000000
"'Sitapaila, K'",K,40271779.3,Sitapaila,32122471.91,7.2,5,16,NE,38939095.74,50000000
"'Sitapaila, K'",K,40271779.3,Sitapaila,32122471.91,5,4,16,SE,41320000,37500000
"'Ramkot, K'",K,40271779.3,Ramkot,25384615.38,3.3,4,13,SW,39995597.48,24000000
"'Dallu, K'",K,40271779.3,Dallu,36944444.44,3,4,13,N,36524064.17,29500000
"'Budhanilkantha, K'",K,40271779.3,Budhanilkantha,54403539.82,20,4,13,E,40021095.89,125000000
"'Sitapaila, K'",K,40271779.3,Sitapaila,32122471.91,4.5,6,22,NE,38939095.74,33500000
"'Raniban, K'",K,40271779.3,Raniban,37400000,4.2,6,20,SW,39995597.48,42500000
"'Raniban, K'",K,40271779.3,Raniban,37400000,4.3,3,20,E,40021095.89,42500000
"'Sitapaila, K'",K,40271779.3,Sitapaila,32122471.91,3.5,5,13,E,40021095.89,29000000
"'Bafal, K'",K,40271779.3,Bafal,36767857.14,4,5,13,SW,39995597.48,28500000
"'Lolang, K'",K,40271779.3,Lolang,19860000,4.1,6,10,SW,39995597.48,18500000
"'Thulo Bharayang, K'",K,40271779.3,Thulo Bharayang,35125000,3,4,13,E,40021095.89,28000000
"'Thulo Bharayang, K'",K,40271779.3,Thulo Bharayang,35125000,3.2,5,10,S,38378801.08,32500000
"'Ramkot, K'",K,40271779.3,Ramkot,25384615.38,4,6,26,NE,38939095.74,30500000
"'Tarakeshwar, K'",K,40271779.3,Tarakeshwar,20000000,3.2,6,20,NW,36240206.19,36000000
"'Sitapaila, K'",K,40271779.3,Sitapaila,32122471.91,3,4,13,E,40021095.89,26000000
"'Sitapaila, K'",K,40271779.3,Sitapaila,32122471.91,4,5,15,E,40021095.89,26500000
"'Sano bharyang, K'",K,40271779.3,Sano Bharyang,35300000,5,8,16,SW,39995597.48,43000000
"'Sitapaila, K'",K,40271779.3,Sitapaila,32122471.91,4,6,16,W,35035732.01,30500000
"'Golfutar, K'",K,40271779.3,Golfutar,47734782.61,8,7,14,N,36524064.17,77500000
"'Sitapaila, K'",K,40271779.3,Sitapaila,32122471.91,3.2,7,13,E,40021095.89,23500000
"'Dallu, K'",K,40271779.3,Dallu,36944444.44,4,7,13,S,38378801.08,46500000
"'Syuchatar, K'",K,40271779.3,Syuchatar,27519230.77,4.5,7,10,S,38378801.08,22000000
"'Dallu, K'",K,40271779.3,Dallu,36944444.44,4,6,13,S,38378801.08,40000000
"'Banglamukhi, K'",K,40271779.3,Banglamukhi,29000000,3.2,7,16,E,40021095.89,29000000
"'Sano bharyang, K'",K,40271779.3,Sano Bharyang,35300000,3.2,4,14,SE,41320000,27500000
"'Nagarjun, K'",K,40271779.3,Nagarjun,44030000,3,4,12,E,40021095.89,20000000
"'Raniban, K'",K,40271779.3,Raniban,37400000,5.5,5,18,N,36524064.17,62000000
"'Magargaun, L'",L,34535434.84,Magargaun,30000000,3.3,4,13,W,35035732.01,30000000
"'Raniban, K'",K,40271779.3,Raniban,37400000,3,3,13,W,35035732.01,30000000
"'Raniban, K'",K,40271779.3,Raniban,37400000,5,5,22,S,38378801.08,47500000
"'Hattigauda, K'",K,40271779.3,Hattigauda,40888888.89,7,7,22,SE,41320000,30000000
"'Hattiban, L'",L,34535434.84,Hattiban,39415384.62,5,4,22,E,40021095.89,26000000
"'Chandragiri, K'",K,40271779.3,Chandragiri,22463636.36,4,4,13,NE,38939095.74,25500000
"'Syuchatar, K'",K,40271779.3,Syuchatar,27519230.77,4,5,14,N,36524064.17,22000000
"'Budhanilkantha, K'",K,40271779.3,Budhanilkantha,54403539.82,5,5,13,S,38378801.08,37500000
"'Ramkot, K'",K,40271779.3,Ramkot,25384615.38,3,5,12,N,36524064.17,18500000
"'Swayambhu, K'",K,40271779.3,Swayambhu,34017647.06,2.7,6,12,N,36524064.17,25000000
"'Sano bharyang, K'",K,40271779.3,Sano Bharyang,35300000,3.1,6,13,S,38378801.08,25000000
"'Sitapaila, K'",K,40271779.3,Sitapaila,32122471.91,3.1,6,20,S,38378801.08,35000000
"'Nakhipot, L'",L,34535434.84,Nakhipot,39136363.64,3.7,4,18,W,35035732.01,28500000
"'Gairgaun, K'",K,40271779.3,Gairgaun,35300000,4.5,8,13,W,35035732.01,23500000
"'Tokha, K'",K,40271779.3,Tokha,26794117.65,3,3,16,SE,41320000,22500000
"'Tokha, K'",K,40271779.3,Tokha,26794117.65,4,6,13,NW,36240206.19,27000000
"'Grande Hospital, K'",K,40271779.3,Grande Hospital,34471428.57,3.3,4,16,SW,39995597.48,37000000
"'Khumaltar, L'",L,34535434.84,Khumaltar,38023809.52,4,6,13,E,40021095.89,35000000
"'Khumaltar, L'",L,34535434.84,Khumaltar,38023809.52,3.5,6,16,S,38378801.08,25000000
"'Jharuwarasi, L'",L,34535434.84,Jharuwarasi,14500000,6,4,20,E,40021095.89,16000000
"'Bafal, K'",K,40271779.3,Bafal,36767857.14,3,6,12,N,36524064.17,35000000
"'changu Narayan, K'",K,40271779.3,Changu Narayan,26800000,3.1,5,12,SE,41320000,27500000
"'Sitapaila, K'",K,40271779.3,Sitapaila,32122471.91,4,6,10,W,35035732.01,33000000
"'Kapan, K'",K,40271779.3,Kapan,24537096.77,4.6,5,15,SW,39995597.48,47500000
"'Tarakeshwar, K'",K,40271779.3,Tarakeshwar,20000000,5,7,18,SE,41320000,23000000
"'Sano bharyang, K'",K,40271779.3,Sano Bharyang,35300000,10,8,14,W,35035732.01,50000000
"'Banasthali, K'",K,40271779.3,Banasthali,47525000,11,4,20,E,40021095.89,70000000
"'Nepaltar, K'",K,40271779.3,Nepaltar,23085714.29,5.3,6,13,W,35035732.01,36500000
"'Dahachowk, K'",K,40271779.3,Dahachowk,18250000,4,4,13,E,40021095.89,18500000
"'Budhanilkantha, K'",K,40271779.3,Budhanilkantha,54403539.82,7.5,5,13,NE,38939095.74,55000000
"'Sano bharyang, K'",K,40271779.3,Sano Bharyang,35300000,4.5,6,13,SW,39995597.48,31500000
"'Budhanilkantha, K'",K,40271779.3,Budhanilkantha,54403539.82,16,4,13,N,36524064.17,70000000
"'Sano bharyang, K'",K,40271779.3,Sano Bharyang,35300000,3.3,4,13,NE,38939095.74,27000000
"'Sitapaila, K'",K,40271779.3,Sitapaila,32122471.91,3.5,3,12,S,38378801.08,28000000
"'Sitapaila, K'",K,40271779.3,Sitapaila,32122471.91,3,5,16,S,38378801.08,23000000
"'Kusunti, L'",L,34535434.84,Kusunti,47312500,5.4,4,16,NW,36240206.19,36500000
"'Mahankal, K'",K,40271779.3,Mahankal,28250000,4.3,6,16,E,40021095.89,23000000
"'Sitapaila, K'",K,40271779.3,Sitapaila,32122471.91,4.3,6,16,SE,41320000,24000000
"'Dallu, K'",K,40271779.3,Dallu,36944444.44,4.7,5,16,W,35035732.01,40000000
"'Budhanilkantha, K'",K,40271779.3,Budhanilkantha,54403539.82,21,5,16,S,38378801.08,105000000
"'Budhanilkantha, K'",K,40271779.3,Budhanilkantha,54403539.82,6,5,16,N,36524064.17,45000000
"'Budhanilkantha, K'",K,40271779.3,Budhanilkantha,54403539.82,10,5,16,SE,41320000,120000000
"'Budhanilkantha, K'",K,40271779.3,Budhanilkantha,54403539.82,8,5,20,W,35035732.01,100000000
"'Sano bharyang, K'",K,40271779.3,Sano Bharyang,35300000,3.5,4,12,S,38378801.08,30000000
"'Budhanilkantha, K'",K,40271779.3,Budhanilkantha,54403539.82,7.5,4,16,SW,39995597.48,55000000
"'Gongabu, K'",K,40271779.3,Gongabu,42027777.78,12,14,16,NW,36240206.19,90000000
"'Bouddha, K'",K,40271779.3,Bouddha,61083333.33,11,11,12,S,38378801.08,185000000
"'Halchowk, K'",K,40271779.3,Halchowk,31000000,4.5,5,13,S,38378801.08,36000000
"'Sitapaila, K'",K,40271779.3,Sitapaila,32122471.91,5.3,6,13,NE,38939095.74,31500000
"'Dhapasi, K'",K,40271779.3,Dhapasi,43197058.82,4,6,13,SW,39995597.48,25000000
"'Sano bharyang, K'",K,40271779.3,Sano Bharyang,35300000,4.3,5,13,E,40021095.89,34000000
"'Chhauni, K'",K,40271779.3,Chhauni,40166666.67,4.6,5,20,SE,41320000,27000000
"'Raniban, K'",K,40271779.3,Raniban,37400000,4.5,5,20,W,35035732.01,30000000
"'Satungal, K'",K,40271779.3,Satungal,20550000,3.6,5,16,E,40021095.89,18000000
"'Satungal, K'",K,40271779.3,Satungal,20550000,3.6,5,12,E,40021095.89,18000000
"'Thankot, K'",K,40271779.3,Thankot,16989743.59,3,2,16,E,40021095.89,14000000
"'Halchowk, K'",K,40271779.3,Halchowk,31000000,4.3,4,16,N,36524064.17,26000000
"'Swayambhu, K'",K,40271779.3,Swayambhu,34017647.06,4,5,13,N,36524064.17,34000000
"'Tahachal, K'",K,40271779.3,Tahachal,72333333.33,4.5,7,16,NE,38939095.74,55000000
"'Tahachal, K'",K,40271779.3,Tahachal,72333333.33,4.5,7,16,N,36524064.17,52500000
"'Kalanki, K'",K,40271779.3,Kalanki,26308823.53,4.5,4,16,SW,39995597.48,30000000
"'Raniban, K'",K,40271779.3,Raniban,37400000,4.5,5,16,N,36524064.17,30000000
"'Tarakeshwar, K'",K,40271779.3,Tarakeshwar,20000000,4.5,5,16,N,36524064.17,21000000
"'Sitapaila, K'",K,40271779.3,Sitapaila,32122471.91,4.5,4,16,N,36524064.17,26000000
"'Bhatbhateni, K'",K,40271779.3,Bhatbhateni,30000000,4.5,3,16,S,38378801.08,30000000
"'Syuchatar, K'",K,40271779.3,Syuchatar,27519230.77,4.7,4,16,S,38378801.08,16000000
"'Sano bharyang, K'",K,40271779.3,Sano Bharyang,35300000,6.3,5,16,NW,36240206.19,35000000
"'Budhanilkantha, K'",K,40271779.3,Budhanilkantha,54403539.82,8,5,16,N,36524064.17,48000000
"'Imadol, L'",L,34535434.84,Imadol,26245555.56,4,5,12,W,35035732.01,29000000
"'Satdobato, L'",L,34535434.84,Satdobato,41446666.67,3,5,10,W,35035732.01,47500000
"'Imadol, L'",L,34535434.84,Imadol,26245555.56,2.3,4,10,W,35035732.01,19900000
"'Bhaisepati, L'",L,34535434.84,Bhaisepati,47003669.23,7,4,12,NW,36240206.19,40000000
"'Bhaisepati, L'",L,34535434.84,Bhaisepati,47003669.23,3.2,4,13,NW,36240206.19,33000000
"'Budhanilkantha, K'",K,40271779.3,Budhanilkantha,54403539.82,4.3,5,14,NE,38939095.74,40000000
"'Gyaneshwor, K'",K,40271779.3,Gyaneshwor,40000000,2.2,13,10,W,35035732.01,45000000
"'Bhaisepati, L'",L,34535434.84,Bhaisepati,47003669.23,5,5,12,E,40021095.89,30000000
"'Imadol, L'",L,34535434.84,Imadol,26245555.56,5.2,6,13,NE,38939095.74,49900000
"'Kharibot, K'",K,40271779.3,Kharibot,32900000,3,4,16,S,38378801.08,24500000
"'Bafal, K'",K,40271779.3,Bafal,36767857.14,4,4,13,SE,41320000,25000000
"'Khumaltar, L'",L,34535434.84,Khumaltar,38023809.52,4,4,20,SE,41320000,42500000
"'Bhaisepati, L'",L,34535434.84,Bhaisepati,47003669.23,6.2,4,12,SE,41320000,65000000
"'Bhaisepati, L'",L,34535434.84,Bhaisepati,47003669.23,4.2,4,13,SW,39995597.48,36000000
"'Khumaltar, L'",L,34535434.84,Khumaltar,38023809.52,5,6,14,NW,36240206.19,58000000
"'Bhaisepati, L'",L,34535434.84,Bhaisepati,47003669.23,3.2,5,12,SE,41320000,25000000
"'Bhaisepati, L'",L,34535434.84,Bhaisepati,47003669.23,5.2,4,16,SE,41320000,48000000
"'Tahachal, K'",K,40271779.3,Tahachal,72333333.33,4.1,4,20,N,36524064.17,66500000
"'Dhapasi, K'",K,40271779.3,Dhapasi,43197058.82,9.6,5,14,NE,38939095.74,133000000
"'Thecho, L'",L,34535434.84,Thecho,45833333.33,7,5,12,E,40021095.89,85000000
"'Bhaisepati, L'",L,34535434.84,Bhaisepati,47003669.23,5,4,12,NE,38939095.74,55000000
"'Bhaisepati, L'",L,34535434.84,Bhaisepati,47003669.23,3.1,4,20,S,38378801.08,47500000
"'Imadol, L'",L,34535434.84,Imadol,26245555.56,3.2,5,13,S,38378801.08,29500000
"'Sanepa, L'",L,34535434.84,Sanepa,71436842.11,5,5,10,NW,36240206.19,63500000
"'Bhaisepati, L'",L,34535434.84,Bhaisepati,47003669.23,7,5,13,W,35035732.01,85000000
"'Maharajgunj, K'",K,40271779.3,Maharajgunj,66125000,11,4,12,S,38378801.08,105000000
"'Bhaisepati, L'",L,34535434.84,Bhaisepati,47003669.23,7,4,26,E,40021095.89,64000000
"'Sunakothi, L'",L,34535434.84,Sunakothi,41100000,4,3,20,N,36524064.17,35000000
"'Kapan, K'",K,40271779.3,Kapan,24537096.77,3,6,16,S,38378801.08,22000000
"'Dhobighat, L'",L,34535434.84,Dhobighat,61000000,3,4,16,S,38378801.08,37500000
"'Hattiban, L'",L,34535434.84,Hattiban,39415384.62,6,5,20,S,38378801.08,80000000
"'Satdobato, L'",L,34535434.84,Satdobato,41446666.67,4.2,6,13,SE,41320000,55000000
"'Bhaisepati, L'",L,34535434.84,Bhaisepati,47003669.23,3.3,4,13,SW,39995597.48,55000000
"'Sanepa, L'",L,34535434.84,Sanepa,71436842.11,9,5,20,SW,39995597.48,77500000
"'Budhanilkantha, K'",K,40271779.3,Budhanilkantha,54403539.82,12,7,13,N,36524064.17,160000000
"'Imadol, L'",L,34535434.84,Imadol,26245555.56,4.1,5,13,S,38378801.08,31900000
"'Sitapaila, K'",K,40271779.3,Sitapaila,32122471.91,3,4,13,W,35035732.01,25000000
"'Bhaisepati, L'",L,34535434.84,Bhaisepati,47003669.23,6.4,5,13,NW,36240206.19,62500000
"'Budhanilkantha, K'",K,40271779.3,Budhanilkantha,54403539.82,12,7,12,N,36524064.17,160000000
"'Hattiban, L'",L,34535434.84,Hattiban,39415384.62,2.2,4,12,N,36524064.17,28000000
"'Bhaisepati, L'",L,34535434.84,Bhaisepati,47003669.23,5,6,25,S,38378801.08,48000000
"'Imadol, L'",L,34535434.84,Imadol,26245555.56,3.1,5,13,N,36524064.17,25000000
"'Sanepa, L'",L,34535434.84,Sanepa,71436842.11,5,4,19,W,35035732.01,33500000
"'Sanepa, L'",L,34535434.84,Sanepa,71436842.11,5,4,19,NW,36240206.19,35000000
"'Bhaisepati, L'",L,34535434.84,Bhaisepati,47003669.23,4,4,18,NE,38939095.74,40000000
"'Nakhipot, L'",L,34535434.84,Nakhipot,39136363.64,7,5,13,E,40021095.89,60000000
"'Imadol, L'",L,34535434.84,Imadol,26245555.56,3.5,4,12,W,35035732.01,25000000
"'Imadol, L'",L,34535434.84,Imadol,26245555.56,3.3,5,12,E,40021095.89,27000000
"'Gwarko, L'",L,34535434.84,Gwarko,27142857.14,3,5,12,N,36524064.17,27500000
"'Budhanilkantha, K'",K,40271779.3,Budhanilkantha,54403539.82,11,5,16,SE,41320000,110000000
"'Hattiban, L'",L,34535434.84,Hattiban,39415384.62,3.3,6,15,NE,38939095.74,32500000
"'Hattiban, L'",L,34535434.84,Hattiban,39415384.62,3.1,5,13,SW,39995597.48,28000000
"'Imadol, L'",L,34535434.84,Imadol,26245555.56,3.2,6,12,W,35035732.01,31000000
"'Baneshwor, K'",K,40271779.3,Baneshwor,51242857.14,5,4,13,S,38378801.08,40000000
"'Tokha, K'",K,40271779.3,Tokha,26794117.65,6,3,15,N,36524064.17,35000000
"'Imadol, L'",L,34535434.84,Imadol,26245555.56,5.2,6,20,E,40021095.89,31500000
"'Ochu Height, L'",L,34535434.84,Ochu Height,28750000,3.2,6,13,S,38378801.08,29000000
"'Imadol, L'",L,34535434.84,Imadol,26245555.56,4.2,5,20,E,40021095.89,42500000
"'Bhaisepati, L'",L,34535434.84,Bhaisepati,47003669.23,4,4,12,SE,41320000,46500000
"'Bhaisepati, L'",L,34535434.84,Bhaisepati,47003669.23,4,5,20,N,36524064.17,40000000
"'Sanepa, L'",L,34535434.84,Sanepa,71436842.11,5,6,16,NE,38939095.74,59500000
"'Nakhu, L'",L,34535434.84,Nakhu,31019047.62,5,4,13,E,40021095.89,39000000
"'Setipakha, L'",L,34535434.84,Setipakha,25400000,4,8,13,E,40021095.89,32000000
"'Setipakha, L'",L,34535434.84,Setipakha,25400000,4,8,13,E,40021095.89,32500000
"'Sunakothi, L'",L,34535434.84,Sunakothi,41100000,7.1,4,20,S,38378801.08,51500000
"'Kalanki, K'",K,40271779.3,Kalanki,26308823.53,4,8,10,S,38378801.08,35000000
"'Imadol, L'",L,34535434.84,Imadol,26245555.56,4.3,4,20,E,40021095.89,32500000
"'Bhangal, K'",K,40271779.3,Bhangal,26641463.41,3.1,5,13,N,36524064.17,32000000
"'Sukedhara, K'",K,40271779.3,Sukedhara,38941379.31,5.2,5,13,S,38378801.08,55000000
"'Setipakha, L'",L,34535434.84,Setipakha,25400000,2.3,5,13,E,40021095.89,23000000
"'Chandragiri, K'",K,40271779.3,Chandragiri,22463636.36,3.3,3,20,E,40021095.89,17000000
"'Imadol, L'",L,34535434.84,Imadol,26245555.56,2.3,5,13,S,38378801.08,24000000
"'Tikathali, L'",L,34535434.84,Tikathali,21964285.71,4,4,13,S,38378801.08,27500000
"'Tikathali, L'",L,34535434.84,Tikathali,21964285.71,3.2,4,13,S,38378801.08,22500000
"'Lubhu, L'",L,34535434.84,Lubhu,20353333.33,4.2,4,13,E,40021095.89,18000000
"'Imadol, L'",L,34535434.84,Imadol,26245555.56,3.2,3,14,S,38378801.08,25000000
"'Setipakha, L'",L,34535434.84,Setipakha,25400000,3.1,1,13,NE,38939095.74,16500000
"'Bhaisepati, L'",L,34535434.84,Bhaisepati,47003669.23,6.3,5,12,S,38378801.08,51000000
"'Imadol, L'",L,34535434.84,Imadol,26245555.56,7,5,20,E,40021095.89,59900000
"'Bhaisepati, L'",L,34535434.84,Bhaisepati,47003669.23,3.2,5,13,N,36524064.17,27500000
"'Sudal, B'",B,29873684.19,Sudal,13733333.33,4,2,13,E,40021095.89,12700000
"'Baluwatar, K'",K,40271779.3,Baluwatar,77346153.85,4,4,20,SE,41320000,22500000
"'Bhaisepati, L'",L,34535434.84,Bhaisepati,47003669.23,6,6,18,S,38378801.08,61000000
"'Hattiban, L'",L,34535434.84,Hattiban,39415384.62,4.1,5,18,S,38378801.08,36900000
"'Sunakothi, L'",L,34535434.84,Sunakothi,41100000,2.3,3,20,E,40021095.89,23000000
"'Budhanilkantha, K'",K,40271779.3,Budhanilkantha,54403539.82,4,5,14,S,38378801.08,32000000
"'Nil Barahi Mandir, B'",B,29873684.19,Nil Barahi Mandir,15500000,3.2,6,20,SW,39995597.48,15500000
"'Dhapasi, K'",K,40271779.3,Dhapasi,43197058.82,4.2,7,13,W,35035732.01,42500000
"'Katyani Chowk, K'",K,40271779.3,Katyani Chowk,65000000,7,9,24,E,40021095.89,65000000
"'Gaurighat, K'",K,40271779.3,Gaurighat,39333333.33,4,6,15,N,36524064.17,35000000
"'Budhanilkantha, K'",K,40271779.3,Budhanilkantha,54403539.82,3.2,6,16,S,38378801.08,28000000
"'Lubhu, L'",L,34535434.84,Lubhu,20353333.33,3,2,13,S,38378801.08,13300000
"'Imadol, L'",L,34535434.84,Imadol,26245555.56,2.2,4,13,S,38378801.08,16000000
"'Harisiddhi, L'",L,34535434.84,Harisiddhi,24777777.78,3.1,4,13,W,35035732.01,25000000
"'Harisiddhi, L'",L,34535434.84,Harisiddhi,24777777.78,3,5,20,W,35035732.01,28000000
"'Imadol, L'",L,34535434.84,Imadol,26245555.56,3.2,5,14,SW,39995597.48,27000000
"'Bhaisepati, L'",L,34535434.84,Bhaisepati,47003669.23,4.2,5,16,S,38378801.08,39900000
"'Bhaisepati, L'",L,34535434.84,Bhaisepati,47003669.23,5,4,16,S,38378801.08,49900000
"'Lubhu, L'",L,34535434.84,Lubhu,20353333.33,4.2,5,10,E,40021095.89,17000000
"'Bhaisepati, L'",L,34535434.84,Bhaisepati,47003669.23,3.3,4,20,SW,39995597.48,42500000
"'Sanagaun, L'",L,34535434.84,Sanagaun,23437500,3,4,13,W,35035732.01,17000000
"'Balkot, B'",B,29873684.19,Balkot,33999999.9,5,5,20,SE,41320000,52500000
"'Bageshwori, B'",B,29873684.19,Bageshwori,25000000,5,7,13,S,38378801.08,25000000
"'Bhangal, K'",K,40271779.3,Bhangal,26641463.41,4.2,7,13,W,35035732.01,32000000
"'Tikathali, L'",L,34535434.84,Tikathali,21964285.71,3.2,6,18,S,38378801.08,25000000
"'Imadol, L'",L,34535434.84,Imadol,26245555.56,3.2,4,13,W,35035732.01,23500000
"'Muhanpokhari, K'",K,40271779.3,Muhanpokhari,20000000,3.2,7,20,S,38378801.08,20000000
"'Samakhusi, K'",K,40271779.3,Samakhusi,44224137.93,3,3,13,W,35035732.01,39000000
"'Budhanilkantha, K'",K,40271779.3,Budhanilkantha,54403539.82,6,5,12,N,36524064.17,33000000
"'Chandol, K'",K,40271779.3,Chandol,46812500,9.3,6,20,E,40021095.89,85000000
"'Hepali Height, K'",K,40271779.3,Hepali Height,38807142.86,5,4,16,N,36524064.17,60300000
"'Imadol, L'",L,34535434.84,Imadol,26245555.56,3.1,4,16,S,38378801.08,16500000
"'Imadol, L'",L,34535434.84,Imadol,26245555.56,3.1,4,20,NW,36240206.19,22500000
"'Hepali Height, K'",K,40271779.3,Hepali Height,38807142.86,6.2,6,13,S,38378801.08,33000000
"'Mandikhatar, K'",K,40271779.3,Mandikhatar,45133333.33,9.1,8,16,SW,39995597.48,75000000
"'Imadol, L'",L,34535434.84,Imadol,26245555.56,3.1,5,13,W,35035732.01,27500000
"'Bojepokhari, L'",L,34535434.84,Bojepokhari,26500000,3.2,6,12,E,40021095.89,28500000
"'Hattigauda, K'",K,40271779.3,Hattigauda,40888888.89,4,6,14,E,40021095.89,31500000
"'Tikathali, L'",L,34535434.84,Tikathali,21964285.71,4,7,13,N,36524064.17,27500000
"'Imadol, L'",L,34535434.84,Imadol,26245555.56,3,6,13,E,40021095.89,23500000
"'Thaiba, L'",L,34535434.84,Thaiba,30846153.85,5.2,6,20,NE,38939095.74,29000000
"'Tikathali, L'",L,34535434.84,Tikathali,21964285.71,3,6,13,N,36524064.17,25500000
"'Imadol, L'",L,34535434.84,Imadol,26245555.56,4,3,20,N,36524064.17,32500000
"'Imadol, L'",L,34535434.84,Imadol,26245555.56,3.3,5,13,E,40021095.89,27000000
"'Imadol, L'",L,34535434.84,Imadol,26245555.56,3.1,4,13,W,35035732.01,24500000
"'Imadol, L'",L,34535434.84,Imadol,26245555.56,4.2,5,13,N,36524064.17,29500000
"'Lasuntar, K'",K,40271779.3,Lasuntar,28000000,4,5,12,NE,38939095.74,25000000
"'Khumaltar, L'",L,34535434.84,Khumaltar,38023809.52,6,6,13,S,38378801.08,45000000
"'Imadol, L'",L,34535434.84,Imadol,26245555.56,2.3,4,13,E,40021095.89,24000000
"'Imadol, L'",L,34535434.84,Imadol,26245555.56,2.2,4,13,N,36524064.17,23000000
"'Imadol, L'",L,34535434.84,Imadol,26245555.56,4,4,13,SW,39995597.48,26500000
"'Tikathali, L'",L,34535434.84,Tikathali,21964285.71,4.1,5,13,NW,36240206.19,32000000
"'Imadol, L'",L,34535434.84,Imadol,26245555.56,3,5,13,E,40021095.89,29000000
"'Imadol, L'",L,34535434.84,Imadol,26245555.56,3,6,20,W,35035732.01,27500000
"'Tikathali, L'",L,34535434.84,Tikathali,21964285.71,3.2,6,13,NE,38939095.74,25500000
"'Imadol, L'",L,34535434.84,Imadol,26245555.56,3.1,5,13,W,35035732.01,27500000
"'Imadol, L'",L,34535434.84,Imadol,26245555.56,3.2,5,26,W,35035732.01,34000000
"'Nakhu, L'",L,34535434.84,Nakhu,31019047.62,3.2,4,20,E,40021095.89,27500000
"'Imadol, L'",L,34535434.84,Imadol,26245555.56,4.1,5,20,NE,38939095.74,42500000
"'Sanagaun, L'",L,34535434.84,Sanagaun,23437500,5.2,4,13,NE,38939095.74,16000000
"'Samakhusi, K'",K,40271779.3,Samakhusi,44224137.93,3.2,6,13,N,36524064.17,35500000
"'Imadol, L'",L,34535434.84,Imadol,26245555.56,3,6,13,NE,38939095.74,27500000
"'Lubhu, L'",L,34535434.84,Lubhu,20353333.33,7.1,6,20,E,40021095.89,59000000
"'Bhaisepati, L'",L,34535434.84,Bhaisepati,47003669.23,4,4,20,NW,36240206.19,28500000
"'Taukhel, L'",L,34535434.84,Taukhel,30125000,4,5,12,W,35035732.01,27500000
"'Hattiban, L'",L,34535434.84,Hattiban,39415384.62,3.1,6,13,S,38378801.08,28000000
"'Hattiban, L'",L,34535434.84,Hattiban,39415384.62,4,6,14,NW,36240206.19,32500000
"'Sundarbasti, K'",K,40271779.3,Sundarbasti,30884210.53,4.2,6,13,E,40021095.89,39000000
"'Narayanthan, K'",K,40271779.3,Narayanthan,57666666.67,4,4,20,W,35035732.01,42500000
"'Katunje, B'",B,29873684.19,Katunje,23400000,4.1,5,13,SW,39995597.48,34000000
"'Dhapasi, K'",K,40271779.3,Dhapasi,43197058.82,7,4,20,E,40021095.89,47500000
"'Sundarbasti, K'",K,40271779.3,Sundarbasti,30884210.53,3.3,4,13,NE,38939095.74,34500000
"'Nayapati, K'",K,40271779.3,Nayapati,31000000,6.1,11,20,W,35035732.01,29000000
"'Imadol, L'",L,34535434.84,Imadol,26245555.56,2.9,5,13,SW,39995597.48,26500000
"'Satdobato, L'",L,34535434.84,Satdobato,41446666.67,6,4,15,S,38378801.08,15000000
"'Nakhipot, L'",L,34535434.84,Nakhipot,39136363.64,4.2,7,16,SE,41320000,42500000
"'Khumaltar, L'",L,34535434.84,Khumaltar,38023809.52,4.2,6,12,S,38378801.08,42000000
"'Basundhara, K'",K,40271779.3,Basundhara,40705882.35,3.2,7,20,S,38378801.08,27500000
"'Jyotinagar, K'",K,40271779.3,Jyotinagar,31388888.89,4.2,5,16,N,36524064.17,29500000
"'Kuleshwor, K'",K,40271779.3,Kuleshwor,51166666.67,2.2,7,27,E,40021095.89,45000000
"'Bansbari, K'",K,40271779.3,Bansbari,52578947.37,7,4,14,S,38378801.08,21000000
"'Khumaltar, L'",L,34535434.84,Khumaltar,38023809.52,4.3,6,16,N,36524064.17,39000000
"'Dhapasi, K'",K,40271779.3,Dhapasi,43197058.82,7.2,4,13,S,38378801.08,46000000
"'Bhangal, K'",K,40271779.3,Bhangal,26641463.41,3.2,6,13,E,40021095.89,24000000
"'Mahadevtar, K'",K,40271779.3,Mahadevtar,51100000,10.2,8,13,SW,39995597.48,60000000
"'Budhanilkantha, K'",K,40271779.3,Budhanilkantha,54403539.82,4.2,6,13,E,40021095.89,38500000
"'Pasikot, K'",K,40271779.3,Pasikot,37148571.43,4,5,13,W,35035732.01,28000000
"'Bhaisepati, L'",L,34535434.84,Bhaisepati,47003669.23,4.2,5,14,E,40021095.89,30000000
"'Imadol, L'",L,34535434.84,Imadol,26245555.56,2.3,3,13,N,36524064.17,23000000
"'Satdobato, L'",L,34535434.84,Satdobato,41446666.67,3,5,20,E,40021095.89,26000000
"'Budhanilkantha, K'",K,40271779.3,Budhanilkantha,54403539.82,3,5,12,E,40021095.89,25500000
"'Banasthali, K'",K,40271779.3,Banasthali,47525000,8,5,20,E,40021095.89,50000000
"'Hattigauda, K'",K,40271779.3,Hattigauda,40888888.89,5.2,4,13,E,40021095.89,33000000
"'Phutung, K'",K,40271779.3,Phutung,21725000,2.2,4,13,W,35035732.01,16000000
"'Gurjudhara, K'",K,40271779.3,Gurjudhara,21375000,4,5,13,S,38378801.08,32500000
"'Pasikot, K'",K,40271779.3,Pasikot,37148571.43,5.2,5,20,E,40021095.89,39000000
"'Balkumari, L'",L,34535434.84,Balkumari,58714285.71,9,6,13,E,40021095.89,55000000
"'Bhaisepati, L'",L,34535434.84,Bhaisepati,47003669.23,4.2,5,16,NW,36240206.19,42500000
"'Imadol, L'",L,34535434.84,Imadol,26245555.56,4,4,13,S,38378801.08,31000000
"'Sitapaila, K'",K,40271779.3,Sitapaila,32122471.91,5,5,13,S,38378801.08,35000000
"'Balkhu, K'",K,40271779.3,Balkhu,38742857.14,3.2,4,20,E,40021095.89,37000000
"'Tikathali, L'",L,34535434.84,Tikathali,21964285.71,3,6,13,E,40021095.89,28500000
"'Imadol, L'",L,34535434.84,Imadol,26245555.56,4,7,13,E,40021095.89,36500000
"'Grande Hospital, K'",K,40271779.3,Grande Hospital,34471428.57,3.2,6,13,S,38378801.08,33000000
"'Hattigauda, K'",K,40271779.3,Hattigauda,40888888.89,6,5,20,S,38378801.08,62500000
"'Hattigauda, K'",K,40271779.3,Hattigauda,40888888.89,8,7,13,S,38378801.08,75000000
"'Imadol, L'",L,34535434.84,Imadol,26245555.56,3.1,3,30,W,35035732.01,35000000
"'Imadol, L'",L,34535434.84,Imadol,26245555.56,3.2,4,13,E,40021095.89,31000000
"'Gwarko, L'",L,34535434.84,Gwarko,27142857.14,3,6,13,NE,38939095.74,23500000
"'Gwarko, L'",L,34535434.84,Gwarko,27142857.14,3,4,13,W,35035732.01,29500000
"'Budhanilkantha, K'",K,40271779.3,Budhanilkantha,54403539.82,5,6,13,E,40021095.89,46500000
"'Budhanilkantha, K'",K,40271779.3,Budhanilkantha,54403539.82,4,6,13,S,38378801.08,31500000
"'Uttardhoka, K'",K,40271779.3,Uttardhoka,15000000,4,5,20,S,38378801.08,15000000
"'Budhanilkantha, K'",K,40271779.3,Budhanilkantha,54403539.82,9,2,13,SE,41320000,22500000
"'Imadol, L'",L,34535434.84,Imadol,26245555.56,2.3,4,13,E,40021095.89,19000000
"'Satdobato, L'",L,34535434.84,Satdobato,41446666.67,3.3,4,13,W,35035732.01,31000000
"'Bhaisepati, L'",L,34535434.84,Bhaisepati,47003669.23,4.2,4,20,E,40021095.89,43500000
"'Gwarko, L'",L,34535434.84,Gwarko,27142857.14,3.1,5,12,N,36524064.17,22000000
"'Imadol, L'",L,34535434.84,Imadol,26245555.56,4,5,13,E,40021095.89,31000000
"'Sitapaila, K'",K,40271779.3,Sitapaila,32122471.91,6,6,20,W,35035732.01,55000000
"'Gongabu, K'",K,40271779.3,Gongabu,42027777.78,7.1,10,12,N,36524064.17,60000000
"'Imadol, L'",L,34535434.84,Imadol,26245555.56,3,5,13,N,36524064.17,28000000
"'Ochu Height, L'",L,34535434.84,Ochu Height,28750000,3.1,6,13,N,36524064.17,27500000
"'Gwarko, L'",L,34535434.84,Gwarko,27142857.14,3.2,5,13,S,38378801.08,29500000
"'Lubhu, L'",L,34535434.84,Lubhu,20353333.33,2.3,5,23,W,35035732.01,19500000
"'Imadol, L'",L,34535434.84,Imadol,26245555.56,4,6,16,E,40021095.89,28000000
"'Imadol, L'",L,34535434.84,Imadol,26245555.56,3,3,14,E,40021095.89,29000000
"'Imadol, L'",L,34535434.84,Imadol,26245555.56,3.2,5,13,E,40021095.89,29000000
"'Imadol, L'",L,34535434.84,Imadol,26245555.56,3.2,4,13,E,40021095.89,29000000
"'Bhaisepati, L'",L,34535434.84,Bhaisepati,47003669.23,5,4,13,E,40021095.89,45000000
"'Dhapasi, K'",K,40271779.3,Dhapasi,43197058.82,2.3,4,13,NW,36240206.19,22500000
"'Golfutar, K'",K,40271779.3,Golfutar,47734782.61,3,5,14,E,40021095.89,26000000
"'Dadhikot, B'",B,29873684.19,Dadhikot,27625000,4.3,8,13,SW,39995597.48,33000000
"'Harisiddhi, L'",L,34535434.84,Harisiddhi,24777777.78,3,3,20,S,38378801.08,27000000
"'Imadol, L'",L,34535434.84,Imadol,26245555.56,4.1,5,13,S,38378801.08,27500000
"'Mulpani, K'",K,40271779.3,Mulpani,20590909.09,2.2,5,12,E,40021095.89,16000000
"'Bafal, K'",K,40271779.3,Bafal,36767857.14,7,6,14,W,35035732.01,47000000
"'Imadol, L'",L,34535434.84,Imadol,26245555.56,3.1,4,13,S,38378801.08,25000000
"'Imadol, L'",L,34535434.84,Imadol,26245555.56,3.2,4,13,W,35035732.01,25000000
"'Sanepa, L'",L,34535434.84,Sanepa,71436842.11,7.2,6,13,S,38378801.08,90000000
"'Sitapaila, K'",K,40271779.3,Sitapaila,32122471.91,4,9,12,N,36524064.17,23000000
"'Lainchaur, K'",K,40271779.3,Lainchaur,45000000,8,8,8,S,38378801.08,35000000
"'Greenhill City, K'",K,40271779.3,Greenhill City,25166666.67,4,8,11,W,35035732.01,27000000
"'Sunakothi, L'",L,34535434.84,Sunakothi,41100000,9,5,20,S,38378801.08,85000000
"'Hattiban, L'",L,34535434.84,Hattiban,39415384.62,5,5,20,NW,36240206.19,70000000
"'Hattiban, L'",L,34535434.84,Hattiban,39415384.62,3.3,3,22,NW,36240206.19,35000000
"'Lolang, K'",K,40271779.3,Lolang,19860000,3,11,10,W,35035732.01,18000000
"'Dhapakhel, L'",L,34535434.84,Dhapakhel,27325000,3,6,16,N,36524064.17,25000000
"'Shantinagar, K'",K,40271779.3,Shantinagar,46114285.71,3,9,13,S,38378801.08,45000000
"'Dakshindhoka, K'",K,40271779.3,Dakshindhoka,26000000,3,3,20,NE,38939095.74,26000000
"'Budhanilkantha, K'",K,40271779.3,Budhanilkantha,54403539.82,4,6,13,W,35035732.01,34500000
"'Budhanilkantha, K'",K,40271779.3,Budhanilkantha,54403539.82,5,6,14,SW,39995597.48,37500000
"'Mhaipi, K'",K,40271779.3,Mhaipi,37125000,5.1,4,20,N,36524064.17,42500000
"'Dadhikot, B'",B,29873684.19,Dadhikot,27625000,5,4,10,E,40021095.89,30000000
"'Mandikhatar, K'",K,40271779.3,Mandikhatar,45133333.33,8,6,13,NE,38939095.74,65000000
"'Pasikot, K'",K,40271779.3,Pasikot,37148571.43,4.2,8,14,E,40021095.89,30000000
"'Lolang, K'",K,40271779.3,Lolang,19860000,3,11,12,SE,41320000,17500000
"'Satungal, K'",K,40271779.3,Satungal,20550000,4.2,4,13,NW,36240206.19,29500000
"'Dhapakhel, L'",L,34535434.84,Dhapakhel,27325000,6,6,13,N,36524064.17,43000000
"'Imadol, L'",L,34535434.84,Imadol,26245555.56,3.1,6,13,E,40021095.89,31000000
"'Imadol, L'",L,34535434.84,Imadol,26245555.56,6.3,7,13,S,38378801.08,45000000
"'Imadol, L'",L,34535434.84,Imadol,26245555.56,3,5,13,S,38378801.08,26500000
"'Imadol, L'",L,34535434.84,Imadol,26245555.56,3.2,5,13,S,38378801.08,29500000
"'Greenland Chowk, K'",K,40271779.3,Greenland Chowk,41250000,5,5,20,SE,41320000,37500000
"'Bhaisepati, L'",L,34535434.84,Bhaisepati,47003669.23,10,5,13,E,40021095.89,150000000
"'Italitar, K'",K,40271779.3,Italitar,94166666.67,11,5,20,NE,38939095.74,105000000
"'Tikathali, L'",L,34535434.84,Tikathali,21964285.71,3,4,13,S,38378801.08,25500000
"'Sanagaun, L'",L,34535434.84,Sanagaun,23437500,2.3,5,20,S,38378801.08,22500000
"'Balkumari, L'",L,34535434.84,Balkumari,58714285.71,12,6,20,N,36524064.17,105000000
"'Tikathali, L'",L,34535434.84,Tikathali,21964285.71,3,9,13,E,40021095.89,28500000
"'Maharajgunj, K'",K,40271779.3,Maharajgunj,66125000,10,4,20,E,40021095.89,125000000
"'Deuba Chowk, K'",K,40271779.3,Deuba Chowk,50100000,6,8,13,W,35035732.01,60000000
"'Kageshwori, K'",K,40271779.3,Kageshwori,24333333.33,2.2,3,13,E,40021095.89,16500000
"'Budhanilkantha, K'",K,40271779.3,Budhanilkantha,54403539.82,4,10,13,N,36524064.17,33500000
"'Wasik, K'",K,40271779.3,Wasik,35333333.33,5,9,13,W,35035732.01,27500000
"'Bojepokhari, L'",L,34535434.84,Bojepokhari,26500000,3,7,13,N,36524064.17,22500000
"'Imadol, L'",L,34535434.84,Imadol,26245555.56,3,7,13,E,40021095.89,25000000
"'Sanagaun, L'",L,34535434.84,Sanagaun,23437500,5.3,6,15,E,40021095.89,28000000
"'Imadol, L'",L,34535434.84,Imadol,26245555.56,2.2,5,13,S,38378801.08,26000000
"'Imadol, L'",L,34535434.84,Imadol,26245555.56,3,4,13,W,35035732.01,28000000
"'Imadol, L'",L,34535434.84,Imadol,26245555.56,3.2,5,13,W,35035732.01,27000000
"'Imadol, L'",L,34535434.84,Imadol,26245555.56,3.3,5,16,NW,36240206.19,32500000
"'Deuba Chowk, K'",K,40271779.3,Deuba Chowk,50100000,7,4,14,S,38378801.08,65000000
"'Imadol, L'",L,34535434.84,Imadol,26245555.56,3,7,13,SW,39995597.48,27500000
"'Thamel, K'",K,40271779.3,Thamel,38500000,2.3,5,10,E,40021095.89,23000000
"'Budhanilkantha, K'",K,40271779.3,Budhanilkantha,54403539.82,5.2,4,13,SE,41320000,57500000
"'Sitapaila, K'",K,40271779.3,Sitapaila,32122471.91,4,4,13,W,35035732.01,50000000
"'Mid Baneshwor, K'",K,40271779.3,Mid Baneshwor,71250000,3,5,14,S,38378801.08,17500000
"'Narayanthan, K'",K,40271779.3,Narayanthan,57666666.67,5,7,10,E,40021095.89,55000000
"'Hepali Height, K'",K,40271779.3,Hepali Height,38807142.86,4.3,6,13,W,35035732.01,46500000
"'Sanepa, L'",L,34535434.84,Sanepa,71436842.11,2.5,3,13,SE,41320000,35000000
"'Baluwatar, K'",K,40271779.3,Baluwatar,77346153.85,6,8,10,S,38378801.08,76000000
"'Manamaiju, K'",K,40271779.3,Manamaiju,31454545.45,9.1,4,13,SE,41320000,73500000
"'Greenhill City, K'",K,40271779.3,Greenhill City,25166666.67,3,5,13,SE,41320000,23000000
"'Budhanilkantha, K'",K,40271779.3,Budhanilkantha,54403539.82,6,6,14,SW,39995597.48,39000000
"'Sainbu, L'",L,34535434.84,Sainbu,41642857.14,4,7,18,SE,41320000,35000000
"'Thali, K'",K,40271779.3,Thali,14933333.33,2.2,5,12,E,40021095.89,16000000
"'Balkot, B'",B,29873684.19,Balkot,33999999.9,3.3,5,13,W,35035732.01,28000000
"'Budhanilkantha, K'",K,40271779.3,Budhanilkantha,54403539.82,4,10,16,W,35035732.01,40000000
"'Pasikot, K'",K,40271779.3,Pasikot,37148571.43,3.2,4,20,S,38378801.08,22500000
"'Bhaisepati, L'",L,34535434.84,Bhaisepati,47003669.23,4,4,15,S,38378801.08,29000000
"'Jyotinagar, K'",K,40271779.3,Jyotinagar,31388888.89,3,4,20,S,38378801.08,26500000
"'Bagdurbar, K'",K,40271779.3,Bagdurbar,30000000,4,6,13,S,38378801.08,30000000
"'Pepsicola, K'",K,40271779.3,Pepsicola,37138888.89,6.2,6,20,S,38378801.08,55500000
"'Bijulibajar, K'",K,40271779.3,Bijulibajar,85000000,6,8,12,SE,41320000,85000000
"'Sundarbasti, K'",K,40271779.3,Sundarbasti,30884210.53,3.2,4,13,E,40021095.89,33800000
"'Pepsicola, K'",K,40271779.3,Pepsicola,37138888.89,5,5,13,N,36524064.17,29000000
"'Harisiddhi, L'",L,34535434.84,Harisiddhi,24777777.78,3.2,5,13,E,40021095.89,26000000
"'Ghattekulo, K'",K,40271779.3,Ghattekulo,66250000,3.2,6,18,E,40021095.89,32500000
"'Bhangal, K'",K,40271779.3,Bhangal,26641463.41,5.1,7,13,SW,39995597.48,45000000
"'Nakhudole, L'",L,34535434.84,Nakhudole,24250000,4.2,4,4,S,38378801.08,15500000
"'Baluwakhani, K'",K,40271779.3,Baluwakhani,26636363.64,3.2,6,10,W,35035732.01,27500000
"'Lele, L'",L,34535434.84,Lele,73000000,6.4,4,20,SE,41320000,73000000
"'Kapan, K'",K,40271779.3,Kapan,24537096.77,4,5,13,SE,41320000,32000000
"'Khusibu, K'",K,40271779.3,Khusibu,45666666.67,4,4,26,W,35035732.01,39000000
"'Imadol, L'",L,34535434.84,Imadol,26245555.56,9,6,13,E,40021095.89,60000000
"'Nakhipot, L'",L,34535434.84,Nakhipot,39136363.64,7,6,13,SE,41320000,46000000
"'Sitapaila, K'",K,40271779.3,Sitapaila,32122471.91,8.2,8,12,SE,41320000,49500000
"'Pasikot, K'",K,40271779.3,Pasikot,37148571.43,5,8,13,S,38378801.08,28000000
"'Samakhusi, K'",K,40271779.3,Samakhusi,44224137.93,6,10,24,E,40021095.89,60000000
"'Imadol, L'",L,34535434.84,Imadol,26245555.56,2.3,3,13,E,40021095.89,21500000
"'Baluwakhani, K'",K,40271779.3,Baluwakhani,26636363.64,3,4,12,SE,41320000,21500000
"'Mahadevtar, K'",K,40271779.3,Mahadevtar,51100000,10.2,5,13,SW,39995597.48,60000000
"'Sampang Chowk, L'",L,34535434.84,Sampang Chowk,33166666.67,4.2,7,13,NE,38939095.74,38000000
"'Ganesh Chowk, K'",K,40271779.3,Ganesh Chowk,43018181.82,6,8,20,N,36524064.17,58000000
"'Bhaisepati, L'",L,34535434.84,Bhaisepati,47003669.23,5,7,20,S,38378801.08,42500000
"'Makalbari, K'",K,40271779.3,Makalbari,23000000,3.3,8,12,SE,41320000,27500000
"'Thaiba, L'",L,34535434.84,Thaiba,30846153.85,6,3,20,S,38378801.08,50000000
"'Icimod, L'",L,34535434.84,Icimod,34750000,4.3,6,13,W,35035732.01,39000000
"'Imadol, L'",L,34535434.84,Imadol,26245555.56,4,3,14,S,38378801.08,42500000
"'Tahachal, K'",K,40271779.3,Tahachal,72333333.33,4.1,4,20,N,36524064.17,56500000
"'Lasuntar, K'",K,40271779.3,Lasuntar,28000000,4.1,4,13,E,40021095.89,31000000
"'Imadol, L'",L,34535434.84,Imadol,26245555.56,3,6,16,E,40021095.89,22500000
"'Imadol, L'",L,34535434.84,Imadol,26245555.56,7,4,16,S,38378801.08,45000000
"'Lubhu, L'",L,34535434.84,Lubhu,20353333.33,3,5,13,S,38378801.08,22000000
"'Imadol, L'",L,34535434.84,Imadol,26245555.56,4.2,4,13,E,40021095.89,45000000
"'Thecho, L'",L,34535434.84,Thecho,45833333.33,9.3,6,12,S,38378801.08,85000000
"'Nakhipot, L'",L,34535434.84,Nakhipot,39136363.64,2.5,4,13,E,40021095.89,20000000
"'Naxal, K'",K,40271779.3,Naxal,68200000,4,3,13,W,35035732.01,55000000
"'Dhaksi, K'",K,40271779.3,Dhaksi,36000000,12,7,20,E,40021095.89,36000000
"'Bafal, K'",K,40271779.3,Bafal,36767857.14,3.2,4,14,NE,38939095.74,37000000
"'Banasthali, K'",K,40271779.3,Banasthali,47525000,4,6,13,E,40021095.89,34000000
"'Budhanilkantha, K'",K,40271779.3,Budhanilkantha,54403539.82,9,4,12,S,38378801.08,57500000
"'Chundevi, K'",K,40271779.3,Chundevi,49250000,6,5,15,N,36524064.17,67500000
"'Chabahil, K'",K,40271779.3,Chabahil,83909090.91,12,3,16,N,36524064.17,120000000
"'Thankot, K'",K,40271779.3,Thankot,16989743.59,5,6,10,W,35035732.01,22000000
"'Sampang Chowk, L'",L,34535434.84,Sampang Chowk,33166666.67,2.3,5,13,S,38378801.08,23000000
"'Danchhi, K'",K,40271779.3,Danchhi,13500000,3.1,2,10,S,38378801.08,15000000
"'New Baneshwor, K'",K,40271779.3,New Baneshwor,29650000,1.1,3,20,E,40021095.89,16800000
"'Kadaghari, K'",K,40271779.3,Kadaghari,18933333.33,3,1,15,S,38378801.08,17300000
"'Hattigauda, K'",K,40271779.3,Hattigauda,40888888.89,6.2,4,30,W,35035732.01,77000000
"'Mahadevsthan, K'",K,40271779.3,Mahadevsthan,12614285.71,5,6,10,S,38378801.08,22000000
"'Pasikot, K'",K,40271779.3,Pasikot,37148571.43,3.8,5,13,E,40021095.89,31000000
"'Pasikot, K'",K,40271779.3,Pasikot,37148571.43,4,5,13,SE,41320000,29900000
"'Bhaisepati, L'",L,34535434.84,Bhaisepati,47003669.23,13,7,16,S,38378801.08,135000000
"'Gothatar, K'",K,40271779.3,Gothatar,30709090.91,3,5,10,S,38378801.08,21000000
"'Dharmasthali, K'",K,40271779.3,Dharmasthali,19500000,4.2,2,13,NE,38939095.74,13000000
"'Dulal Gaun, K'",K,40271779.3,Dulal Gaun,18500000,5.2,2,16,N,36524064.17,18500000
"'Narayanthan, K'",K,40271779.3,Narayanthan,57666666.67,4,2,20,S,38378801.08,17000000
"'Dhalmal, K'",K,40271779.3,Dhalmal,24250000,3.2,6,13,N,36524064.17,26500000
"'Imadol, L'",L,34535434.84,Imadol,26245555.56,4,5,13,S,38378801.08,19500000
"'Sainbu, L'",L,34535434.84,Sainbu,41642857.14,7.3,5,17,NE,38939095.74,85000000
"'Saraswotinagar, K'",K,40271779.3,Saraswotinagar,31500000,3,3,27,W,35035732.01,23000000
"'Thecho, L'",L,34535434.84,Thecho,45833333.33,4,5,13,N,36524064.17,32500000
"'Thecho, L'",L,34535434.84,Thecho,45833333.33,4,4,10,S,38378801.08,26000000
"'Imadol, L'",L,34535434.84,Imadol,26245555.56,3.2,8,13,N,36524064.17,29500000
"'Baluwatar, K'",K,40271779.3,Baluwatar,77346153.85,8.2,6,14,E,40021095.89,68000000
"'Dhapasi, K'",K,40271779.3,Dhapasi,43197058.82,2.2,4,15,S,38378801.08,15500000
"'Budhanilkantha, K'",K,40271779.3,Budhanilkantha,54403539.82,3.2,6,13,E,40021095.89,34500000
"'Hattigauda, K'",K,40271779.3,Hattigauda,40888888.89,3.2,6,13,E,40021095.89,25000000
"'Sainbu, L'",L,34535434.84,Sainbu,41642857.14,5.1,5,14,NE,38939095.74,36500000
"'Golfutar, K'",K,40271779.3,Golfutar,47734782.61,7,5,13,NE,38939095.74,54900000
"'Dhapasi, K'",K,40271779.3,Dhapasi,43197058.82,9.2,6,13,E,40021095.89,75000000
"'Chhauni, K'",K,40271779.3,Chhauni,40166666.67,6,4,12,W,35035732.01,37000000
"'Dhapakhel, L'",L,34535434.84,Dhapakhel,27325000,4,6,20,S,38378801.08,38000000
"'Mid Baneshwor, K'",K,40271779.3,Mid Baneshwor,71250000,7,5,26,E,40021095.89,67500000
"'Gatthaghar, B'",B,29873684.19,Gatthaghar,35000000,5.2,5,13,W,35035732.01,40000000
"'Hepali Height, K'",K,40271779.3,Hepali Height,38807142.86,5.2,5,15,NE,38939095.74,55000000
"'Kapan, K'",K,40271779.3,Kapan,24537096.77,4.3,6,13,SE,41320000,31000000
"'Thulo Bharayang, K'",K,40271779.3,Thulo Bharayang,35125000,3.3,4,13,SE,41320000,22000000
"'Nakhipot, L'",L,34535434.84,Nakhipot,39136363.64,3.2,6,20,S,38378801.08,33000000
"'Nakhipot, L'",L,34535434.84,Nakhipot,39136363.64,3,6,20,S,38378801.08,29000000
"'Satdobato, L'",L,34535434.84,Satdobato,41446666.67,7.2,8,18,N,36524064.17,52500000
"'Imadol, L'",L,34535434.84,Imadol,26245555.56,3.4,6,16,NW,36240206.19,39900000
"'Hattiban, L'",L,34535434.84,Hattiban,39415384.62,7,5,20,S,38378801.08,55000000
"'Imadol, L'",L,34535434.84,Imadol,26245555.56,3.1,7,20,S,38378801.08,27500000
"'Naya Basti, K'",K,40271779.3,Naya Basti,31071428.57,5,5,20,W,35035732.01,35000000
"'Sukedhara, K'",K,40271779.3,Sukedhara,38941379.31,4,4,13,S,38378801.08,38500000
"'Kapan, K'",K,40271779.3,Kapan,24537096.77,3,6,13,W,35035732.01,25000000
"'Mandikhatar, K'",K,40271779.3,Mandikhatar,45133333.33,5,6,20,S,38378801.08,27500000
"'Grande Hospital, K'",K,40271779.3,Grande Hospital,34471428.57,4,3,14,W,35035732.01,32500000
"'Matatirtha, K'",K,40271779.3,Matatirtha,24571428.57,3,2,12,NE,38939095.74,12000000
"'Grande Hospital, K'",K,40271779.3,Grande Hospital,34471428.57,3.2,3,10,N,36524064.17,19000000
"'Lambagar, K'",K,40271779.3,Lambagar,21000000,2.5,4,8,SE,41320000,16000000
"'Budhanilkantha, K'",K,40271779.3,Budhanilkantha,54403539.82,3.3,3,13,W,35035732.01,24500000
"'Satungal, K'",K,40271779.3,Satungal,20550000,3,7,13,SE,41320000,21000000
"'Kapan, K'",K,40271779.3,Kapan,24537096.77,3.2,6,12,E,40021095.89,39000000
"'Bhaisepati, L'",L,34535434.84,Bhaisepati,47003669.23,3.8,5,14,W,35035732.01,45000000
"'Kupandole, L'",L,34535434.84,Kupandole,65055555.56,10,4,16,S,38378801.08,100000000
"'Ekatabasti, K'",K,40271779.3,Ekatabasti,28400000,3,6,13,E,40021095.89,31000000
"'Handigaun, K'",K,40271779.3,Handigaun,106250000,16,7,14,NE,38939095.74,160000000
"'Sitapaila, K'",K,40271779.3,Sitapaila,32122471.91,2.2,3,13,SE,41320000,23500000
"'Balkumari, L'",L,34535434.84,Balkumari,58714285.71,4.3,5,13,S,38378801.08,47000000
"'Birendra Chowk, K'",K,40271779.3,Birendra Chowk,30500000,4.2,5,13,S,38378801.08,30500000
"'Dhaneshwor, K'",K,40271779.3,Dhaneshwor,16750000,3.2,7,12,S,38378801.08,20000000
"'Kaushaltar, B'",B,29873684.19,Kaushaltar,24300000,3,4,12,S,38378801.08,30000000
"'Nakhu, L'",L,34535434.84,Nakhu,31019047.62,4.1,4,13,SW,39995597.48,36000000
"'Pasikot, K'",K,40271779.3,Pasikot,37148571.43,3.2,4,13,SE,41320000,28500000
"'Gongabu, K'",K,40271779.3,Gongabu,42027777.78,4,8,20,E,40021095.89,55000000
"'Gairgaun, K'",K,40271779.3,Gairgaun,35300000,3.3,5,13,SE,41320000,22000000
"'Dhalmal, K'",K,40271779.3,Dhalmal,24250000,3.1,5,12,E,40021095.89,22000000
"'Sanagaun, L'",L,34535434.84,Sanagaun,23437500,4,6,16,W,35035732.01,19000000
"'Gurjudhara, K'",K,40271779.3,Gurjudhara,21375000,4,8,26,SE,41320000,30000000
"'Bansbari, K'",K,40271779.3,Bansbari,52578947.37,5,3,13,N,36524064.17,10000000
"'Hattiban, L'",L,34535434.84,Hattiban,39415384.62,3,4,14,SE,41320000,20000000
"'Aarubari, K'",K,40271779.3,Aarubari,35000000,4,5,12,E,40021095.89,35000000
"'Imadol, L'",L,34535434.84,Imadol,26245555.56,3.2,4,13,E,40021095.89,24000000
"'Tokha, K'",K,40271779.3,Tokha,26794117.65,3,6,13,W,35035732.01,26500000
"'Imadol, L'",L,34535434.84,Imadol,26245555.56,3.5,5,12,NE,38939095.74,26000000
"'Bhangal, K'",K,40271779.3,Bhangal,26641463.41,5,5,20,E,40021095.89,40000000
"'Matatirtha, K'",K,40271779.3,Matatirtha,24571428.57,4.2,5,13,NW,36240206.19,29000000
"'Dharmasthali, K'",K,40271779.3,Dharmasthali,19500000,3.2,3,13,W,35035732.01,13000000
"'Gongabu, K'",K,40271779.3,Gongabu,42027777.78,4,5,12,S,38378801.08,35000000
"'Kapan, K'",K,40271779.3,Kapan,24537096.77,4.1,5,13,W,35035732.01,35500000
"'Dhapasi, K'",K,40271779.3,Dhapasi,43197058.82,17,6,13,S,38378801.08,115000000
"'Hattiban, L'",L,34535434.84,Hattiban,39415384.62,6.1,5,20,N,36524064.17,55000000
"'Imadol, L'",L,34535434.84,Imadol,26245555.56,5,4,13,N,36524064.17,36000000
"'Goldhunga, K'",K,40271779.3,Goldhunga,20686666.67,3,2,10,E,40021095.89,12000000
"'Lubhu, L'",L,34535434.84,Lubhu,20353333.33,2.2,6,13,NE,38939095.74,17000000
"'Imadol, L'",L,34535434.84,Imadol,26245555.56,3.1,5,20,E,40021095.89,27500000
"'Hattiban, L'",L,34535434.84,Hattiban,39415384.62,8,7,16,N,36524064.17,65000000
"'Budhanilkantha, K'",K,40271779.3,Budhanilkantha,54403539.82,4,6,13,E,40021095.89,36500000
"'Nagarjun, K'",K,40271779.3,Nagarjun,44030000,4,7,30,NE,38939095.74,38700000
"'Tokha, K'",K,40271779.3,Tokha,26794117.65,5.2,5,12,NE,38939095.74,45000000
"'Hattigauda, K'",K,40271779.3,Hattigauda,40888888.89,4,4,13,SE,41320000,30000000
"'Kalopool, K'",K,40271779.3,Kalopool,26000000,3.8,2,15,SE,41320000,22000000
"'Sitapaila, K'",K,40271779.3,Sitapaila,32122471.91,3.3,6,20,W,35035732.01,26500000
"'Kapan, K'",K,40271779.3,Kapan,24537096.77,3,2,12,E,40021095.89,16500000
"'Bhaisepati, L'",L,34535434.84,Bhaisepati,47003669.23,5,7,20,SW,39995597.48,36000000
"'Pasikot, K'",K,40271779.3,Pasikot,37148571.43,3,5,18,W,35035732.01,23000000
"'Chunikhel, K'",K,40271779.3,Chunikhel,21255555.56,3,4,12,E,40021095.89,16000000
"'Naikap, K'",K,40271779.3,Naikap,27187500,8.2,7,13,N,36524064.17,47500000
"'Thulo Bharayang, K'",K,40271779.3,Thulo Bharayang,35125000,4,5,12,S,38378801.08,29000000
"'Khusibu, K'",K,40271779.3,Khusibu,45666666.67,3.1,5,15,E,40021095.89,34000000
"'Narayantar, K'",K,40271779.3,Narayantar,34083333.33,3,5,13,E,40021095.89,24500000
"'Italitar, K'",K,40271779.3,Italitar,94166666.67,15,6,14,E,40021095.89,100000000
"'Bafal, K'",K,40271779.3,Bafal,36767857.14,4,7,13,E,40021095.89,37500000
"'Khumaltar, L'",L,34535434.84,Khumaltar,38023809.52,4.2,6,20,E,40021095.89,42500000
"'Imadol, L'",L,34535434.84,Imadol,26245555.56,2.3,5,12,N,36524064.17,21500000
"'Imadol, L'",L,34535434.84,Imadol,26245555.56,4,5,13,N,36524064.17,37500000
"'Gwarko, L'",L,34535434.84,Gwarko,27142857.14,4,7,13,NW,36240206.19,47500000
"'Imadol, L'",L,34535434.84,Imadol,26245555.56,2.3,4,13,S,38378801.08,23500000
"'Koteshwor, K'",K,40271779.3,Koteshwor,44111111.11,4.2,7,25,E,40021095.89,47000000
"'Bafal, K'",K,40271779.3,Bafal,36767857.14,8,6,20,S,38378801.08,90000000
"'Nepaltar, K'",K,40271779.3,Nepaltar,23085714.29,3.2,8,13,S,38378801.08,22400000
"'Kapan, K'",K,40271779.3,Kapan,24537096.77,3.3,7,13,S,38378801.08,26500000
"'Dhapasi, K'",K,40271779.3,Dhapasi,43197058.82,4,6,15,S,38378801.08,39900000
"'Kuleshwor, K'",K,40271779.3,Kuleshwor,51166666.67,3,6,18,E,40021095.89,33500000
"'Sano thimi, B'",B,29873684.19,Sano Thimi,49500000,4,6,18,S,38378801.08,49000000
"'Makalbari, K'",K,40271779.3,Makalbari,23000000,6.1,5,12,N,36524064.17,37000000
"'Imadol, L'",L,34535434.84,Imadol,26245555.56,3,5,20,NW,36240206.19,27500000
"'Bhaisepati, L'",L,34535434.84,Bhaisepati,47003669.23,6,4,20,S,38378801.08,64000000
"'Durbar Marga, K'",K,40271779.3,Durbar Marga,40000000,7,12,14,W,35035732.01,40000000
"'Taulung, K'",K,40271779.3,Taulung,40166666.67,5,2,14,E,40021095.89,40000000
"'Phutung, K'",K,40271779.3,Phutung,21725000,4,4,20,S,38378801.08,29900000
"'Bouddha, K'",K,40271779.3,Bouddha,61083333.33,6.2,7,20,E,40021095.89,45000000
"'Budhanilkantha, K'",K,40271779.3,Budhanilkantha,54403539.82,4,7,13,NE,38939095.74,38500000
"'Narayantar, K'",K,40271779.3,Narayantar,34083333.33,3.2,7,16,SW,39995597.48,37500000
"'Imadol, L'",L,34535434.84,Imadol,26245555.56,3,4,20,E,40021095.89,25000000
"'Nepaltar, K'",K,40271779.3,Nepaltar,23085714.29,3,11,9,E,40021095.89,19600000
"'Jarankhu, K'",K,40271779.3,Jarankhu,34066666.67,5,5,22,E,40021095.89,28400000
"'Nepaltar, K'",K,40271779.3,Nepaltar,23085714.29,3,9,9,E,40021095.89,16200000
"'Maitrinagar, K'",K,40271779.3,Maitrinagar,55000000,6,10,13,NE,38939095.74,55000000
"'Thimi, B'",B,29873684.19,Thimi,50000000,5,8,20,NW,36240206.19,50000000
"'Bhangal, K'",K,40271779.3,Bhangal,26641463.41,4,4,12,W,35035732.01,27500000
"'Kharibot, K'",K,40271779.3,Kharibot,32900000,5,7,16,E,40021095.89,42500000
"'Dharmasthali, K'",K,40271779.3,Dharmasthali,19500000,4,4,20,N,36524064.17,21000000
"'Imadol, L'",L,34535434.84,Imadol,26245555.56,2.3,4,13,E,40021095.89,23000000
"'Imadol, L'",L,34535434.84,Imadol,26245555.56,3.3,5,20,S,38378801.08,42500000
"'Setipakha, L'",L,34535434.84,Setipakha,25400000,3.1,4,13,NE,38939095.74,26500000
"'Bhaisepati, L'",L,34535434.84,Bhaisepati,47003669.23,6,4,13,W,35035732.01,70000000
"'Kapan, K'",K,40271779.3,Kapan,24537096.77,4,2,15,S,38378801.08,24000000
"'Ochu Height, L'",L,34535434.84,Ochu Height,28750000,5,8,13,E,40021095.89,41000000
"'Thapathali, K'",K,40271779.3,Thapathali,64720000,6.2,6,12,S,38378801.08,44500000
"'Kharibot, K'",K,40271779.3,Kharibot,32900000,10.3,6,13,NE,38939095.74,45000000
"'Manamaiju, K'",K,40271779.3,Manamaiju,31454545.45,3,6,22,S,38378801.08,27500000
"'Imadol, L'",L,34535434.84,Imadol,26245555.56,3.2,4,20,E,40021095.89,45000000
"'Budhanilkantha, K'",K,40271779.3,Budhanilkantha,54403539.82,8,5,20,SW,39995597.48,68000000
"'Jyotinagar, K'",K,40271779.3,Jyotinagar,31388888.89,5.1,4,13,E,40021095.89,46500000
"'Hattigauda, K'",K,40271779.3,Hattigauda,40888888.89,4.2,5,13,W,35035732.01,34500000
"'Basundhara, K'",K,40271779.3,Basundhara,40705882.35,4.2,6,16,SE,41320000,42000000
"'Imadol, L'",L,34535434.84,Imadol,26245555.56,3.2,4,14,E,40021095.89,43000000
"'Imadol, L'",L,34535434.84,Imadol,26245555.56,3,5,13,W,35035732.01,25500000
"'Imadol, L'",L,34535434.84,Imadol,26245555.56,3,5,13,S,38378801.08,27500000
"'Harisiddhi, L'",L,34535434.84,Harisiddhi,24777777.78,3,4,20,W,35035732.01,27000000
"'Thaiba, L'",L,34535434.84,Thaiba,30846153.85,3.2,4,13,E,40021095.89,24000000
"'Dhapasi, K'",K,40271779.3,Dhapasi,43197058.82,3.2,4,14,N,36524064.17,29000000
"'Chandol, K'",K,40271779.3,Chandol,46812500,5,7,12,N,36524064.17,36000000
"'Tyanglafat, K'",K,40271779.3,Tyanglafat,40750000,7.2,4,20,E,40021095.89,57000000
"'Ganesh Chowk, K'",K,40271779.3,Ganesh Chowk,43018181.82,4,4,13,W,35035732.01,41700000
"'Budhanilkantha, K'",K,40271779.3,Budhanilkantha,54403539.82,3.1,6,13,E,40021095.89,29900000
"'Imadol, L'",L,34535434.84,Imadol,26245555.56,3.2,6,12,E,40021095.89,20000000
"'Setipakha, L'",L,34535434.84,Setipakha,25400000,4,8,13,W,35035732.01,26500000
"'Budhanilkantha, K'",K,40271779.3,Budhanilkantha,54403539.82,8,9,13,N,36524064.17,55000000
"'Sanagaun, L'",L,34535434.84,Sanagaun,23437500,5,7,20,E,40021095.89,33500000
"'Imadol, L'",L,34535434.84,Imadol,26245555.56,2.5,1,10,S,38378801.08,14000000
"'Tikathali, L'",L,34535434.84,Tikathali,21964285.71,3,5,13,S,38378801.08,25500000
"'Imadol, L'",L,34535434.84,Imadol,26245555.56,4,6,15,W,35035732.01,32500000
"'Sitapaila, K'",K,40271779.3,Sitapaila,32122471.91,3.1,4,18,N,36524064.17,22500000
"'Tikathali, L'",L,34535434.84,Tikathali,21964285.71,3,7,13,S,38378801.08,23000000
"'Pasikot, K'",K,40271779.3,Pasikot,37148571.43,4,5,13,SE,41320000,35000000
"'Imadol, L'",L,34535434.84,Imadol,26245555.56,3.1,4,20,S,38378801.08,26500000
"'Sanagaun, L'",L,34535434.84,Sanagaun,23437500,4,6,13,NE,38939095.74,29500000
"'Tikathali, L'",L,34535434.84,Tikathali,21964285.71,3.1,2,13,NE,38939095.74,16000000
"'Chapali, K'",K,40271779.3,Chapali,41350000,2.3,6,13,E,40021095.89,27000000
"'Tikathali, L'",L,34535434.84,Tikathali,21964285.71,3,4,13,S,38378801.08,23000000
"'Sundarbasti, K'",K,40271779.3,Sundarbasti,30884210.53,4.2,6,13,NE,38939095.74,38800000
"'Mandikhatar, K'",K,40271779.3,Mandikhatar,45133333.33,4.1,7,13,E,40021095.89,39800000
"'Budhanilkantha, K'",K,40271779.3,Budhanilkantha,54403539.82,5,5,13,W,35035732.01,43500000
"'Syuchatar, K'",K,40271779.3,Syuchatar,27519230.77,3,4,10,NW,36240206.19,23000000
"'Kalanki, K'",K,40271779.3,Kalanki,26308823.53,3,5,10,S,38378801.08,23000000
"'Pepsicola, K'",K,40271779.3,Pepsicola,37138888.89,3.1,4,20,N,36524064.17,34000000
"'Satungal, K'",K,40271779.3,Satungal,20550000,2.2,3,4,E,40021095.89,15000000
"'Baneshwor, K'",K,40271779.3,Baneshwor,51242857.14,3,6,20,SW,39995597.48,38000000
"'Mandikhatar, K'",K,40271779.3,Mandikhatar,45133333.33,4,6,13,S,38378801.08,37500000
"'Tikathali, L'",L,34535434.84,Tikathali,21964285.71,4.2,8,13,N,36524064.17,42500000
"'Imadol, L'",L,34535434.84,Imadol,26245555.56,4.1,5,13,N,36524064.17,34500000
"'Imadol, L'",L,34535434.84,Imadol,26245555.56,3,5,13,N,36524064.17,26500000
"'Imadol, L'",L,34535434.84,Imadol,26245555.56,3.1,5,13,S,38378801.08,31500000
"'Tikathali, L'",L,34535434.84,Tikathali,21964285.71,3.3,5,13,S,38378801.08,37500000
"'Buddha Chowk, K'",K,40271779.3,Buddha Chowk,30375000,5.2,5,13,E,40021095.89,39000000
"'New Buspark, K'",K,40271779.3,New Buspark,50333333.33,6,6,4,W,35035732.01,40000000
"'Chhauni, K'",K,40271779.3,Chhauni,40166666.67,3.2,5,13,S,38378801.08,35000000
"'Bhaisepati, L'",L,34535434.84,Bhaisepati,47003669.23,4.1,4,20,W,35035732.01,58600000
"'Balkot, B'",B,29873684.19,Balkot,33999999.9,9,5,26,N,36524064.17,45000000
"'Dhumbarahi, K'",K,40271779.3,Dhumbarahi,59708333.33,5.2,8,13,NW,36240206.19,55000000
"'Bansbari, K'",K,40271779.3,Bansbari,52578947.37,4.2,5,12,S,38378801.08,51000000
"'Naya Basti, K'",K,40271779.3,Naya Basti,31071428.57,3.2,5,10,N,36524064.17,26000000
"'Dhapasi, K'",K,40271779.3,Dhapasi,43197058.82,3,5,13,N,36524064.17,27000000
"'Megha City, K'",K,40271779.3,Megha City,23933333.33,3.2,3,13,N,36524064.17,12000000
"'Imadol, L'",L,34535434.84,Imadol,26245555.56,5.2,7,18,E,40021095.89,38500000
"'Bansbari, K'",K,40271779.3,Bansbari,52578947.37,4.3,4,12,S,38378801.08,52000000
"'Thaiba, L'",L,34535434.84,Thaiba,30846153.85,4.1,2,13,S,38378801.08,26000000
"'Imadol, L'",L,34535434.84,Imadol,26245555.56,3.2,5,13,E,40021095.89,31000000
"'Imadol, L'",L,34535434.84,Imadol,26245555.56,3,6,13,N,36524064.17,25500000
"'Bojepokhari, L'",L,34535434.84,Bojepokhari,26500000,3.2,4,12,E,40021095.89,28500000
"'Koteshwor, K'",K,40271779.3,Koteshwor,44111111.11,5,10,27,E,40021095.89,85000000
"'Sunakothi, L'",L,34535434.84,Sunakothi,41100000,7,4,20,N,36524064.17,51500000
"'Baniyatar, K'",K,40271779.3,Baniyatar,29888888.89,3.3,7,13,SW,39995597.48,27000000
"'Kapan, K'",K,40271779.3,Kapan,24537096.77,3.2,6,13,N,36524064.17,29500000
"'Budhanilkantha, K'",K,40271779.3,Budhanilkantha,54403539.82,3,6,13,N,36524064.17,28000000
"'Bhaisepati, L'",L,34535434.84,Bhaisepati,47003669.23,8.2,4,13,S,38378801.08,140000000
"'Mandikhatar, K'",K,40271779.3,Mandikhatar,45133333.33,6.2,4,13,NW,36240206.19,43500000
"'Kalanki, K'",K,40271779.3,Kalanki,26308823.53,3.1,5,13,E,40021095.89,23500000
"'Bouddha, K'",K,40271779.3,Bouddha,61083333.33,4,4,8,SE,41320000,25000000
"'Dhapasi, K'",K,40271779.3,Dhapasi,43197058.82,6,4,20,E,40021095.89,51000000
"'Sanepa, L'",L,34535434.84,Sanepa,71436842.11,6.7,5,14,NW,36240206.19,63500000
"'Bhaisepati, L'",L,34535434.84,Bhaisepati,47003669.23,7,5,13,N,36524064.17,78000000
"'Bhaisepati, L'",L,34535434.84,Bhaisepati,47003669.23,7,5,13,E,40021095.89,85000000
"'Imadol, L'",L,34535434.84,Imadol,26245555.56,3,5,13,E,40021095.89,25000000
"'Tikathali, L'",L,34535434.84,Tikathali,21964285.71,3,2,13,N,36524064.17,16500000
"'Budhanilkantha, K'",K,40271779.3,Budhanilkantha,54403539.82,4,6,13,E,40021095.89,34500000
"'Bafal, K'",K,40271779.3,Bafal,36767857.14,2.2,6,12,N,36524064.17,23500000
"'Kalanki, K'",K,40271779.3,Kalanki,26308823.53,4.2,4,13,N,36524064.17,38500000
"'Tikathali, L'",L,34535434.84,Tikathali,21964285.71,2.3,9,13,E,40021095.89,21500000
"'Dhapasi, K'",K,40271779.3,Dhapasi,43197058.82,7,7,12,E,40021095.89,39000000
"'Imadol, L'",L,34535434.84,Imadol,26245555.56,3,5,20,W,35035732.01,27500000
"'Mandikhatar, K'",K,40271779.3,Mandikhatar,45133333.33,3.1,6,13,N,36524064.17,29500000
"'Chandragiri, K'",K,40271779.3,Chandragiri,22463636.36,4,2,10,SE,41320000,16000000
"'Maharajgunj, K'",K,40271779.3,Maharajgunj,66125000,10,6,13,NE,38939095.74,72500000
"'Sundarbasti, K'",K,40271779.3,Sundarbasti,30884210.53,4.5,6,13,N,36524064.17,38500000
"'Golfutar, K'",K,40271779.3,Golfutar,47734782.61,4,4,16,S,38378801.08,29500000
"'Dhapasi, K'",K,40271779.3,Dhapasi,43197058.82,4,6,15,E,40021095.89,25000000
"'Imadol, L'",L,34535434.84,Imadol,26245555.56,3,3,13,E,40021095.89,26000000
"'Imadol, L'",L,34535434.84,Imadol,26245555.56,3.3,6,23,W,35035732.01,32500000
"'Imadol, L'",L,34535434.84,Imadol,26245555.56,3.5,5,12,E,40021095.89,22500000
"'Imadol, L'",L,34535434.84,Imadol,26245555.56,4.2,6,13,S,38378801.08,40000000
"'Imadol, L'",L,34535434.84,Imadol,26245555.56,3.1,4,13,W,35035732.01,31500000
"'Imadol, L'",L,34535434.84,Imadol,26245555.56,3.2,5,13,W,35035732.01,33000000
"'Tikathali, L'",L,34535434.84,Tikathali,21964285.71,4.1,7,13,NW,36240206.19,27000000
"'Setipakha, L'",L,34535434.84,Setipakha,25400000,2.3,4,13,E,40021095.89,22500000
"'Ochu Height, L'",L,34535434.84,Ochu Height,28750000,3.3,6,16,S,38378801.08,33000000
"'Raniban, K'",K,40271779.3,Raniban,37400000,3,6,20,E,40021095.89,36000000
"'Ochu Height, L'",L,34535434.84,Ochu Height,28750000,4,6,16,W,35035732.01,37500000
"'Nakhu, L'",L,34535434.84,Nakhu,31019047.62,5,4,13,E,40021095.89,39900000
"'Changathali, L'",L,34535434.84,Changathali,20166666.67,4,7,10,E,40021095.89,17000000
"'Ochu Height, L'",L,34535434.84,Ochu Height,28750000,3.2,5,13,S,38378801.08,24500000
"'Imadol, L'",L,34535434.84,Imadol,26245555.56,4,5,13,W,35035732.01,35000000
"'Pasikot, K'",K,40271779.3,Pasikot,37148571.43,3,4,20,NW,36240206.19,32000000
"'Sitapaila, K'",K,40271779.3,Sitapaila,32122471.91,6,6,13,E,40021095.89,38000000
"'Budhanilkantha, K'",K,40271779.3,Budhanilkantha,54403539.82,3,6,13,W,35035732.01,28000000
"'Pepsicola, K'",K,40271779.3,Pepsicola,37138888.89,13,5,13,N,36524064.17,75000000
"'changu Narayan, K'",K,40271779.3,Changu Narayan,26800000,3.3,4,10,N,36524064.17,31000000
"'Sitapaila, K'",K,40271779.3,Sitapaila,32122471.91,5.1,4,13,E,40021095.89,38000000
"'Pepsicola, K'",K,40271779.3,Pepsicola,37138888.89,4,4,20,E,40021095.89,32500000
"'Pasikot, K'",K,40271779.3,Pasikot,37148571.43,5.1,5,10,E,40021095.89,32500000
"'Kharibot, K'",K,40271779.3,Kharibot,32900000,3.2,6,13,N,36524064.17,29000000
"'Pasikot, K'",K,40271779.3,Pasikot,37148571.43,3,6,20,SE,41320000,28000000
"'Balkumari, L'",L,34535434.84,Balkumari,58714285.71,4.5,3,16,NE,38939095.74,66000000
"'Nepaltar, K'",K,40271779.3,Nepaltar,23085714.29,3,7,11,E,40021095.89,21900000
"'Nakhipot, L'",L,34535434.84,Nakhipot,39136363.64,3.2,5,13,S,38378801.08,28000000
"'Ramkot, K'",K,40271779.3,Ramkot,25384615.38,3.3,3,10,SE,41320000,17500000
"'Nakhipot, L'",L,34535434.84,Nakhipot,39136363.64,3.5,5,20,SW,39995597.48,27000000
"'Hattiban, L'",L,34535434.84,Hattiban,39415384.62,3.2,6,13,S,38378801.08,25500000
"'Tenzing Chowk, K'",K,40271779.3,Tenzing Chowk,39375000,4,5,13,E,40021095.89,36500000
"'Mandikhatar, K'",K,40271779.3,Mandikhatar,45133333.33,3.1,6,13,W,35035732.01,29500000
"'Old Baneshwor, K'",K,40271779.3,Old Baneshwor,45000000,3,6,16,E,40021095.89,45000000
"'Dhobikhola, K'",K,40271779.3,Dhobikhola,46000000,3.5,5,27,NE,38939095.74,46000000
"'Hattigauda, K'",K,40271779.3,Hattigauda,40888888.89,5,7,13,N,36524064.17,34500000
"'Imadol, L'",L,34535434.84,Imadol,26245555.56,4,4,13,W,35035732.01,35000000
"'Kapan, K'",K,40271779.3,Kapan,24537096.77,2.2,4,12,E,40021095.89,18800000
"'Imadol, L'",L,34535434.84,Imadol,26245555.56,3,5,10,E,40021095.89,27000000
"'Phutung, K'",K,40271779.3,Phutung,21725000,3,3,13,W,35035732.01,15000000
"'Lolang, K'",K,40271779.3,Lolang,19860000,3,8,10,W,35035732.01,25500000
"'Balkumari, L'",L,34535434.84,Balkumari,58714285.71,2.3,5,25,N,36524064.17,33000000
"'Tikathali, L'",L,34535434.84,Tikathali,21964285.71,3.1,6,13,N,36524064.17,25000000
"'Imadol, L'",L,34535434.84,Imadol,26245555.56,5,6,13,SW,39995597.48,37000000
"'Kusunti, L'",L,34535434.84,Kusunti,47312500,5.2,4,13,E,40021095.89,39500000
"'Imadol, L'",L,34535434.84,Imadol,26245555.56,3,5,13,W,35035732.01,27500000
"'Dhapasi, K'",K,40271779.3,Dhapasi,43197058.82,14,5,20,SE,41320000,135000000
"'Imadol, L'",L,34535434.84,Imadol,26245555.56,2.3,4,10,N,36524064.17,22000000
"'Dhapasi, K'",K,40271779.3,Dhapasi,43197058.82,3,4,20,W,35035732.01,12000000
"'Bagbazar, K'",K,40271779.3,Bagbazar,48000000,5.1,4,12,NE,38939095.74,70000000
"'Sukedhara, K'",K,40271779.3,Sukedhara,38941379.31,5.2,4,13,S,38378801.08,55000000
"'Satdobato, L'",L,34535434.84,Satdobato,41446666.67,6.1,5,13,W,35035732.01,45000000
"'Bistachhap, L'",L,34535434.84,Bistachhap,17750000,4,8,13,S,38378801.08,13500000
"'Imadol, L'",L,34535434.84,Imadol,26245555.56,3.3,5,13,S,38378801.08,32500000
"'Imadol, L'",L,34535434.84,Imadol,26245555.56,4,4,16,E,40021095.89,37500000
"'Thankot, K'",K,40271779.3,Thankot,16989743.59,3,2,10,NE,38939095.74,14500000
"'Maharajgunj, K'",K,40271779.3,Maharajgunj,66125000,4,4,14,E,40021095.89,24000000
"'Dhumbarahi, K'",K,40271779.3,Dhumbarahi,59708333.33,4,3,10,E,40021095.89,38000000
"'Kapan, K'",K,40271779.3,Kapan,24537096.77,4,6,13,W,35035732.01,29500000
"'Kalanki, K'",K,40271779.3,Kalanki,26308823.53,4.2,5,20,NE,38939095.74,25500000
"'Kapan, K'",K,40271779.3,Kapan,24537096.77,4,8,12,N,36524064.17,31000000
"'Imadol, L'",L,34535434.84,Imadol,26245555.56,4,4,20,SE,41320000,42500000
"'Maharajgunj, K'",K,40271779.3,Maharajgunj,66125000,3,4,20,W,35035732.01,30000000
"'Budhanilkantha, K'",K,40271779.3,Budhanilkantha,54403539.82,4,6,13,S,38378801.08,34500000
"'Sano bharyang, K'",K,40271779.3,Sano Bharyang,35300000,11,8,13,S,38378801.08,74000000
"'Sunakothi, L'",L,34535434.84,Sunakothi,41100000,3.2,4,20,SE,41320000,37500000
"'Bhaisepati, L'",L,34535434.84,Bhaisepati,47003669.23,5,5,14,S,38378801.08,85000000
"'Hattigauda, K'",K,40271779.3,Hattigauda,40888888.89,6.1,7,14,NE,38939095.74,34500000
"'Panipokhari, K'",K,40271779.3,Panipokhari,59500000,3.2,7,18,NE,38939095.74,65000000
"'Gokarneswhor, K'",K,40271779.3,Gokarneswhor,24166666.67,4,6,32,W,35035732.01,30000000
"'Pasikot, K'",K,40271779.3,Pasikot,37148571.43,4,5,13,E,40021095.89,34000000
"'Dhumbarahi, K'",K,40271779.3,Dhumbarahi,59708333.33,8,9,12,SE,41320000,67500000
"'Budhanilkantha, K'",K,40271779.3,Budhanilkantha,54403539.82,6,6,16,S,38378801.08,47000000
"'Gongabu, K'",K,40271779.3,Gongabu,42027777.78,4,6,20,W,35035732.01,60000000
"'Khadka Gaun, K'",K,40271779.3,Khadka Gaun,24850000,4,5,13,W,35035732.01,33000000
"'Budhanilkantha, K'",K,40271779.3,Budhanilkantha,54403539.82,4,6,13,N,36524064.17,34000000
"'Lazimpat, K'",K,40271779.3,Lazimpat,54400000,4.3,6,12,NE,38939095.74,42000000
"'Sunakothi, L'",L,34535434.84,Sunakothi,41100000,5,3,20,NE,38939095.74,37500000
"'Bhaisepati, L'",L,34535434.84,Bhaisepati,47003669.23,6,4,13,NE,38939095.74,78000000
"'Hattigauda, K'",K,40271779.3,Hattigauda,40888888.89,6.2,4,20,W,35035732.01,77000000
"'Syuchatar, K'",K,40271779.3,Syuchatar,27519230.77,4,4,18,SE,41320000,38000000
"'Gwarko, L'",L,34535434.84,Gwarko,27142857.14,2.3,2,13,S,38378801.08,15500000
"'Chhetrapati, K'",K,40271779.3,Chhetrapati,125000000,10,10,15,N,36524064.17,125000000
"'Imadol, L'",L,34535434.84,Imadol,26245555.56,3,4,13,E,40021095.89,23500000
"'Thaiba, L'",L,34535434.84,Thaiba,30846153.85,3.3,4,20,S,38378801.08,18000000
"'Ochu Height, L'",L,34535434.84,Ochu Height,28750000,3.2,5,13,S,38378801.08,27000000
"'Koteshwor, K'",K,40271779.3,Koteshwor,44111111.11,4,5,6,S,38378801.08,41500000
"'Bhaisepati, L'",L,34535434.84,Bhaisepati,47003669.23,6,4,13,W,35035732.01,78000000
"'Chardobato, B'",B,29873684.19,Chardobato,41000000,4.2,6,20,S,38378801.08,41000000
"'Mandikhatar, K'",K,40271779.3,Mandikhatar,45133333.33,4.3,4,13,W,35035732.01,40000000
"'Deuba Chowk, K'",K,40271779.3,Deuba Chowk,50100000,6,6,13,N,36524064.17,43500000
"'Dhapasi, K'",K,40271779.3,Dhapasi,43197058.82,10,4,13,E,40021095.89,58000000
"'Gothatar, K'",K,40271779.3,Gothatar,30709090.91,4,8,10,N,36524064.17,38000000
"'Grande Hospital, K'",K,40271779.3,Grande Hospital,34471428.57,3.2,12,13,NW,36240206.19,30000000
"'Sainbu, L'",L,34535434.84,Sainbu,41642857.14,4,5,15,N,36524064.17,30000000
"'Thali, K'",K,40271779.3,Thali,14933333.33,3.5,4,10,N,36524064.17,15500000
"'Kapan, K'",K,40271779.3,Kapan,24537096.77,4.1,6,13,NE,38939095.74,29500000
"'Khumaltar, L'",L,34535434.84,Khumaltar,38023809.52,5,3,13,S,38378801.08,55000000
"'Gaurighat, K'",K,40271779.3,Gaurighat,39333333.33,3,4,13,W,35035732.01,23000000
"'Gwarko, L'",L,34535434.84,Gwarko,27142857.14,3.1,4,13,S,38378801.08,27000000
"'Imadol, L'",L,34535434.84,Imadol,26245555.56,4,5,13,N,36524064.17,29000000
"'Imadol, L'",L,34535434.84,Imadol,26245555.56,3.2,4,13,E,40021095.89,27500000
"'Narayantar, K'",K,40271779.3,Narayantar,34083333.33,4.2,12,12,E,40021095.89,35000000
"'Thali, K'",K,40271779.3,Thali,14933333.33,3.2,2,10,W,35035732.01,13300000
"'Dhapasi, K'",K,40271779.3,Dhapasi,43197058.82,10,4,13,E,40021095.89,61000000
"'Suryabinayak, B'",B,29873684.19,Suryabinayak,57100000,6,8,10,SE,41320000,82000000
"'Budhanilkantha, K'",K,40271779.3,Budhanilkantha,54403539.82,5.3,6,27,NE,38939095.74,46000000
"'Lubhu, L'",L,34535434.84,Lubhu,20353333.33,2.2,5,13,NE,38939095.74,17000000
"'Jarankhu, K'",K,40271779.3,Jarankhu,34066666.67,3.2,4,10,SW,39995597.48,16000000
"'Katunje, B'",B,29873684.19,Katunje,23400000,8,5,13,N,36524064.17,35000000
"'Chyau Danda, L'",L,34535434.84,Chyau Danda,24000000,3,4,20,S,38378801.08,24000000
"'Naya Basti, K'",K,40271779.3,Naya Basti,31071428.57,4,5,10,N,36524064.17,33000000
"'Nagdaha, L'",L,34535434.84,Nagdaha,28000000,4,4,20,S,38378801.08,41500000
"'Thecho, L'",L,34535434.84,Thecho,45833333.33,4,4,16,N,36524064.17,19000000
"'Mandikhatar, K'",K,40271779.3,Mandikhatar,45133333.33,8,5,13,NE,38939095.74,65000000
"'Icimod, L'",L,34535434.84,Icimod,34750000,4,5,13,W,35035732.01,30500000
"'Imadol, L'",L,34535434.84,Imadol,26245555.56,4,3,26,N,36524064.17,40000000
"'Godawari, L'",L,34535434.84,Godawari,27200000,5,5,20,N,36524064.17,41900000
"'Chunikhel, K'",K,40271779.3,Chunikhel,21255555.56,3,7,10,S,38378801.08,25000000
"'Gairgaun, K'",K,40271779.3,Gairgaun,35300000,5,4,12,N,36524064.17,51000000
"'Chabahil, K'",K,40271779.3,Chabahil,83909090.91,6.2,4,8,W,35035732.01,35000000
"'Matatirtha, K'",K,40271779.3,Matatirtha,24571428.57,4,3,13,NE,38939095.74,18000000
"'Bansbari, K'",K,40271779.3,Bansbari,52578947.37,6.2,6,13,SE,41320000,55000000
"'Bhaisepati, L'",L,34535434.84,Bhaisepati,47003669.23,4.2,3,10,SE,41320000,55000000
"'Swayambhu, K'",K,40271779.3,Swayambhu,34017647.06,2.2,5,20,S,38378801.08,27500000
"'Bafal, K'",K,40271779.3,Bafal,36767857.14,5,5,13,S,38378801.08,36500000
"'Chapali, K'",K,40271779.3,Chapali,41350000,6,5,13,S,38378801.08,61500000
"'Chandragiri, K'",K,40271779.3,Chandragiri,22463636.36,3.2,6,10,SE,41320000,17000000
"'Imadol, L'",L,34535434.84,Imadol,26245555.56,3,4,13,W,35035732.01,25500000
"'Imadol, L'",L,34535434.84,Imadol,26245555.56,4,5,13,E,40021095.89,32500000
"'Imadol, L'",L,34535434.84,Imadol,26245555.56,3.5,6,13,S,38378801.08,26500000
"'Hattiban, L'",L,34535434.84,Hattiban,39415384.62,3.2,5,13,SE,41320000,20500000
"'Manamaiju, K'",K,40271779.3,Manamaiju,31454545.45,4.2,6,12,SW,39995597.48,25000000
"'Godamchaur, L'",L,34535434.84,Godamchaur,29000000,12,14,13,S,38378801.08,29000000
"'Tripureshwor, K'",K,40271779.3,Tripureshwor,28500000,5,4,8,N,36524064.17,32000000
"'Budhanilkantha, K'",K,40271779.3,Budhanilkantha,54403539.82,8.3,5,13,SW,39995597.48,51500000
"'Dhapasi, K'",K,40271779.3,Dhapasi,43197058.82,10,4,13,E,40021095.89,58000000
"'Kupandole, L'",L,34535434.84,Kupandole,65055555.56,5,10,20,E,40021095.89,64000000
"'Banasthali, K'",K,40271779.3,Banasthali,47525000,2.5,3,13,E,40021095.89,23500000
"'Kumaripati, L'",L,34535434.84,Kumaripati,45000000,6,7,15,S,38378801.08,45000000
"'Swayambhu, K'",K,40271779.3,Swayambhu,34017647.06,3.1,6,10,NW,36240206.19,31500000
"'Swayambhu, K'",K,40271779.3,Swayambhu,34017647.06,3,6,10,N,36524064.17,29500000
"'Shantinagar, K'",K,40271779.3,Shantinagar,46114285.71,5.3,11,9,S,38378801.08,49800000
"'Sundarbasti, K'",K,40271779.3,Sundarbasti,30884210.53,3.2,8,13,S,38378801.08,27000000
"'Taukhel, L'",L,34535434.84,Taukhel,30125000,4.2,5,20,W,35035732.01,38000000
"'Tahachal, K'",K,40271779.3,Tahachal,72333333.33,2.2,2,10,E,40021095.89,13500000
"'Sundarbasti, K'",K,40271779.3,Sundarbasti,30884210.53,5,6,20,N,36524064.17,39500000
"'Kapan, K'",K,40271779.3,Kapan,24537096.77,5.3,6,13,SE,41320000,32500000
"'Imadol, L'",L,34535434.84,Imadol,26245555.56,3.2,5,20,W,35035732.01,27000000
"'Imadol, L'",L,34535434.84,Imadol,26245555.56,3.3,4,13,NW,36240206.19,28500000
"'Imadol, L'",L,34535434.84,Imadol,26245555.56,4.2,6,13,NE,38939095.74,25000000
"'Imadol, L'",L,34535434.84,Imadol,26245555.56,3,5,13,SE,41320000,27500000
"'Bhangal, K'",K,40271779.3,Bhangal,26641463.41,3.3,5,13,S,38378801.08,29000000
"'Sundarbasti, K'",K,40271779.3,Sundarbasti,30884210.53,4,5,20,E,40021095.89,29800000
"'Jhaukhel, B'",B,29873684.19,Jhaukhel,14000000,4.1,2,10,NE,38939095.74,14000000
"'Imadol, L'",L,34535434.84,Imadol,26245555.56,3.2,4,13,S,38378801.08,27500000
"'Imadol, L'",L,34535434.84,Imadol,26245555.56,3.1,5,13,N,36524064.17,26000000
"'Tyanglafat, K'",K,40271779.3,Tyanglafat,40750000,3,7,10,NE,38939095.74,24500000
"'Kageshwori, K'",K,40271779.3,Kageshwori,24333333.33,3,5,13,W,35035732.01,25500000
"'Chandragiri, K'",K,40271779.3,Chandragiri,22463636.36,4,4,13,E,40021095.89,22500000
"'Chandragiri, K'",K,40271779.3,Chandragiri,22463636.36,3,6,12,S,38378801.08,13100000
"'Nayapati, K'",K,40271779.3,Nayapati,31000000,4,4,20,W,35035732.01,33000000
"'Thaiba, L'",L,34535434.84,Thaiba,30846153.85,3.1,5,13,E,40021095.89,22000000
"'Imadol, L'",L,34535434.84,Imadol,26245555.56,3.1,4,13,N,36524064.17,23500000
"'Imadol, L'",L,34535434.84,Imadol,26245555.56,4,6,13,S,38378801.08,42500000
"'Chandragiri, K'",K,40271779.3,Chandragiri,22463636.36,3,5,10,W,35035732.01,19000000
"'Tokha, K'",K,40271779.3,Tokha,26794117.65,3.3,5,10,W,35035732.01,23000000
"'Budhanilkantha, K'",K,40271779.3,Budhanilkantha,54403539.82,5,6,15,SE,41320000,40000000
"'Thulo Bharayang, K'",K,40271779.3,Thulo Bharayang,35125000,3,4,13,W,35035732.01,30000000
"'Chappal karkhana, K'",K,40271779.3,Chappal Karkhana,48500000,10,4,14,SE,41320000,62000000
"'Pasikot, K'",K,40271779.3,Pasikot,37148571.43,5.1,5,14,S,38378801.08,38000000
"'Nakhipot, L'",L,34535434.84,Nakhipot,39136363.64,3.2,9,20,E,40021095.89,25500000
"'Imadol, L'",L,34535434.84,Imadol,26245555.56,2.3,6,13,W,35035732.01,21000000
"'Dhobighat, L'",L,34535434.84,Dhobighat,61000000,9,5,12,S,38378801.08,76500000
"'Budhanilkantha, K'",K,40271779.3,Budhanilkantha,54403539.82,2,6,12,W,35035732.01,25000000
"'Gairgaun, K'",K,40271779.3,Gairgaun,35300000,3.1,6,10,N,36524064.17,25000000
"'changu Narayan, K'",K,40271779.3,Changu Narayan,26800000,2.3,6,13,NW,36240206.19,25000000
"'Gongabu, K'",K,40271779.3,Gongabu,42027777.78,3,5,13,NE,38939095.74,29000000
"'Bhaisepati, L'",L,34535434.84,Bhaisepati,47003669.23,3.3,5,15,SW,39995597.48,31000000
"'Budhanilkantha, K'",K,40271779.3,Budhanilkantha,54403539.82,9,5,18,N,36524064.17,45000000
"'Goldhunga, K'",K,40271779.3,Goldhunga,20686666.67,2.2,5,13,E,40021095.89,15000000
"'Thapathali, K'",K,40271779.3,Thapathali,64720000,11,4,13,S,38378801.08,110000000
"'Bhaisepati, L'",L,34535434.84,Bhaisepati,47003669.23,5.2,5,16,SE,41320000,55000000
"'Bhaisepati, L'",L,34535434.84,Bhaisepati,47003669.23,3.3,4,13,SE,41320000,32500000
"'Lolang, K'",K,40271779.3,Lolang,19860000,4.3,8,10,E,40021095.89,25000000
"'Thado Dhunga, L'",L,34535434.84,Thado Dhunga,47750000,9,5,20,SW,39995597.48,77500000
"'Sunakothi, L'",L,34535434.84,Sunakothi,41100000,6,3,20,SE,41320000,42500000
"'Bhaisepati, L'",L,34535434.84,Bhaisepati,47003669.23,3.3,5,22,N,36524064.17,35000000
"'Bagdol, L'",L,34535434.84,Bagdol,54500000,5.3,7,20,SE,41320000,54000000
"'Budhanilkantha, K'",K,40271779.3,Budhanilkantha,54403539.82,5,5,15,NW,36240206.19,45000000
"'Pasikot, K'",K,40271779.3,Pasikot,37148571.43,5.1,5,14,SW,39995597.48,38000000
"'Bhangal, K'",K,40271779.3,Bhangal,26641463.41,3.3,4,13,W,35035732.01,29500000
"'Baluwakhani, K'",K,40271779.3,Baluwakhani,26636363.64,4,6,13,E,40021095.89,34500000
"'Aakasedhara, K'",K,40271779.3,Aakasedhara,31000000,3.1,4,13,N,36524064.17,28500000
"'Katunje, B'",B,29873684.19,Katunje,23400000,3,6,20,SE,41320000,20500000
"'Rudreshwor, K'",K,40271779.3,Rudreshwor,54909090.91,5.1,4,13,S,38378801.08,50000000
"'Golfutar, K'",K,40271779.3,Golfutar,47734782.61,3.2,5,16,W,35035732.01,29000000
"'Bhaisepati, L'",L,34535434.84,Bhaisepati,47003669.23,4.2,4,15,SW,39995597.48,31000000
"'Bauthali, K'",K,40271779.3,Bauthali,25000000,4.1,6,12,W,35035732.01,25000000
"'Raniban, K'",K,40271779.3,Raniban,37400000,3.5,6,14,SW,39995597.48,31000000
"'Goldhunga, K'",K,40271779.3,Goldhunga,20686666.67,3,4,12,N,36524064.17,29500000
"'Tikathali, L'",L,34535434.84,Tikathali,21964285.71,3.2,5,13,E,40021095.89,29500000
"'Kalopool, K'",K,40271779.3,Kalopool,26000000,4.2,2,4,S,38378801.08,30000000
"'Bhaisepati, L'",L,34535434.84,Bhaisepati,47003669.23,5.3,3,16,SW,39995597.48,62500000
"'Mid Baneshwor, K'",K,40271779.3,Mid Baneshwor,71250000,12,5,13,E,40021095.89,100000000
"'Sitapaila, K'",K,40271779.3,Sitapaila,32122471.91,4,5,13,SE,41320000,31000000
"'Nakhudole, L'",L,34535434.84,Nakhudole,24250000,4,3,20,W,35035732.01,29000000
"'Imadol, L'",L,34535434.84,Imadol,26245555.56,3.1,4,13,N,36524064.17,26000000
"'Bhaisepati, L'",L,34535434.84,Bhaisepati,47003669.23,4,5,13,SW,39995597.48,41000000
"'Mandikhatar, K'",K,40271779.3,Mandikhatar,45133333.33,5,5,14,E,40021095.89,44500000
"'Jyotinagar, K'",K,40271779.3,Jyotinagar,31388888.89,3.5,6,13,S,38378801.08,31500000
"'Budhanilkantha, K'",K,40271779.3,Budhanilkantha,54403539.82,4.3,5,13,W,35035732.01,40000000
"'Naya Basti, K'",K,40271779.3,Naya Basti,31071428.57,6.1,8,20,SW,39995597.48,50000000
"'Bhaisepati, L'",L,34535434.84,Bhaisepati,47003669.23,3.3,4,13,SW,39995597.48,32500000
"'High Vision Colony, K'",K,40271779.3,High Vision Colony,26000000,3.5,4,10,E,40021095.89,26000000
"'Imadol, L'",L,34535434.84,Imadol,26245555.56,12,7,13,S,38378801.08,65000000
"'Sitapaila, K'",K,40271779.3,Sitapaila,32122471.91,7,4,13,S,38378801.08,37500000
"'Kupandole, L'",L,34535434.84,Kupandole,65055555.56,5,10,22,E,40021095.89,140000000
"'Kusunti, L'",L,34535434.84,Kusunti,47312500,12,4,26,N,36524064.17,115000000
"'Bhaisepati, L'",L,34535434.84,Bhaisepati,47003669.23,3.3,5,22,W,35035732.01,35000000
"'Kupandole, L'",L,34535434.84,Kupandole,65055555.56,5,8,22,E,40021095.89,48000000
"'Syuchatar, K'",K,40271779.3,Syuchatar,27519230.77,5.2,6,13,E,40021095.89,32500000
"'Sunakothi, L'",L,34535434.84,Sunakothi,41100000,4.1,5,20,E,40021095.89,35000000
"'Bhaisepati, L'",L,34535434.84,Bhaisepati,47003669.23,5,4,20,E,40021095.89,41000000
"'Gahana Pokhari, K'",K,40271779.3,Gahana Pokhari,70000000,6.3,6,11,S,38378801.08,70000000
"'Hattiban, L'",L,34535434.84,Hattiban,39415384.62,8,4,32,N,36524064.17,85000000
"'Tahachal, K'",K,40271779.3,Tahachal,72333333.33,10.2,10,13,SW,39995597.48,190000000
"'Bistachhap, L'",L,34535434.84,Bistachhap,17750000,9.2,4,20,E,40021095.89,22000000
"'Bhimsengola, K'",K,40271779.3,Bhimsengola,98000000,9,5,20,W,35035732.01,102000000
"'Battisputali, K'",K,40271779.3,Battisputali,63500000,10,5,13,S,38378801.08,95000000
"'Sundarbasti, K'",K,40271779.3,Sundarbasti,30884210.53,5,5,13,NE,38939095.74,39000000
"'Besigaun, K'",K,40271779.3,Besigaun,27000000,3.1,6,13,SE,41320000,27000000
"'Gokarneswhor, K'",K,40271779.3,Gokarneswhor,24166666.67,3,2,13,E,40021095.89,13000000
"'Kusunti, L'",L,34535434.84,Kusunti,47312500,5.5,4,13,NE,38939095.74,40500000
"'Khusibu, K'",K,40271779.3,Khusibu,45666666.67,2.2,6,26,E,40021095.89,32500000
"'Pasikot, K'",K,40271779.3,Pasikot,37148571.43,6,6,13,SE,41320000,33000000
"'Budhanilkantha, K'",K,40271779.3,Budhanilkantha,54403539.82,6.2,6,15,NE,38939095.74,62500000
"'Baniyatar, K'",K,40271779.3,Baniyatar,29888888.89,3,4,10,W,35035732.01,20500000
"'Bansbari, K'",K,40271779.3,Bansbari,52578947.37,7,4,13,S,38378801.08,50000000
"'Imadol, L'",L,34535434.84,Imadol,26245555.56,3.3,5,13,NE,38939095.74,26000000
"'Imadol, L'",L,34535434.84,Imadol,26245555.56,3.1,3,13,N,36524064.17,23500000
"'Satdobato, L'",L,34535434.84,Satdobato,41446666.67,9.1,12,10,E,40021095.89,70000000
"'Budhanilkantha, K'",K,40271779.3,Budhanilkantha,54403539.82,17,6,17,E,40021095.89,95000000
"'Gaushala, K'",K,40271779.3,Gaushala,32500000,4,11,13,E,40021095.89,32500000
"'Goldhunga, K'",K,40271779.3,Goldhunga,20686666.67,4,4,20,N,36524064.17,32000000
"'Dhumbarahi, K'",K,40271779.3,Dhumbarahi,59708333.33,3.5,5,20,S,38378801.08,25000000
"'Budhanilkantha, K'",K,40271779.3,Budhanilkantha,54403539.82,18,5,15,E,40021095.89,125000000
"'Ganesh Chowk, K'",K,40271779.3,Ganesh Chowk,43018181.82,3.5,5,14,SW,39995597.48,32500000
"'Samakhusi, K'",K,40271779.3,Samakhusi,44224137.93,16,12,20,S,38378801.08,160000000
"'Ranibari, K'",K,40271779.3,Ranibari,82500000,16,7,20,W,35035732.01,130000000
"'Nagarjun, K'",K,40271779.3,Nagarjun,44030000,3.1,4,16,NE,38939095.74,25000000
"'Pepsicola, K'",K,40271779.3,Pepsicola,37138888.89,2.3,5,20,E,40021095.89,29000000
"'Sanepa, L'",L,34535434.84,Sanepa,71436842.11,16,5,18,W,35035732.01,190000000
"'Wasik, K'",K,40271779.3,Wasik,35333333.33,5.2,5,13,SW,39995597.48,41000000
"'Thaiba, L'",L,34535434.84,Thaiba,30846153.85,5.2,4,20,SW,39995597.48,50000000
"'Basundhara, K'",K,40271779.3,Basundhara,40705882.35,6.3,7,20,S,38378801.08,87500000
"'Bhaisepati, L'",L,34535434.84,Bhaisepati,47003669.23,5,8,10,E,40021095.89,35000000
"'Narayantar, K'",K,40271779.3,Narayantar,34083333.33,8.1,8,12,NW,36240206.19,53500000
"'Sukedhara, K'",K,40271779.3,Sukedhara,38941379.31,4,6,14,S,38378801.08,39000000
"'Ranibari, K'",K,40271779.3,Ranibari,82500000,4,6,22,W,35035732.01,35000000
"'Goldhunga, K'",K,40271779.3,Goldhunga,20686666.67,3.2,5,10,W,35035732.01,25000000
"'Bhaisepati, L'",L,34535434.84,Bhaisepati,47003669.23,6,6,20,SE,41320000,75000000
"'Baluwakhani, K'",K,40271779.3,Baluwakhani,26636363.64,4,3,13,E,40021095.89,31500000
"'Tenzing Chowk, K'",K,40271779.3,Tenzing Chowk,39375000,3.3,6,13,E,40021095.89,26500000
"'Sukedhara, K'",K,40271779.3,Sukedhara,38941379.31,5,6,14,W,35035732.01,35000000
"'Narayanthan, K'",K,40271779.3,Narayanthan,57666666.67,11,4,15,E,40021095.89,55000000
"'Rudreshwor, K'",K,40271779.3,Rudreshwor,54909090.91,5.1,5,13,E,40021095.89,49000000
"'Bafal, K'",K,40271779.3,Bafal,36767857.14,4,7,13,W,35035732.01,28500000
"'changu Narayan, K'",K,40271779.3,Changu Narayan,26800000,2.2,4,9,W,35035732.01,21500000
"'Basanti Chowk, K'",K,40271779.3,Basanti Chowk,22000000,3,4,10,S,38378801.08,22000000
"'Tindhara, K'",K,40271779.3,Tindhara,22000000,3,6,26,N,36524064.17,22000000
"'Buddha Chowk, K'",K,40271779.3,Buddha Chowk,30375000,3,4,10,W,35035732.01,24000000
"'Hattigauda, K'",K,40271779.3,Hattigauda,40888888.89,6.2,4,13,NE,38939095.74,36500000
"'Dhapakhel, L'",L,34535434.84,Dhapakhel,27325000,3.3,6,13,E,40021095.89,27000000
"'Gwarko, L'",L,34535434.84,Gwarko,27142857.14,3.1,5,13,S,38378801.08,27000000
"'Matatirtha, K'",K,40271779.3,Matatirtha,24571428.57,5.1,3,26,S,38378801.08,20000000
"'Imadol, L'",L,34535434.84,Imadol,26245555.56,7,5,20,NE,38939095.74,36000000
"'Sitapaila, K'",K,40271779.3,Sitapaila,32122471.91,4,5,10,N,36524064.17,27000000
"'Bhaisepati, L'",L,34535434.84,Bhaisepati,47003669.23,3,5,12,W,35035732.01,30000000
"'Bhaisepati, L'",L,34535434.84,Bhaisepati,47003669.23,5,5,20,W,35035732.01,51000000
"'Kapan, K'",K,40271779.3,Kapan,24537096.77,4.1,6,13,E,40021095.89,29800000
"'Bhaisepati, L'",L,34535434.84,Bhaisepati,47003669.23,18,6,20,E,40021095.89,210000000
"'Imadol, L'",L,34535434.84,Imadol,26245555.56,3,5,13,E,40021095.89,23500000
"'Satdobato, L'",L,34535434.84,Satdobato,41446666.67,10,13,13,S,38378801.08,70000000
"'Syuchatar, K'",K,40271779.3,Syuchatar,27519230.77,3.2,6,13,S,38378801.08,25000000
"'Budhanilkantha, K'",K,40271779.3,Budhanilkantha,54403539.82,18,5,13,SW,39995597.48,115000000
"'Sitapaila, K'",K,40271779.3,Sitapaila,32122471.91,4.1,4,16,SE,41320000,27500000
"'Sitapaila, K'",K,40271779.3,Sitapaila,32122471.91,4.2,4,16,S,38378801.08,29500000
"'Purano Naikap, K'",K,40271779.3,Purano Naikap,48000000,6.2,7,13,NE,38939095.74,48000000
"'Battisputali, K'",K,40271779.3,Battisputali,63500000,3.5,7,20,W,35035732.01,32000000
"'Sitapaila, K'",K,40271779.3,Sitapaila,32122471.91,5,5,13,E,40021095.89,31500000
"'Thulo Bharayang, K'",K,40271779.3,Thulo Bharayang,35125000,2.2,3,10,S,38378801.08,15000000
"'Jorpati, K'",K,40271779.3,Jorpati,21412500,3.2,5,10,S,38378801.08,23000000
"'Balaju, K'",K,40271779.3,Balaju,93340000,9.1,6,10,W,35035732.01,57500000
"'Sitapaila, K'",K,40271779.3,Sitapaila,32122471.91,2.3,3,4,NE,38939095.74,12000000
"'Naikap, K'",K,40271779.3,Naikap,27187500,3.1,4,10,N,36524064.17,20000000
"'Machhapokhari, K'",K,40271779.3,Machhapokhari,37333333.33,4,4,10,E,40021095.89,30000000
"'Gothatar, K'",K,40271779.3,Gothatar,30709090.91,3.2,6,10,SE,41320000,26800000
"'Dhapakhel, L'",L,34535434.84,Dhapakhel,27325000,4,6,20,SW,39995597.48,30000000
"'Kageshwori, K'",K,40271779.3,Kageshwori,24333333.33,3.2,6,20,E,40021095.89,31000000
"'Simaltar, K'",K,40271779.3,Simaltar,95000000,14,9,20,N,36524064.17,95000000
"'Pepsicola, K'",K,40271779.3,Pepsicola,37138888.89,4.2,3,36,NE,38939095.74,50000000
"'Budhanilkantha, K'",K,40271779.3,Budhanilkantha,54403539.82,8,13,13,W,35035732.01,53500000
"'Satdobato, L'",L,34535434.84,Satdobato,41446666.67,3,4,13,E,40021095.89,26000000
"'Bafal, K'",K,40271779.3,Bafal,36767857.14,3.1,5,13,W,35035732.01,24000000
"'Maharajgunj, K'",K,40271779.3,Maharajgunj,66125000,3.7,2,12,SE,41320000,30000000
"'Budhanilkantha, K'",K,40271779.3,Budhanilkantha,54403539.82,4,4,15,W,35035732.01,36000000
"'Manamaiju, K'",K,40271779.3,Manamaiju,31454545.45,4,6,12,N,36524064.17,27500000
"'Dhapasi, K'",K,40271779.3,Dhapasi,43197058.82,5,6,18,S,38378801.08,42500000
"'Maharajgunj, K'",K,40271779.3,Maharajgunj,66125000,4,5,16,S,38378801.08,45000000
"'Kadaghari, K'",K,40271779.3,Kadaghari,18933333.33,3.2,6,13,N,36524064.17,27000000
"'Dhapasi, K'",K,40271779.3,Dhapasi,43197058.82,3.2,4,16,E,40021095.89,28500000
"'Lolang, K'",K,40271779.3,Lolang,19860000,3,4,12,NE,38939095.74,35500000
"'Tokha, K'",K,40271779.3,Tokha,26794117.65,4.2,4,13,E,40021095.89,29000000
"'Nakhipot, L'",L,34535434.84,Nakhipot,39136363.64,4.2,5,20,W,35035732.01,32000000
"'Goldhunga, K'",K,40271779.3,Goldhunga,20686666.67,4.2,4,20,E,40021095.89,30000000
"'Italitar, K'",K,40271779.3,Italitar,94166666.67,8.1,5,20,E,40021095.89,77500000
"'Machhe Gaun, K'",K,40271779.3,Machhe Gaun,28100000,3,8,13,W,35035732.01,14000000
"'Rudreshwor, K'",K,40271779.3,Rudreshwor,54909090.91,5.1,4,16,E,40021095.89,50000000
"'Imadol, L'",L,34535434.84,Imadol,26245555.56,3,2,13,S,38378801.08,16500000
"'Chamati, K'",K,40271779.3,Chamati,48083333.33,9,15,26,W,35035732.01,140000000
"'Nakhipot, L'",L,34535434.84,Nakhipot,39136363.64,3,4,13,S,38378801.08,24000000
"'Chapali, K'",K,40271779.3,Chapali,41350000,3.3,5,13,NE,38939095.74,28000000
"'Phulbari Colony, K'",K,40271779.3,Phulbari Colony,92000000,10,6,20,SE,41320000,92000000
"'Jarankhu, K'",K,40271779.3,Jarankhu,34066666.67,4,7,13,W,35035732.01,35000000
"'Koteshwor, K'",K,40271779.3,Koteshwor,44111111.11,3,6,26,N,36524064.17,27500000
"'Charkhal, K'",K,40271779.3,Charkhal,28500000,4,8,13,SE,41320000,28500000
"'Hattigauda, K'",K,40271779.3,Hattigauda,40888888.89,6.1,7,14,S,38378801.08,36500000
"'Hattigauda, K'",K,40271779.3,Hattigauda,40888888.89,5,6,15,NE,38939095.74,45000000
"'Matatirtha, K'",K,40271779.3,Matatirtha,24571428.57,8,8,16,S,38378801.08,20000000
"'Balkhu, K'",K,40271779.3,Balkhu,38742857.14,8,7,20,W,35035732.01,72000000
"'Golfutar, K'",K,40271779.3,Golfutar,47734782.61,3.2,4,16,S,38378801.08,25000000
"'Taukhel, L'",L,34535434.84,Taukhel,30125000,4.2,4,8,N,36524064.17,30000000
"'Chhauni, K'",K,40271779.3,Chhauni,40166666.67,3.2,5,13,E,40021095.89,26000000
"'Mandikhatar, K'",K,40271779.3,Mandikhatar,45133333.33,2.7,6,13,S,38378801.08,18500000
"'Deuba Chowk, K'",K,40271779.3,Deuba Chowk,50100000,4.3,5,13,S,38378801.08,45000000
"'Hattigauda, K'",K,40271779.3,Hattigauda,40888888.89,5,6,13,N,36524064.17,45000000
"'Nakhu, L'",L,34535434.84,Nakhu,31019047.62,5,4,13,E,40021095.89,39500000
"'Hepali Height, K'",K,40271779.3,Hepali Height,38807142.86,4.2,3,20,SW,39995597.48,45000000
"'Bhadrabas, K'",K,40271779.3,Bhadrabas,12500000,3,2,20,W,35035732.01,12500000
"'Dhapasi, K'",K,40271779.3,Dhapasi,43197058.82,4,5,20,SE,41320000,41000000
"'Bhaisepati, L'",L,34535434.84,Bhaisepati,47003669.23,3.3,4,13,E,40021095.89,38000000
"'Dhapasi, K'",K,40271779.3,Dhapasi,43197058.82,4,6,13,E,40021095.89,37500000
"'Hattigauda, K'",K,40271779.3,Hattigauda,40888888.89,6.2,6,14,E,40021095.89,65000000
"'Hattiban, L'",L,34535434.84,Hattiban,39415384.62,8,4,20,S,38378801.08,90000000
"'Balkhu, K'",K,40271779.3,Balkhu,38742857.14,2.3,3,20,N,36524064.17,24900000
"'Bhaisepati, L'",L,34535434.84,Bhaisepati,47003669.23,5,4,16,S,38378801.08,45000000
"'Rudreshwor, K'",K,40271779.3,Rudreshwor,54909090.91,6,5,13,S,38378801.08,59500000
"'Jarankhu, K'",K,40271779.3,Jarankhu,34066666.67,4,8,13,N,36524064.17,35000000
"'Paiyatar, K'",K,40271779.3,Paiyatar,20300000,4.3,5,12,W,35035732.01,30000000
"'Budhanilkantha, K'",K,40271779.3,Budhanilkantha,54403539.82,5.1,4,15,E,40021095.89,50000000
"'Ganesh Chowk, K'",K,40271779.3,Ganesh Chowk,43018181.82,5.2,5,13,SW,39995597.48,45000000
"'Hattiban, L'",L,34535434.84,Hattiban,39415384.62,4.2,4,20,SW,39995597.48,46500000
"'Kalikasthan, K'",K,40271779.3,Kalikasthan,61666666.67,1.3,4,30,E,40021095.89,25000000
"'Budhanilkantha, K'",K,40271779.3,Budhanilkantha,54403539.82,4.1,5,13,S,38378801.08,29800000
"'Bansbari, K'",K,40271779.3,Bansbari,52578947.37,16,7,15,SE,41320000,96000000
"'Dhapasi, K'",K,40271779.3,Dhapasi,43197058.82,4,4,13,NE,38939095.74,23000000
"'Bhadrabas, K'",K,40271779.3,Bhadrabas,12500000,4,2,20,N,36524064.17,12500000
"'Bagdol, L'",L,34535434.84,Bagdol,54500000,6,7,16,E,40021095.89,55000000
"'Dhapasi, K'",K,40271779.3,Dhapasi,43197058.82,3,5,18,SE,41320000,125000000
"'Ganesh Chowk, K'",K,40271779.3,Ganesh Chowk,43018181.82,6.1,6,12,NE,38939095.74,67500000
"'Kapan, K'",K,40271779.3,Kapan,24537096.77,5,6,13,N,36524064.17,36000000
"'Siddhartha Colony, K'",K,40271779.3,Siddhartha Colony,76666666.67,3,6,20,E,40021095.89,35000000
"'Narayanthan, K'",K,40271779.3,Narayanthan,57666666.67,3.3,5,16,S,38378801.08,42500000
"'Nakhu, L'",L,34535434.84,Nakhu,31019047.62,5.2,4,13,SW,39995597.48,53000000
"'Bhaisepati, L'",L,34535434.84,Bhaisepati,47003669.23,5,5,20,W,35035732.01,40000000
"'Bhaisepati, L'",L,34535434.84,Bhaisepati,47003669.23,8.2,6,13,S,38378801.08,150000000
"'Hattigauda, K'",K,40271779.3,Hattigauda,40888888.89,6.2,5,15,E,40021095.89,36500000
"'Bhaisepati, L'",L,34535434.84,Bhaisepati,47003669.23,5,4,15,E,40021095.89,39900000
"'Sundarbasti, K'",K,40271779.3,Sundarbasti,30884210.53,4.2,6,20,SE,41320000,38500000
"'Sundarbasti, K'",K,40271779.3,Sundarbasti,30884210.53,5,6,13,NE,38939095.74,38500000
"'Sitapaila, K'",K,40271779.3,Sitapaila,32122471.91,10.2,4,20,NW,36240206.19,67400000
"'Budhanilkantha, K'",K,40271779.3,Budhanilkantha,54403539.82,15,5,15,NE,38939095.74,110000000
"'Gothatar, K'",K,40271779.3,Gothatar,30709090.91,3.2,2,20,E,40021095.89,14000000
"'Gongabu, K'",K,40271779.3,Gongabu,42027777.78,4,11,13,S,38378801.08,31500000
"'Bhaisepati, L'",L,34535434.84,Bhaisepati,47003669.23,4.2,5,13,SE,41320000,47500000
"'Thaiba, L'",L,34535434.84,Thaiba,30846153.85,4.5,6,22,N,36524064.17,37000000
"'Jarankhu, K'",K,40271779.3,Jarankhu,34066666.67,4,5,12,SE,41320000,25000000
"'Dhapakhel, L'",L,34535434.84,Dhapakhel,27325000,4.2,4,26,W,35035732.01,18500000
"'Sudal, B'",B,29873684.19,Sudal,13733333.33,3.3,10,10,E,40021095.89,21000000
"'Khumaltar, L'",L,34535434.84,Khumaltar,38023809.52,6,6,22,NE,38939095.74,35000000
"'Baluwa, K'",K,40271779.3,Baluwa,12900000,3.2,5,13,N,36524064.17,19000000
"'Deuba Chowk, K'",K,40271779.3,Deuba Chowk,50100000,8,8,12,E,40021095.89,52500000
"'Machhe Gaun, K'",K,40271779.3,Machhe Gaun,28100000,8,5,13,NE,38939095.74,45000000
"'Imadol, L'",L,34535434.84,Imadol,26245555.56,3.2,4,11,NW,36240206.19,26500000
"'Satdobato, L'",L,34535434.84,Satdobato,41446666.67,6.1,6,12,W,35035732.01,45000000
"'Swayambhu, K'",K,40271779.3,Swayambhu,34017647.06,9,11,18,N,36524064.17,110000000
"'Imadol, L'",L,34535434.84,Imadol,26245555.56,3.2,6,20,SW,39995597.48,27500000
"'Sinamangal, K'",K,40271779.3,Sinamangal,47000000,5.2,5,13,W,35035732.01,45000000
"'Khumaltar, L'",L,34535434.84,Khumaltar,38023809.52,5.2,7,18,W,35035732.01,42500000
"'Radhe Radhe, B'",B,29873684.19,Radhe Radhe,37833333.33,8,6,16,SE,41320000,62500000
"'Dhapakhel, L'",L,34535434.84,Dhapakhel,27325000,8.2,4,13,NE,38939095.74,42000000
"'Chunikhel, K'",K,40271779.3,Chunikhel,21255555.56,3,4,20,S,38378801.08,15500000
"'Dhapakhel, L'",L,34535434.84,Dhapakhel,27325000,3,3,26,SE,41320000,29000000
"'Budhanilkantha, K'",K,40271779.3,Budhanilkantha,54403539.82,4,4,20,S,38378801.08,32000000
"'Bhaisepati, L'",L,34535434.84,Bhaisepati,47003669.23,5,3,18,E,40021095.89,55000000
"'Sanepa, L'",L,34535434.84,Sanepa,71436842.11,9.2,4,16,E,40021095.89,77500000
"'Boharatar, K'",K,40271779.3,Boharatar,30500000,3,5,13,E,40021095.89,20000000
"'Budhanilkantha, K'",K,40271779.3,Budhanilkantha,54403539.82,4,6,25,NE,38939095.74,48000000
"'Jhamsikhel, L'",L,34535434.84,Jhamsikhel,24875000,3,4,20,E,40021095.89,40000000
"'Bhaisepati, L'",L,34535434.84,Bhaisepati,47003669.23,3.2,5,20,N,36524064.17,36500000
"'Grande Hospital, K'",K,40271779.3,Grande Hospital,34471428.57,5.2,5,21,E,40021095.89,53500000
"'Bhaisepati, L'",L,34535434.84,Bhaisepati,47003669.23,5,4,20,SW,39995597.48,55000000
"'Budhanilkantha, K'",K,40271779.3,Budhanilkantha,54403539.82,3.2,6,20,E,40021095.89,35000000
"'Pepsicola, K'",K,40271779.3,Pepsicola,37138888.89,3,8,10,N,36524064.17,26000000
"'Sano bharyang, K'",K,40271779.3,Sano Bharyang,35300000,5,4,20,N,36524064.17,45000000
"'Khusibu, K'",K,40271779.3,Khusibu,45666666.67,7.1,10,16,S,38378801.08,105000000
"'Sukedhara, K'",K,40271779.3,Sukedhara,38941379.31,7,4,12,E,40021095.89,70000000
"'Thulo Bharayang, K'",K,40271779.3,Thulo Bharayang,35125000,3,5,13,N,36524064.17,35000000
"'Imadol, L'",L,34535434.84,Imadol,26245555.56,2.2,4,13,N,36524064.17,20500000
"'Thankot, K'",K,40271779.3,Thankot,16989743.59,4,4,13,S,38378801.08,30000000
"'Lazimpat, K'",K,40271779.3,Lazimpat,54400000,2.2,4,10,N,36524064.17,22500000
"'Tokha, K'",K,40271779.3,Tokha,26794117.65,3,5,11,S,38378801.08,24000000
"'Maharajgunj, K'",K,40271779.3,Maharajgunj,66125000,12.1,5,16,S,38378801.08,90000000
"'Khumaltar, L'",L,34535434.84,Khumaltar,38023809.52,4,4,26,E,40021095.89,40000000
"'Kapan, K'",K,40271779.3,Kapan,24537096.77,3.1,4,13,E,40021095.89,16000000
"'Budhanilkantha, K'",K,40271779.3,Budhanilkantha,54403539.82,5,6,20,NW,36240206.19,39000000
"'Bansbari, K'",K,40271779.3,Bansbari,52578947.37,9.2,4,13,S,38378801.08,62500000
"'Bansbari, K'",K,40271779.3,Bansbari,52578947.37,10,3,13,S,38378801.08,62500000
"'Budhanilkantha, K'",K,40271779.3,Budhanilkantha,54403539.82,8,6,20,W,35035732.01,70000000
"'Golfutar, K'",K,40271779.3,Golfutar,47734782.61,3.2,5,20,NE,38939095.74,31500000
"'Rudreshwor, K'",K,40271779.3,Rudreshwor,54909090.91,6,5,15,S,38378801.08,57500000
"'Bishalnagar, K'",K,40271779.3,Bishalnagar,100000000,8,5,16,S,38378801.08,100000000
"'Budhanilkantha, K'",K,40271779.3,Budhanilkantha,54403539.82,8,5,15,SE,41320000,67500000
"'Pasikot, K'",K,40271779.3,Pasikot,37148571.43,5,5,13,S,38378801.08,33500000
"'Nepaltar, K'",K,40271779.3,Nepaltar,23085714.29,3,5,10,S,38378801.08,21000000
"'Thankot, K'",K,40271779.3,Thankot,16989743.59,4,6,13,N,36524064.17,26000000
"'Setipakha, L'",L,34535434.84,Setipakha,25400000,4,4,15,S,38378801.08,31000000
"'Ekatabasti, K'",K,40271779.3,Ekatabasti,28400000,2.2,4,12,S,38378801.08,16000000
"'Budhanilkantha, K'",K,40271779.3,Budhanilkantha,54403539.82,4,6,13,E,40021095.89,33500000
"'Sorhakhutte, K'",K,40271779.3,Sorhakhutte,43900000,3.2,15,12,E,40021095.89,45000000
"'Bhaisepati, L'",L,34535434.84,Bhaisepati,47003669.23,6,5,15,S,38378801.08,14000000
"'Thado Dhunga, L'",L,34535434.84,Thado Dhunga,47750000,10,3,15,N,36524064.17,18000000
"'Imadol, L'",L,34535434.84,Imadol,26245555.56,4,5,13,E,40021095.89,34500000
"'Imadol, L'",L,34535434.84,Imadol,26245555.56,3,4,11,N,36524064.17,14500000
"'Budhanilkantha, K'",K,40271779.3,Budhanilkantha,54403539.82,3.2,4,13,S,38378801.08,18500000
"'Bhaisepati, L'",L,34535434.84,Bhaisepati,47003669.23,3.3,4,20,N,36524064.17,44000000
"'Imadol, L'",L,34535434.84,Imadol,26245555.56,4.1,7,20,NE,38939095.74,36000000
"'Budhanilkantha, K'",K,40271779.3,Budhanilkantha,54403539.82,7.3,4,24,S,38378801.08,75000000
"'Budhanilkantha, K'",K,40271779.3,Budhanilkantha,54403539.82,5,7,13,SE,41320000,39500000
"'New Road, K'",K,40271779.3,New Road,45000000,4.2,14,13,E,40021095.89,45000000
"'Sitapaila, K'",K,40271779.3,Sitapaila,32122471.91,4.2,6,12,N,36524064.17,30000000
"'Kapan, K'",K,40271779.3,Kapan,24537096.77,4.2,6,13,N,36524064.17,33800000
"'Kapan, K'",K,40271779.3,Kapan,24537096.77,3,5,12,S,38378801.08,18500000
"'Manbhawan, L'",L,34535434.84,Manbhawan,41000000,3,5,26,S,38378801.08,20000000
"'Kapan, K'",K,40271779.3,Kapan,24537096.77,3,2,12,SW,39995597.48,14000000
"'Budhanilkantha, K'",K,40271779.3,Budhanilkantha,54403539.82,4,5,13,N,36524064.17,26000000
"'Balaju, K'",K,40271779.3,Balaju,93340000,10.2,10,12,NE,38939095.74,110000000
"'Grande Hospital, K'",K,40271779.3,Grande Hospital,34471428.57,4.3,4,16,N,36524064.17,39000000
"'Nakhipot, L'",L,34535434.84,Nakhipot,39136363.64,2.9,4,20,S,38378801.08,29000000
"'Lubhu, L'",L,34535434.84,Lubhu,20353333.33,2.5,4,13,S,38378801.08,17500000
"'Budhanilkantha, K'",K,40271779.3,Budhanilkantha,54403539.82,4.5,6,13,N,36524064.17,33500000
"'Panga, K'",K,40271779.3,Panga,31250000,4,13,12,N,36524064.17,27500000
"'Budhanilkantha, K'",K,40271779.3,Budhanilkantha,54403539.82,6,6,15,SE,41320000,60000000
"'Anamnagar, K'",K,40271779.3,Anamnagar,29500000,3,4,4,W,35035732.01,13000000
"'Greenhill City, K'",K,40271779.3,Greenhill City,25166666.67,4,5,13,S,38378801.08,25500000
"'Golfutar, K'",K,40271779.3,Golfutar,47734782.61,5.2,4,13,SE,41320000,39000000
"'Budhanilkantha, K'",K,40271779.3,Budhanilkantha,54403539.82,7,5,14,SE,41320000,75000000
"'Khumaltar, L'",L,34535434.84,Khumaltar,38023809.52,3.2,3,13,E,40021095.89,36500000
"'Jawalakhel, L'",L,34535434.84,Jawalakhel,66500000,12,4,26,N,36524064.17,110000000
"'Thaiba, L'",L,34535434.84,Thaiba,30846153.85,6,4,20,SE,41320000,45000000
"'Bhaisepati, L'",L,34535434.84,Bhaisepati,47003669.23,3.3,4,20,N,36524064.17,41000000
"'Naya Basti, K'",K,40271779.3,Naya Basti,31071428.57,3,7,10,S,38378801.08,20500000
"'Gongabu, K'",K,40271779.3,Gongabu,42027777.78,3.1,8,10,W,35035732.01,37500000
"'Golfutar, K'",K,40271779.3,Golfutar,47734782.61,4.2,3,16,W,35035732.01,43500000
"'Dhapasi, K'",K,40271779.3,Dhapasi,43197058.82,3.3,5,13,SW,39995597.48,31000000
"'Banasthali, K'",K,40271779.3,Banasthali,47525000,4,4,14,S,38378801.08,31000000
"'Manjushree Marga, L'",L,34535434.84,Manjushree Marga,27500000,4,5,13,S,38378801.08,27500000
"'Budhanilkantha, K'",K,40271779.3,Budhanilkantha,54403539.82,3,6,15,NW,36240206.19,32000000
"'Handigaun, K'",K,40271779.3,Handigaun,106250000,7.2,7,15,S,38378801.08,52500000
"'Chakupat, L'",L,34535434.84,Chakupat,60000000,6,5,13,S,38378801.08,60000000
"'Deuba Chowk, K'",K,40271779.3,Deuba Chowk,50100000,7.1,8,13,E,40021095.89,70000000
"'Satungal, K'",K,40271779.3,Satungal,20550000,4.3,2,14,E,40021095.89,21500000
"'Hattigauda, K'",K,40271779.3,Hattigauda,40888888.89,6,6,15,E,40021095.89,57500000
"'Naxal, K'",K,40271779.3,Naxal,68200000,10,6,12,E,40021095.89,82000000
"'Bansbari, K'",K,40271779.3,Bansbari,52578947.37,6.2,6,13,N,36524064.17,55000000
"'Mandikhatar, K'",K,40271779.3,Mandikhatar,45133333.33,3.1,4,13,E,40021095.89,28500000
"'Bhimsengola, K'",K,40271779.3,Bhimsengola,98000000,21.3,5,14,SE,41320000,150000000
"'Samakhusi, K'",K,40271779.3,Samakhusi,44224137.93,3.3,5,15,N,36524064.17,30500000
"'Budhanilkantha, K'",K,40271779.3,Budhanilkantha,54403539.82,5,8,20,N,36524064.17,69000000
"'Budhanilkantha, K'",K,40271779.3,Budhanilkantha,54403539.82,6,4,15,S,38378801.08,47000000
"'Budhanilkantha, K'",K,40271779.3,Budhanilkantha,54403539.82,3.2,4,13,SE,41320000,19000000
"'Mahankal, K'",K,40271779.3,Mahankal,28250000,4,4,20,N,36524064.17,33500000
"'Narayantar, K'",K,40271779.3,Narayantar,34083333.33,3.2,6,13,S,38378801.08,30000000
"'Budhanilkantha, K'",K,40271779.3,Budhanilkantha,54403539.82,5,5,16,S,38378801.08,46500000
"'Narayantar, K'",K,40271779.3,Narayantar,34083333.33,3,6,11,S,38378801.08,24000000
"'Budhanilkantha, K'",K,40271779.3,Budhanilkantha,54403539.82,4,6,13,N,36524064.17,32000000
"'Nagdaha, L'",L,34535434.84,Nagdaha,28000000,3.2,4,20,N,36524064.17,33000000
"'Sorhakhutte, K'",K,40271779.3,Sorhakhutte,43900000,5,9,12,S,38378801.08,47500000
"'Raniban, K'",K,40271779.3,Raniban,37400000,3.5,6,20,S,38378801.08,28000000
"'Budhanilkantha, K'",K,40271779.3,Budhanilkantha,54403539.82,3.2,6,12,N,36524064.17,29000000
"'Gongabu, K'",K,40271779.3,Gongabu,42027777.78,5,4,10,W,35035732.01,37000000
"'Sampang Chowk, L'",L,34535434.84,Sampang Chowk,33166666.67,5.2,5,13,S,38378801.08,38500000
"'Ganesh Chowk, K'",K,40271779.3,Ganesh Chowk,43018181.82,6.1,6,15,S,38378801.08,62000000
"'Budhanilkantha, K'",K,40271779.3,Budhanilkantha,54403539.82,5,6,13,W,35035732.01,45000000
"'Budhanilkantha, K'",K,40271779.3,Budhanilkantha,54403539.82,4.2,5,13,S,38378801.08,37500000
"'Gwarko, L'",L,34535434.84,Gwarko,27142857.14,4.2,6,14,S,38378801.08,35500000
"'Gothatar, K'",K,40271779.3,Gothatar,30709090.91,7,7,14,W,35035732.01,56000000
"'Kalimati, K'",K,40271779.3,Kalimati,50750000,9.2,5,13,SE,41320000,92500000
"'Nalinchwok, B'",B,29873684.19,Nalinchwok,11000000,3,3,8,N,36524064.17,11000000
"'Samakhusi, K'",K,40271779.3,Samakhusi,44224137.93,4,6,13,N,36524064.17,33000000
"'Dhumbarahi, K'",K,40271779.3,Dhumbarahi,59708333.33,6,5,20,SE,41320000,65000000
"'Kharibot, K'",K,40271779.3,Kharibot,32900000,3,6,13,E,40021095.89,23500000
"'Lazimpat, K'",K,40271779.3,Lazimpat,54400000,13,5,30,NW,36240206.19,130000000
"'Nakhu, L'",L,34535434.84,Nakhu,31019047.62,4.1,5,10,NE,38939095.74,36000000
"'Ochu Height, L'",L,34535434.84,Ochu Height,28750000,3.2,4,13,W,35035732.01,22500000
"'Imadol, L'",L,34535434.84,Imadol,26245555.56,3.1,4,16,N,36524064.17,25000000
"'Tikathali, L'",L,34535434.84,Tikathali,21964285.71,3,6,13,SE,41320000,23000000
"'Tikathali, L'",L,34535434.84,Tikathali,21964285.71,3,2,13,N,36524064.17,15000000
"'Imadol, L'",L,34535434.84,Imadol,26245555.56,3.2,4,13,W,35035732.01,30000000
"'Hattiban, L'",L,34535434.84,Hattiban,39415384.62,3.2,4,22,N,36524064.17,35000000
"'Hattiban, L'",L,34535434.84,Hattiban,39415384.62,3.2,5,13,S,38378801.08,25000000
"'Tikathali, L'",L,34535434.84,Tikathali,21964285.71,2.2,5,13,S,38378801.08,19500000
"'Imadol, L'",L,34535434.84,Imadol,26245555.56,4,4,13,S,38378801.08,37500000
"'Tikathali, L'",L,34535434.84,Tikathali,21964285.71,2.2,4,13,S,38378801.08,19500000
"'Kapan, K'",K,40271779.3,Kapan,24537096.77,5.1,6,13,SE,41320000,38500000
"'Chabahil, K'",K,40271779.3,Chabahil,83909090.91,5.2,5,5,SE,41320000,21500000
"'Chapali, K'",K,40271779.3,Chapali,41350000,4.1,5,15,SW,39995597.48,33500000
"'Budhanilkantha, K'",K,40271779.3,Budhanilkantha,54403539.82,3.1,4,18,N,36524064.17,26500000
"'Budhanilkantha, K'",K,40271779.3,Budhanilkantha,54403539.82,6,6,13,N,36524064.17,37000000
"'Lamatar, L'",L,34535434.84,Lamatar,12000000,3,2,13,SE,41320000,12000000
"'Bafal, K'",K,40271779.3,Bafal,36767857.14,8.3,4,13,E,40021095.89,60000000
"'Budhanilkantha, K'",K,40271779.3,Budhanilkantha,54403539.82,10,4,15,S,38378801.08,82000000
"'Hattiban, L'",L,34535434.84,Hattiban,39415384.62,4.1,7,13,NE,38939095.74,39500000
"'Karyabinayak, L'",L,34535434.84,Karyabinayak,34166666.67,3,3,20,S,38378801.08,35000000
"'Gwarko, L'",L,34535434.84,Gwarko,27142857.14,2.1,6,13,W,35035732.01,25000000
"'Mulpani, K'",K,40271779.3,Mulpani,20590909.09,4,6,12,W,35035732.01,15500000
"'Sano bharyang, K'",K,40271779.3,Sano Bharyang,35300000,4.2,4,20,E,40021095.89,39500000
"'Bhaisepati, L'",L,34535434.84,Bhaisepati,47003669.23,6.2,5,13,SW,39995597.48,62500000
"'Kapan, K'",K,40271779.3,Kapan,24537096.77,3.1,5,13,N,36524064.17,24000000
"'Deuba Chowk, K'",K,40271779.3,Deuba Chowk,50100000,8,8,13,E,40021095.89,49500000
"'Pasikot, K'",K,40271779.3,Pasikot,37148571.43,5,6,13,NE,38939095.74,34000000
"'Golfutar, K'",K,40271779.3,Golfutar,47734782.61,5,5,15,W,35035732.01,44500000
"'Gurjudhara, K'",K,40271779.3,Gurjudhara,21375000,3.2,6,13,E,40021095.89,22000000
"'Chunikhel, K'",K,40271779.3,Chunikhel,21255555.56,4.1,6,13,S,38378801.08,28500000
"'Bhaisepati, L'",L,34535434.84,Bhaisepati,47003669.23,4,5,13,S,38378801.08,27500000
"'Baluwakhani, K'",K,40271779.3,Baluwakhani,26636363.64,3.2,2,13,E,40021095.89,17000000
"'Hasantar, K'",K,40271779.3,Hasantar,48500000,8,4,20,SE,41320000,48500000
"'Golfutar, K'",K,40271779.3,Golfutar,47734782.61,6.1,5,14,W,35035732.01,65000000
"'Bhaisepati, L'",L,34535434.84,Bhaisepati,47003669.23,4,4,13,SE,41320000,49500000
"'Jyotinagar, K'",K,40271779.3,Jyotinagar,31388888.89,5,5,18,E,40021095.89,35000000
"'Balkumari, L'",L,34535434.84,Balkumari,58714285.71,5.2,8,12,N,36524064.17,55000000
"'Baluwakhani, K'",K,40271779.3,Baluwakhani,26636363.64,3,5,20,W,35035732.01,24500000
"'Goldhunga, K'",K,40271779.3,Goldhunga,20686666.67,3.3,5,10,S,38378801.08,17000000
"'Bhaisepati, L'",L,34535434.84,Bhaisepati,47003669.23,3,4,16,SE,41320000,25000000
"'Sitapaila, K'",K,40271779.3,Sitapaila,32122471.91,4,7,12,S,38378801.08,30000000
"'Pingalasthan, K'",K,40271779.3,Pingalasthan,45000000,5,7,20,SE,41320000,45000000
"'Budhanilkantha, K'",K,40271779.3,Budhanilkantha,54403539.82,5,7,13,NE,38939095.74,44800000
"'Rudreshwor, K'",K,40271779.3,Rudreshwor,54909090.91,5,5,13,W,35035732.01,35000000
"'Budhanilkantha, K'",K,40271779.3,Budhanilkantha,54403539.82,9.1,4,13,SW,39995597.48,60000000
"'Syuchatar, K'",K,40271779.3,Syuchatar,27519230.77,4.1,7,20,S,38378801.08,85000000
"'Sundarbasti, K'",K,40271779.3,Sundarbasti,30884210.53,3.2,7,13,E,40021095.89,24900000
"'Nikhileshwor, K'",K,40271779.3,Nikhileshwor,25750000,3.1,5,16,W,35035732.01,27500000
"'Chunikhel, K'",K,40271779.3,Chunikhel,21255555.56,4.1,5,13,E,40021095.89,31500000
"'Tokha, K'",K,40271779.3,Tokha,26794117.65,4,7,20,N,36524064.17,19000000
"'Jyotinagar, K'",K,40271779.3,Jyotinagar,31388888.89,3.5,6,13,S,38378801.08,22500000
"'Mandikhatar, K'",K,40271779.3,Mandikhatar,45133333.33,15,4,20,NE,38939095.74,145000000
"'Bafal, K'",K,40271779.3,Bafal,36767857.14,4.2,4,13,S,38378801.08,27500000
"'Suryabinayak, B'",B,29873684.19,Suryabinayak,57100000,5.2,5,12,S,38378801.08,32200000
"'Mhaipi, K'",K,40271779.3,Mhaipi,37125000,4.2,5,20,N,36524064.17,35000000
"'Ason, K'",K,40271779.3,Ason,93750000,4.1,7,12,N,36524064.17,170000000
"'Vinayak Colony, L'",L,34535434.84,Vinayak Colony,51000000,4.3,4,20,W,35035732.01,51000000
"'Bhaisepati, L'",L,34535434.84,Bhaisepati,47003669.23,3.2,4,20,S,38378801.08,27500000
"'Dhapakhel, L'",L,34535434.84,Dhapakhel,27325000,4,4,27,SW,39995597.48,40000000
"'Baluwatar, K'",K,40271779.3,Baluwatar,77346153.85,8,12,20,SW,39995597.48,170000000
"'Budhanilkantha, K'",K,40271779.3,Budhanilkantha,54403539.82,6,6,15,NE,38939095.74,61000000
"'Jalpa Chowk, K'",K,40271779.3,Jalpa Chowk,165000000,9,4,32,W,35035732.01,165000000
"'Kadaghari, K'",K,40271779.3,Kadaghari,18933333.33,3,5,13,SW,39995597.48,26000000
"'Syuchatar, K'",K,40271779.3,Syuchatar,27519230.77,4,4,20,S,38378801.08,39000000
"'Makalbari, K'",K,40271779.3,Makalbari,23000000,3,5,13,W,35035732.01,19500000
"'Kapan, K'",K,40271779.3,Kapan,24537096.77,4.2,6,13,E,40021095.89,28500000
"'Tenzing Chowk, K'",K,40271779.3,Tenzing Chowk,39375000,8.2,6,12,SE,41320000,65500000
"'Siddhartha Colony, K'",K,40271779.3,Siddhartha Colony,76666666.67,8.3,5,14,S,38378801.08,125000000
"'Dhapasi, K'",K,40271779.3,Dhapasi,43197058.82,4.1,7,16,SE,41320000,36000000
"'Nardevi, K'",K,40271779.3,Nardevi,18000000,1.1,7,5,E,40021095.89,18000000
"'Paiyatar, K'",K,40271779.3,Paiyatar,20300000,3.1,7,10,W,35035732.01,18500000
"'Dhapakhel, L'",L,34535434.84,Dhapakhel,27325000,3,5,20,NE,38939095.74,27000000
"'Changathali, L'",L,34535434.84,Changathali,20166666.67,4.3,4,13,S,38378801.08,28500000
"'Imadol, L'",L,34535434.84,Imadol,26245555.56,4,5,13,SE,41320000,33000000
"'Imadol, L'",L,34535434.84,Imadol,26245555.56,3.3,6,20,W,35035732.01,36500000
"'Imadol, L'",L,34535434.84,Imadol,26245555.56,4.2,5,13,E,40021095.89,36500000
"'Balkot, B'",B,29873684.19,Balkot,33999999.9,3.2,4,13,S,38378801.08,25000000
"'Tikathali, L'",L,34535434.84,Tikathali,21964285.71,4,4,13,E,40021095.89,22000000
"'Mandikhatar, K'",K,40271779.3,Mandikhatar,45133333.33,16,4,16,S,38378801.08,120000000
"'Imadol, L'",L,34535434.84,Imadol,26245555.56,3,4,12,E,40021095.89,23000000
"'Sanagaun, L'",L,34535434.84,Sanagaun,23437500,3.1,4,16,S,38378801.08,22000000
"'Imadol, L'",L,34535434.84,Imadol,26245555.56,3.3,4,13,SW,39995597.48,25000000
"'Imadol, L'",L,34535434.84,Imadol,26245555.56,4,6,13,N,36524064.17,35000000
"'Imadol, L'",L,34535434.84,Imadol,26245555.56,4,7,13,N,36524064.17,35000000
"'Imadol, L'",L,34535434.84,Imadol,26245555.56,3,4,20,W,35035732.01,22000000
"'Imadol, L'",L,34535434.84,Imadol,26245555.56,3.1,5,10,SE,41320000,23000000
"'Imadol, L'",L,34535434.84,Imadol,26245555.56,3.3,4,13,E,40021095.89,28500000
"'Imadol, L'",L,34535434.84,Imadol,26245555.56,3,4,13,W,35035732.01,26000000
"'Balkhu, K'",K,40271779.3,Balkhu,38742857.14,6,8,15,SW,39995597.48,42500000
"'Khumaltar, L'",L,34535434.84,Khumaltar,38023809.52,5.1,5,12,E,40021095.89,24000000
"'Balkhu, K'",K,40271779.3,Balkhu,38742857.14,3,3,16,N,36524064.17,22300000
"'Thulo Bharayang, K'",K,40271779.3,Thulo Bharayang,35125000,7.7,5,13,N,36524064.17,100000000
"'Mandikhatar, K'",K,40271779.3,Mandikhatar,45133333.33,4,6,13,E,40021095.89,27500000
"'Pepsicola, K'",K,40271779.3,Pepsicola,37138888.89,4.2,7,36,E,40021095.89,50000000
"'Pasikot, K'",K,40271779.3,Pasikot,37148571.43,4.3,5,20,S,38378801.08,30000000
"'Goldhunga, K'",K,40271779.3,Goldhunga,20686666.67,4.5,8,10,W,35035732.01,29900000
"'Kaushaltar, B'",B,29873684.19,Kaushaltar,24300000,18,5,13,S,38378801.08,10000000
"'Goldhunga, K'",K,40271779.3,Goldhunga,20686666.67,3,8,10,W,35035732.01,29900000
"'Chunikhel, K'",K,40271779.3,Chunikhel,21255555.56,3,2,12,S,38378801.08,13300000
"'Imadol, L'",L,34535434.84,Imadol,26245555.56,2.2,4,10,S,38378801.08,19000000
"'Matatirtha, K'",K,40271779.3,Matatirtha,24571428.57,13.3,6,16,NE,38939095.74,40000000
"'Dhunchepakha, B'",B,29873684.19,Dhunchepakha,70000000,15,7,36,S,38378801.08,70000000
"'Kapan, K'",K,40271779.3,Kapan,24537096.77,3.3,6,22,S,38378801.08,33000000
"'Patan, L'",L,34535434.84,Patan,18000000,2,3,12,S,38378801.08,18000000
"'Dhapasi, K'",K,40271779.3,Dhapasi,43197058.82,6,5,10,E,40021095.89,32500000
"'Budhanilkantha, K'",K,40271779.3,Budhanilkantha,54403539.82,5.2,6,15,E,40021095.89,45000000
"'Hattigauda, K'",K,40271779.3,Hattigauda,40888888.89,6,7,14,NE,38939095.74,37500000
"'Imadol, L'",L,34535434.84,Imadol,26245555.56,15.3,6,22,N,36524064.17,125000000
"'Baluwakhani, K'",K,40271779.3,Baluwakhani,26636363.64,5.1,7,13,E,40021095.89,34500000
"'Jorpati, K'",K,40271779.3,Jorpati,21412500,2.2,3,12,S,38378801.08,14300000
"'New Buspark, K'",K,40271779.3,New Buspark,50333333.33,9,6,13,E,40021095.89,85000000
"'Mitrapark, K'",K,40271779.3,Mitrapark,72000000,10,7,13,E,40021095.89,95000000
"'Boharatar, K'",K,40271779.3,Boharatar,30500000,3.1,4,13,E,40021095.89,23000000
"'Chappal karkhana, K'",K,40271779.3,Chappal Karkhana,48500000,8.3,5,13,S,38378801.08,75000000
"'Sitapaila, K'",K,40271779.3,Sitapaila,32122471.91,4,3,13,E,40021095.89,27500000
"'Maharajgunj, K'",K,40271779.3,Maharajgunj,66125000,12,5,10,SE,41320000,120000000
"'Imadol, L'",L,34535434.84,Imadol,26245555.56,3.2,4,13,E,40021095.89,26000000
"'Imadol, L'",L,34535434.84,Imadol,26245555.56,2.2,6,13,N,36524064.17,17500000
"'Dhapasi, K'",K,40271779.3,Dhapasi,43197058.82,4,3,13,S,38378801.08,29500000
"'Narayanthan, K'",K,40271779.3,Narayanthan,57666666.67,17,7,17,S,38378801.08,92500000
"'Dholahiti, L'",L,34535434.84,Dholahiti,33750000,4,4,27,SW,39995597.48,40000000
"'Jyotinagar, K'",K,40271779.3,Jyotinagar,31388888.89,4,7,14,SE,41320000,35000000
"'Imadol, L'",L,34535434.84,Imadol,26245555.56,3.1,6,13,N,36524064.17,22500000
"'Imadol, L'",L,34535434.84,Imadol,26245555.56,2.3,4,13,N,36524064.17,21000000
"'Ochu Height, L'",L,34535434.84,Ochu Height,28750000,3,4,13,W,35035732.01,22500000
"'Imadol, L'",L,34535434.84,Imadol,26245555.56,3.3,6,20,W,35035732.01,25500000
"'Bhangal, K'",K,40271779.3,Bhangal,26641463.41,4,6,18,SE,41320000,27000000
"'Sitapaila, K'",K,40271779.3,Sitapaila,32122471.91,5,4,13,N,36524064.17,29500000
"'Goldhunga, K'",K,40271779.3,Goldhunga,20686666.67,3,4,16,E,40021095.89,20500000
"'Mandikhatar, K'",K,40271779.3,Mandikhatar,45133333.33,3,10,13,SE,41320000,25000000
"'Lolang, K'",K,40271779.3,Lolang,19860000,3,2,13,E,40021095.89,13800000
"'Bhangal, K'",K,40271779.3,Bhangal,26641463.41,5,5,13,E,40021095.89,29500000
"'Mandikhatar, K'",K,40271779.3,Mandikhatar,45133333.33,3.2,5,13,E,40021095.89,22200000
"'Megha City, K'",K,40271779.3,Megha City,23933333.33,3.2,5,13,SE,41320000,29900000
"'Kapan, K'",K,40271779.3,Kapan,24537096.77,3,2,10,E,40021095.89,11200000
"'Ram Mandir, K'",K,40271779.3,Ram Mandir,29380000,4.2,6,13,SW,39995597.48,27200000
"'Syuchatar, K'",K,40271779.3,Syuchatar,27519230.77,4,6,13,N,36524064.17,22400000
"'Budhanilkantha, K'",K,40271779.3,Budhanilkantha,54403539.82,3,4,10,NE,38939095.74,29900000
"'Grande Hospital, K'",K,40271779.3,Grande Hospital,34471428.57,4.1,6,10,SW,39995597.48,32800000
"'Mandikhatar, K'",K,40271779.3,Mandikhatar,45133333.33,4,6,12,S,38378801.08,25000000
"'Mandikhatar, K'",K,40271779.3,Mandikhatar,45133333.33,8,5,32,W,35035732.01,65000000
"'Balambu, K'",K,40271779.3,Balambu,21000000,4,4,13,E,40021095.89,22500000
"'Sainbu, L'",L,34535434.84,Sainbu,41642857.14,4.7,4,13,SW,39995597.48,35000000
"'Ramkot, K'",K,40271779.3,Ramkot,25384615.38,3.2,6,16,W,35035732.01,26000000
"'Sitapaila, K'",K,40271779.3,Sitapaila,32122471.91,3.8,4,14,W,35035732.01,35000000
"'Thankot, K'",K,40271779.3,Thankot,16989743.59,3,8,13,E,40021095.89,22000000
"'Bafal, K'",K,40271779.3,Bafal,36767857.14,3.2,6,13,S,38378801.08,45000000
"'Ramkot, K'",K,40271779.3,Ramkot,25384615.38,7.2,9,16,E,40021095.89,42000000
"'Raniban, K'",K,40271779.3,Raniban,37400000,3.2,4,20,N,36524064.17,32000000
"'Sitapaila, K'",K,40271779.3,Sitapaila,32122471.91,7.2,5,16,NE,38939095.74,50000000
"'Raniban, K'",K,40271779.3,Raniban,37400000,4.2,6,20,SW,39995597.48,42500000
"'Raniban, K'",K,40271779.3,Raniban,37400000,4.3,3,20,E,40021095.89,42500000
"'Golfutar, K'",K,40271779.3,Golfutar,47734782.61,8,7,14,N,36524064.17,77500000
"'Kapan, K'",K,40271779.3,Kapan,24537096.77,4.6,5,15,SW,39995597.48,47500000
"'Sano bharyang, K'",K,40271779.3,Sano Bharyang,35300000,10,8,14,W,35035732.01,50000000
"'Banasthali, K'",K,40271779.3,Banasthali,47525000,11,4,20,E,40021095.89,70000000
"'Sano bharyang, K'",K,40271779.3,Sano Bharyang,35300000,6.3,5,16,NW,36240206.19,35000000
"'Budhanilkantha, K'",K,40271779.3,Budhanilkantha,54403539.82,1,6,20,W,35035732.01,90000000
"'Budhanilkantha, K'",K,40271779.3,Budhanilkantha,54403539.82,21,5,20,E,40021095.89,80000000
"'Dhapasi, K'",K,40271779.3,Dhapasi,43197058.82,1,5,20,E,40021095.89,70000000
"'Baluwatar, K'",K,40271779.3,Baluwatar,77346153.85,10,6,20,W,35035732.01,130000000
"'Golfutar, K'",K,40271779.3,Golfutar,47734782.61,19,6,20,E,40021095.89,100000000
"'Banasthali, K'",K,40271779.3,Banasthali,47525000,12,5,13,E,40021095.89,100000000
"'Lubhu, L'",L,34535434.84,Lubhu,20353333.33,3,3,11,SE,41320000,11000000
"'Budhanilkantha, K'",K,40271779.3,Budhanilkantha,54403539.82,8,5,20,E,40021095.89,50000000
"'Baluwatar, K'",K,40271779.3,Baluwatar,77346153.85,12,10,20,N,36524064.17,100000000
"'Sukedhara, K'",K,40271779.3,Sukedhara,38941379.31,4,6,12,SE,41320000,32500000
"'Chapali, K'",K,40271779.3,Chapali,41350000,4,5,14,NW,36240206.19,39900000
"'Budhanilkantha, K'",K,40271779.3,Budhanilkantha,54403539.82,5,2,12,S,38378801.08,15000000
"'Budhanilkantha, K'",K,40271779.3,Budhanilkantha,54403539.82,8,5,20,SE,41320000,52500000
"'Budhanilkantha, K'",K,40271779.3,Budhanilkantha,54403539.82,4,6,13,E,40021095.89,26500000
"'Sitapaila, K'",K,40271779.3,Sitapaila,32122471.91,4,6,13,E,40021095.89,25500000
"'Narephate, K'",K,40271779.3,Narephate,31166666.67,6,6,20,E,40021095.89,33000000
"'Sipadol, B'",B,29873684.19,Sipadol,19125000,3,7,10,E,40021095.89,20500000
"'Budhanilkantha, K'",K,40271779.3,Budhanilkantha,54403539.82,19,5,20,S,38378801.08,55000000
"'Sitapaila, K'",K,40271779.3,Sitapaila,32122471.91,4,4,13,E,40021095.89,24000000
"'Dhapasi, K'",K,40271779.3,Dhapasi,43197058.82,6.1,6,32,SE,41320000,37000000
"'Golfutar, K'",K,40271779.3,Golfutar,47734782.61,19,6,13,E,40021095.89,102500000
"'Imadol, L'",L,34535434.84,Imadol,26245555.56,4,7,13,S,38378801.08,22000000
"'Pepsicola, K'",K,40271779.3,Pepsicola,37138888.89,6.5,6,16,E,40021095.89,58500000
"'Imadol, L'",L,34535434.84,Imadol,26245555.56,3,4,13,E,40021095.89,18500000
"'Imadol, L'",L,34535434.84,Imadol,26245555.56,3,4,13,E,40021095.89,21000000
"'Imadol, L'",L,34535434.84,Imadol,26245555.56,3,5,13,S,38378801.08,17500000
"'Baluwatar, K'",K,40271779.3,Baluwatar,77346153.85,10,5,15,E,40021095.89,130000000
"'Budhanilkantha, K'",K,40271779.3,Budhanilkantha,54403539.82,21,8,15,E,40021095.89,105000000
"'Budhanilkantha, K'",K,40271779.3,Budhanilkantha,54403539.82,64,5,15,S,38378801.08,105000000
"'Kapan, K'",K,40271779.3,Kapan,24537096.77,4,6,16,E,40021095.89,27500000
"'Mandikhatar, K'",K,40271779.3,Mandikhatar,45133333.33,7,7,15,E,40021095.89,40000000
"'Hattigauda, K'",K,40271779.3,Hattigauda,40888888.89,5,6,14,W,35035732.01,26500000
"'Budhanilkantha, K'",K,40271779.3,Budhanilkantha,54403539.82,3.1,6,18,NE,38939095.74,22500000
"'Budhanilkantha, K'",K,40271779.3,Budhanilkantha,54403539.82,11,6,15,SE,41320000,60000000
"'Baluwatar, K'",K,40271779.3,Baluwatar,77346153.85,30,6,15,E,40021095.89,250000000
"'Tokha, K'",K,40271779.3,Tokha,26794117.65,9,9,13,E,40021095.89,40000000
"'Sukedhara, K'",K,40271779.3,Sukedhara,38941379.31,3.5,6,15,E,40021095.89,30000000
"'Maligaon, K'",K,40271779.3,Maligaon,65000000,12,6,14,E,40021095.89,65000000
"'Budhanilkantha, K'",K,40271779.3,Budhanilkantha,54403539.82,5,5,13,N,36524064.17,33000000
"'Budhanilkantha, K'",K,40271779.3,Budhanilkantha,54403539.82,4,5,13,W,35035732.01,30500000
"'Mandikhatar, K'",K,40271779.3,Mandikhatar,45133333.33,3.1,2,13,SW,39995597.48,14000000
"'Budhanilkantha, K'",K,40271779.3,Budhanilkantha,54403539.82,4,6,13,SE,41320000,28000000
"'Tokha, K'",K,40271779.3,Tokha,26794117.65,4,10,26,SE,41320000,41000000
"'Budhanilkantha, K'",K,40271779.3,Budhanilkantha,54403539.82,4.5,6,14,E,40021095.89,27000000
"'Tokha, K'",K,40271779.3,Tokha,26794117.65,3.1,5,13,E,40021095.89,22000000
"'Budhanilkantha, K'",K,40271779.3,Budhanilkantha,54403539.82,8,5,15,SE,41320000,37000000
"'Baluwatar, K'",K,40271779.3,Baluwatar,77346153.85,6,4,13,SW,39995597.48,46000000
"'Naikap, K'",K,40271779.3,Naikap,27187500,4,5,13,E,40021095.89,22500000
"'Balkot, B'",B,29873684.19,Balkot,33999999.9,4.5,3,20,N,36524064.17,29000000
"'Bazar, K'",K,40271779.3,Bazar,35333333.33,3,3,20,E,40021095.89,31000000
"'Nakhudole, L'",L,34535434.84,Nakhudole,24250000,42,3,13,E,40021095.89,25000000
"'Jorpati, K'",K,40271779.3,Jorpati,21412500,1,5,12,SW,39995597.48,21000000
"'Makalbari, K'",K,40271779.3,Makalbari,23000000,4,7,10,W,35035732.01,20000000
"'Sipadol, B'",B,29873684.19,Sipadol,19125000,3,7,20,W,35035732.01,19000000
"'Dhapasi, K'",K,40271779.3,Dhapasi,43197058.82,2.4,8,12,S,38378801.08,40000000
"'Imadol, L'",L,34535434.84,Imadol,26245555.56,3,2,20,W,35035732.01,12500000
"'Imadol, L'",L,34535434.84,Imadol,26245555.56,3,5,20,E,40021095.89,19500000
"'Imadol, L'",L,34535434.84,Imadol,26245555.56,3,5,20,W,35035732.01,22000000
"'Imadol, L'",L,34535434.84,Imadol,26245555.56,4,4,20,E,40021095.89,21500000
"'Imadol, L'",L,34535434.84,Imadol,26245555.56,3,4,20,NE,38939095.74,19500000
"'Imadol, L'",L,34535434.84,Imadol,26245555.56,3,4,13,S,38378801.08,19000000
"'Imadol, L'",L,34535434.84,Imadol,26245555.56,3,4,13,S,38378801.08,18000000
"'Swayambhu, K'",K,40271779.3,Swayambhu,34017647.06,5,8,12,S,38378801.08,37000000
"'Swayambhu, K'",K,40271779.3,Swayambhu,34017647.06,4,6,12,S,38378801.08,34000000
"'Manamaiju, K'",K,40271779.3,Manamaiju,31454545.45,4,8,16,S,38378801.08,26000000
"'Imadol, L'",L,34535434.84,Imadol,26245555.56,3.3,6,10,N,36524064.17,23500000
"'Kalanki, K'",K,40271779.3,Kalanki,26308823.53,4,4,10,NW,36240206.19,17000000
"'Imadol, L'",L,34535434.84,Imadol,26245555.56,3,2,13,S,38378801.08,12500000
"'Budhanilkantha, K'",K,40271779.3,Budhanilkantha,54403539.82,11,4,22,SW,39995597.48,45000000
"'Tikathali, L'",L,34535434.84,Tikathali,21964285.71,3,2,13,S,38378801.08,12500000
"'Imadol, L'",L,34535434.84,Imadol,26245555.56,3,4,13,NW,36240206.19,19000000
"'Kadaghari, K'",K,40271779.3,Kadaghari,18933333.33,4,2,20,SW,39995597.48,15500000
"'Bhaisepati, L'",L,34535434.84,Bhaisepati,47003669.23,3.51,3,40,E,40021095.89,16500000
"'Manamaiju, K'",K,40271779.3,Manamaiju,31454545.45,3,5,14,W,35035732.01,17000000
"'Godawari, L'",L,34535434.84,Godawari,27200000,5,3,16,W,35035732.01,12500000
"'Imadol, L'",L,34535434.84,Imadol,26245555.56,4,5,10,NW,36240206.19,22000000
"'Tikathali, L'",L,34535434.84,Tikathali,21964285.71,3,2,13,W,35035732.01,11000000
"'Imadol, L'",L,34535434.84,Imadol,26245555.56,3,4,13,NE,38939095.74,13000000
"'Hattisar, K'",K,40271779.3,Hattisar,46750000,5,3,20,S,38378801.08,50000000
"'Tokha, K'",K,40271779.3,Tokha,26794117.65,5,6,14,N,36524064.17,30000000
"'Bhaisepati, L'",L,34535434.84,Bhaisepati,47003669.23,4.3,4,12,S,38378801.08,31500000
"'Harisiddhi, L'",L,34535434.84,Harisiddhi,24777777.78,3,3,18,SE,41320000,18000000
"'Budhanilkantha, K'",K,40271779.3,Budhanilkantha,54403539.82,8,4,20,SW,39995597.48,57500000
"'Shankhamul, K'",K,40271779.3,Shankhamul,43166666.67,3,7,12,W,35035732.01,35000000
"'Chabahil, K'",K,40271779.3,Chabahil,83909090.91,2.5,6,20,E,40021095.89,25000000
"'Golfutar, K'",K,40271779.3,Golfutar,47734782.61,4,5,20,S,38378801.08,37000000
"'Budhanilkantha, K'",K,40271779.3,Budhanilkantha,54403539.82,5,5,20,E,40021095.89,36500000
"'Golfutar, K'",K,40271779.3,Golfutar,47734782.61,3,5,20,E,40021095.89,102500000
"'Sano bharyang, K'",K,40271779.3,Sano Bharyang,35300000,3,5,14,E,40021095.89,22500000
"'Bharyang, K'",K,40271779.3,Bharyang,74412500,3,5,15,E,40021095.89,23500000
"'Budhanilkantha, K'",K,40271779.3,Budhanilkantha,54403539.82,3,4,15,E,40021095.89,22500000
"'Budhanilkantha, K'",K,40271779.3,Budhanilkantha,54403539.82,4,5,15,E,40021095.89,32500000
"'Chapali, K'",K,40271779.3,Chapali,41350000,12,5,15,E,40021095.89,42500000
"'Thankot, K'",K,40271779.3,Thankot,16989743.59,4,10,3,E,40021095.89,11000000
"'Sukedhara, K'",K,40271779.3,Sukedhara,38941379.31,5,5,12,E,40021095.89,42500000
"'Budhanilkantha, K'",K,40271779.3,Budhanilkantha,54403539.82,6,5,18,E,40021095.89,35000000
"'Sukedhara, K'",K,40271779.3,Sukedhara,38941379.31,6,6,20,E,40021095.89,45000000
"'Manamaiju, K'",K,40271779.3,Manamaiju,31454545.45,3.75,5,12,E,40021095.89,17000000
"'Goldhunga, K'",K,40271779.3,Goldhunga,20686666.67,3,6,10,SE,41320000,16500000
"'Sitapaila, K'",K,40271779.3,Sitapaila,32122471.91,3,4,13,E,40021095.89,20500000
"'Imadol, L'",L,34535434.84,Imadol,26245555.56,4.75,7,13,NE,38939095.74,25000000
"'Imadol, L'",L,34535434.84,Imadol,26245555.56,4,4,20,SW,39995597.48,21000000
"'Kapan, K'",K,40271779.3,Kapan,24537096.77,1.26,6,13,S,38378801.08,18000000
"'Gairgaun, K'",K,40271779.3,Gairgaun,35300000,5,4,14,E,40021095.89,55000000
"'Budhanilkantha, K'",K,40271779.3,Budhanilkantha,54403539.82,6,5,13,NE,38939095.74,45000000
"'Sano bharyang, K'",K,40271779.3,Sano Bharyang,35300000,3.1,6,14,E,40021095.89,22500000
"'Swayambhu, K'",K,40271779.3,Swayambhu,34017647.06,3,6,13,E,40021095.89,23500000
"'Bhaisepati, L'",L,34535434.84,Bhaisepati,47003669.23,4,4,40,NE,38939095.74,28200000
"'Kadaghari, K'",K,40271779.3,Kadaghari,18933333.33,3,2,10,E,40021095.89,13000000
"'Budhanilkantha, K'",K,40271779.3,Budhanilkantha,54403539.82,4,5,13,E,40021095.89,32500000
"'Satungal, K'",K,40271779.3,Satungal,20550000,5,11,13,N,36524064.17,26000000
"'Chapali, K'",K,40271779.3,Chapali,41350000,5,7,13,SE,41320000,24000000
"'Dhapakhel, L'",L,34535434.84,Dhapakhel,27325000,2,3,12,W,35035732.01,17700000
"'Pasikot, K'",K,40271779.3,Pasikot,37148571.43,3,5,14,NE,38939095.74,16800000
"'Budhanilkantha, K'",K,40271779.3,Budhanilkantha,54403539.82,5.5,6,30,NE,38939095.74,34000000
"'Budhanilkantha, K'",K,40271779.3,Budhanilkantha,54403539.82,3,5,14,SE,41320000,22500000
"'Chapali, K'",K,40271779.3,Chapali,41350000,12,5,14,SE,41320000,42500000
"'Baluwatar, K'",K,40271779.3,Baluwatar,77346153.85,5,7,10,N,36524064.17,41000000
"'Bhaisepati, L'",L,34535434.84,Bhaisepati,47003669.23,7,8,12,NW,36240206.19,37500000
"'Tinthana, K'",K,40271779.3,Tinthana,17000000,3,5,13,E,40021095.89,16000000
"'Tikathali, L'",L,34535434.84,Tikathali,21964285.71,4,6,20,W,35035732.01,21500000
"'Baluwatar, K'",K,40271779.3,Baluwatar,77346153.85,6,5,13,S,38378801.08,60000000
"'Pasikot, K'",K,40271779.3,Pasikot,37148571.43,21,6,15,E,40021095.89,81000000
"'Pasikot, K'",K,40271779.3,Pasikot,37148571.43,12,5,22,N,36524064.17,55000000
"'Thankot, K'",K,40271779.3,Thankot,16989743.59,3,6,23,W,35035732.01,13000000
"'Nagarjun, K'",K,40271779.3,Nagarjun,44030000,3.25,5,15,N,36524064.17,17500000
"'Naxal, K'",K,40271779.3,Naxal,68200000,12,6,12,E,40021095.89,65000000
"'Bafal, K'",K,40271779.3,Bafal,36767857.14,4,7,10,S,38378801.08,31000000
"'Imadol, L'",L,34535434.84,Imadol,26245555.56,3,5,20,NE,38939095.74,19500000
"'Budhanilkantha, K'",K,40271779.3,Budhanilkantha,54403539.82,8,5,20,E,40021095.89,65000000
"'Budhanilkantha, K'",K,40271779.3,Budhanilkantha,54403539.82,20,6,18,E,40021095.89,150000000
"'Budhanilkantha, K'",K,40271779.3,Budhanilkantha,54403539.82,96,5,18,E,40021095.89,250000000
"'Budhanilkantha, K'",K,40271779.3,Budhanilkantha,54403539.82,6,6,16,E,40021095.89,37000000
"'Budhanilkantha, K'",K,40271779.3,Budhanilkantha,54403539.82,3,4,15,E,40021095.89,19000000
"'Baluwatar, K'",K,40271779.3,Baluwatar,77346153.85,12,6,16,E,40021095.89,105000000
"'Dhapasi, K'",K,40271779.3,Dhapasi,43197058.82,8,5,22,SE,41320000,65000000
"'Imadol, L'",L,34535434.84,Imadol,26245555.56,3,5,20,W,35035732.01,19500000
"'Sitapaila, K'",K,40271779.3,Sitapaila,32122471.91,4,8,14,W,35035732.01,24000000
"'Tikathali, L'",L,34535434.84,Tikathali,21964285.71,1.1,5,15,E,40021095.89,20000000
"'Imadol, L'",L,34535434.84,Imadol,26245555.56,4,6,13,W,35035732.01,23500000
"'Jorpati, K'",K,40271779.3,Jorpati,21412500,3,4,18,S,38378801.08,24000000
"'Tikathali, L'",L,34535434.84,Tikathali,21964285.71,9,4,15,S,38378801.08,40000000
"'Balkot, B'",B,29873684.19,Balkot,33999999.9,5,4,28,S,38378801.08,39999999
"'Shantinagar, K'",K,40271779.3,Shantinagar,46114285.71,7,7,13,W,35035732.01,43500000
"'Basundhara, K'",K,40271779.3,Basundhara,40705882.35,2.5,4,16,E,40021095.89,22500000
"'Samakhusi, K'",K,40271779.3,Samakhusi,44224137.93,13,5,20,E,40021095.89,85000000
"'Budhanilkantha, K'",K,40271779.3,Budhanilkantha,54403539.82,21,6,20,E,40021095.89,160000000
"'Samakhusi, K'",K,40271779.3,Samakhusi,44224137.93,11,12,13,E,40021095.89,61000000
"'Golfutar, K'",K,40271779.3,Golfutar,47734782.61,6,6,15,E,40021095.89,45000000
"'Chabahil, K'",K,40271779.3,Chabahil,83909090.91,4.5,5,14,E,40021095.89,49500000
"'Baniyatar, K'",K,40271779.3,Baniyatar,29888888.89,3.5,6,15,NE,38939095.74,24000000
"'Basundhara, K'",K,40271779.3,Basundhara,40705882.35,8,6,20,SW,39995597.48,45000000
"'Basundhara, K'",K,40271779.3,Basundhara,40705882.35,10,7,15,S,38378801.08,60000000
"'Basundhara, K'",K,40271779.3,Basundhara,40705882.35,2.5,5,14,E,40021095.89,22500000
"'Dhapasi, K'",K,40271779.3,Dhapasi,43197058.82,12,5,22,S,38378801.08,69000000
"'Budhanilkantha, K'",K,40271779.3,Budhanilkantha,54403539.82,17,5,14,SW,39995597.48,62000000
"'Dhapasi, K'",K,40271779.3,Dhapasi,43197058.82,12,7,20,SE,41320000,69000000
"'Naxal, K'",K,40271779.3,Naxal,68200000,12,6,16,E,40021095.89,65000000
"'Sukedhara, K'",K,40271779.3,Sukedhara,38941379.31,6,8,20,SE,41320000,42000000
"'Imadol, L'",L,34535434.84,Imadol,26245555.56,3,2,10,NE,38939095.74,13000000
"'Imadol, L'",L,34535434.84,Imadol,26245555.56,3,2,10,N,36524064.17,12700000
"'Imadol, L'",L,34535434.84,Imadol,26245555.56,2,2,16,W,35035732.01,11000000
"'Imadol, L'",L,34535434.84,Imadol,26245555.56,3,2,13,W,35035732.01,12000000
"'Tikathali, L'",L,34535434.84,Tikathali,21964285.71,3,2,13,E,40021095.89,12500000
"'Budhanilkantha, K'",K,40271779.3,Budhanilkantha,54403539.82,3,8,10,N,36524064.17,19000000
"'Tikathali, L'",L,34535434.84,Tikathali,21964285.71,3,2,13,S,38378801.08,11500000
"'Tikathali, L'",L,34535434.84,Tikathali,21964285.71,4,2,16,NE,38939095.74,15000000
"'Tikathali, L'",L,34535434.84,Tikathali,21964285.71,3,2,13,E,40021095.89,11000000
"'Bhangal, K'",K,40271779.3,Bhangal,26641463.41,4,5,13,W,35035732.01,23000000
"'Baluwatar, K'",K,40271779.3,Baluwatar,77346153.85,5.5,7,14,E,40021095.89,60000000
"'Baluwatar, K'",K,40271779.3,Baluwatar,77346153.85,5.5,5,13,E,40021095.89,60000000
"'Basundhara, K'",K,40271779.3,Basundhara,40705882.35,4,7,14,E,40021095.89,25500000
"'Samakhusi, K'",K,40271779.3,Samakhusi,44224137.93,7,5,14,SE,41320000,55000000
"'Kapan, K'",K,40271779.3,Kapan,24537096.77,3.3,5,13,E,40021095.89,24000000
"'Samakhusi, K'",K,40271779.3,Samakhusi,44224137.93,7,5,14,S,38378801.08,55000000
"'Basundhara, K'",K,40271779.3,Basundhara,40705882.35,3.75,7,14,SW,39995597.48,25500000
"'Mandikhatar, K'",K,40271779.3,Mandikhatar,45133333.33,4,6,15,E,40021095.89,27500000
"'Budhanilkantha, K'",K,40271779.3,Budhanilkantha,54403539.82,10,5,16,E,40021095.89,63000000
"'Budhanilkantha, K'",K,40271779.3,Budhanilkantha,54403539.82,17,5,20,E,40021095.89,60000000
"'Budhanilkantha, K'",K,40271779.3,Budhanilkantha,54403539.82,6,6,30,E,40021095.89,34500000
"'Baluwatar, K'",K,40271779.3,Baluwatar,77346153.85,5.2,3,15,E,40021095.89,39500000
"'Imadol, L'",L,34535434.84,Imadol,26245555.56,5,4,4,NE,38939095.74,12000000
"'Tikathali, L'",L,34535434.84,Tikathali,21964285.71,3,2,13,E,40021095.89,12500000
"'Imadol, L'",L,34535434.84,Imadol,26245555.56,3.75,4,13,W,35035732.01,23500000
"'Imadol, L'",L,34535434.84,Imadol,26245555.56,3,6,13,E,40021095.89,27000000
"'Bharyang, K'",K,40271779.3,Bharyang,74412500,3,5,13,E,40021095.89,235000000
"'Mandikhatar, K'",K,40271779.3,Mandikhatar,45133333.33,4,7,13,E,40021095.89,27600000
"'Chabahil, K'",K,40271779.3,Chabahil,83909090.91,4.5,4,16,E,40021095.89,50000000
"'Banasthali, K'",K,40271779.3,Banasthali,47525000,3,4,15,E,40021095.89,22500000
"'Budhanilkantha, K'",K,40271779.3,Budhanilkantha,54403539.82,22,6,15,E,40021095.89,70000000
"'Chabahil, K'",K,40271779.3,Chabahil,83909090.91,4.5,5,15,E,40021095.89,500000000
"'Budhanilkantha, K'",K,40271779.3,Budhanilkantha,54403539.82,21,10,20,E,40021095.89,160000000
"'Baluwatar, K'",K,40271779.3,Baluwatar,77346153.85,6,6,15,SE,41320000,42500000
"'Budhanilkantha, K'",K,40271779.3,Budhanilkantha,54403539.82,3.1,5,13,N,36524064.17,18000000
"'Bhangal, K'",K,40271779.3,Bhangal,26641463.41,4,6,14,E,40021095.89,27500000
"'Shantinagar, K'",K,40271779.3,Shantinagar,46114285.71,5,5,15,W,35035732.01,33000000
"'Budhanilkantha, K'",K,40271779.3,Budhanilkantha,54403539.82,20,5,18,E,40021095.89,145000000
"'Satdobato, L'",L,34535434.84,Satdobato,41446666.67,5,5,8,S,38378801.08,3700000
"'Imadol, L'",L,34535434.84,Imadol,26245555.56,4,4,20,SW,39995597.48,21000000
"'Bhaisepati, L'",L,34535434.84,Bhaisepati,47003669.23,4,5,13,SE,41320000,28500000
"'Chapali, K'",K,40271779.3,Chapali,41350000,8.5,7,13,E,40021095.89,42000000
"'Gwarko, L'",L,34535434.84,Gwarko,27142857.14,3,3,13,S,38378801.08,21000000
"'Basundhara, K'",K,40271779.3,Basundhara,40705882.35,14,7,14,E,40021095.89,85000000
"'Kapan, K'",K,40271779.3,Kapan,24537096.77,3.5,8,10,N,36524064.17,17000000
"'Gothatar, K'",K,40271779.3,Gothatar,30709090.91,3,3,14,E,40021095.89,18500000
"'Kapan, K'",K,40271779.3,Kapan,24537096.77,3,4,16,W,35035732.01,17000000
"'Mandikhatar, K'",K,40271779.3,Mandikhatar,45133333.33,4,8,20,SE,41320000,32500000
"'Budhanilkantha, K'",K,40271779.3,Budhanilkantha,54403539.82,4,5,15,E,40021095.89,29800000
"'Hattigauda, K'",K,40271779.3,Hattigauda,40888888.89,5.5,5,14,NW,36240206.19,33500000
"'Budhanilkantha, K'",K,40271779.3,Budhanilkantha,54403539.82,5,7,20,SW,39995597.48,29900000
"'Basundhara, K'",K,40271779.3,Basundhara,40705882.35,5.3,6,14,S,38378801.08,49000000
"'Buddhanagar, K'",K,40271779.3,Buddhanagar,29900000,3,5,10,S,38378801.08,29900000
"'Tokha, K'",K,40271779.3,Tokha,26794117.65,3,6,13,E,40021095.89,21000000
"'Golfutar, K'",K,40271779.3,Golfutar,47734782.61,19,6,13,E,40021095.89,100000000
"'Hattigauda, K'",K,40271779.3,Hattigauda,40888888.89,6,5,13,N,36524064.17,45000000
"'Tokha, K'",K,40271779.3,Tokha,26794117.65,4,6,14,SE,41320000,33500000
"'Hattigauda, K'",K,40271779.3,Hattigauda,40888888.89,4,5,15,N,36524064.17,28500000
"'Basundhara, K'",K,40271779.3,Basundhara,40705882.35,11,5,16,E,40021095.89,50000000
"'Bazar, K'",K,40271779.3,Bazar,35333333.33,5,5,20,E,40021095.89,35000000
"'Budhanilkantha, K'",K,40271779.3,Budhanilkantha,54403539.82,8.5,5,13,W,35035732.01,49000000
"'Bharyang, K'",K,40271779.3,Bharyang,74412500,7,5,15,E,40021095.89,39000000
"'Tokha, K'",K,40271779.3,Tokha,26794117.65,4,6,13,E,40021095.89,29000000
"'Budhanilkantha, K'",K,40271779.3,Budhanilkantha,54403539.82,5,5,16,S,38378801.08,44500000
"'Basundhara, K'",K,40271779.3,Basundhara,40705882.35,4.1,5,16,E,40021095.89,29800000
"'Sanepa, L'",L,34535434.84,Sanepa,71436842.11,5.26,3,20,S,38378801.08,45000000
"'Baneshwor, K'",K,40271779.3,Baneshwor,51242857.14,4,6,15,E,40021095.89,38700000
"'Baneshwor, K'",K,40271779.3,Baneshwor,51242857.14,4,6,13,E,40021095.89,39000000
"'Syuchatar, K'",K,40271779.3,Syuchatar,27519230.77,4,4,18,S,38378801.08,15000000
"'Bharyang, K'",K,40271779.3,Bharyang,74412500,14,9,20,N,36524064.17,155000000
"'Tinkune, K'",K,40271779.3,Tinkune,38750000,5.75,4,11,E,40021095.89,32500000
"'Dhobighat, L'",L,34535434.84,Dhobighat,61000000,20,4,16,S,38378801.08,90000000
"'Sitapaila, K'",K,40271779.3,Sitapaila,32122471.91,4,6,14,E,40021095.89,21000000
"'Imadol, L'",L,34535434.84,Imadol,26245555.56,3,5,20,S,38378801.08,21500000
"'Imadol, L'",L,34535434.84,Imadol,26245555.56,3,6,20,S,38378801.08,22500000
"'Golfutar, K'",K,40271779.3,Golfutar,47734782.61,7,4,20,E,40021095.89,35000000
"'Mandikhatar, K'",K,40271779.3,Mandikhatar,45133333.33,14,5,16,E,40021095.89,60000000
"'Basundhara, K'",K,40271779.3,Basundhara,40705882.35,5,4,15,E,40021095.89,36500000
"'Hattigauda, K'",K,40271779.3,Hattigauda,40888888.89,5,4,15,SE,41320000,37500000
"'Tokha, K'",K,40271779.3,Tokha,26794117.65,3.1,4,12,E,40021095.89,25000000
"'Budhanilkantha, K'",K,40271779.3,Budhanilkantha,54403539.82,4,4,14,E,40021095.89,24000000
"'Basundhara, K'",K,40271779.3,Basundhara,40705882.35,4.75,4,15,E,40021095.89,35500000
"'Hattigauda, K'",K,40271779.3,Hattigauda,40888888.89,5.5,4,15,E,40021095.89,35500000
"'Tokha, K'",K,40271779.3,Tokha,26794117.65,4,4,13,E,40021095.89,29500000
"'Kapan, K'",K,40271779.3,Kapan,24537096.77,4.5,4,14,SE,41320000,28000000
"'Dhapasi, K'",K,40271779.3,Dhapasi,43197058.82,5,4,15,E,40021095.89,35000000
"'Chapali, K'",K,40271779.3,Chapali,41350000,12,4,16,SE,41320000,57500000
"'Golfutar, K'",K,40271779.3,Golfutar,47734782.61,9,4,20,SE,41320000,55000000
"'Maharajgunj, K'",K,40271779.3,Maharajgunj,66125000,8,4,14,SE,41320000,55000000
"'Samakhusi, K'",K,40271779.3,Samakhusi,44224137.93,5,6,15,E,40021095.89,35000000
"'Budhanilkantha, K'",K,40271779.3,Budhanilkantha,54403539.82,6,5,15,NE,38939095.74,36000000
"'Kapan, K'",K,40271779.3,Kapan,24537096.77,4,4,14,NE,38939095.74,26000000
"'Golfutar, K'",K,40271779.3,Golfutar,47734782.61,9,5,16,SE,41320000,47500000
"'Kapan, K'",K,40271779.3,Kapan,24537096.77,3.2,5,13,E,40021095.89,18200000
"'Kapan, K'",K,40271779.3,Kapan,24537096.77,4,6,14,E,40021095.89,26000000
"'Swayambhu, K'",K,40271779.3,Swayambhu,34017647.06,7,5,14,E,40021095.89,39000000
"'Hattigauda, K'",K,40271779.3,Hattigauda,40888888.89,5.5,5,13,NW,36240206.19,33500000
"'Basundhara, K'",K,40271779.3,Basundhara,40705882.35,7,5,14,E,40021095.89,39900000
"'Mandikhatar, K'",K,40271779.3,Mandikhatar,45133333.33,4,8,20,SE,41320000,32500000
"'Budhanilkantha, K'",K,40271779.3,Budhanilkantha,54403539.82,5,5,14,S,38378801.08,29000000
"'Budhanilkantha, K'",K,40271779.3,Budhanilkantha,54403539.82,6,5,13,E,40021095.89,36000000
"'Golfutar, K'",K,40271779.3,Golfutar,47734782.61,9,4,15,E,40021095.89,47500000
"'Imadol, L'",L,34535434.84,Imadol,26245555.56,2,5,13,W,35035732.01,15000000
"'Imadol, L'",L,34535434.84,Imadol,26245555.56,3,6,13,N,36524064.17,20000000
"'Samakhusi, K'",K,40271779.3,Samakhusi,44224137.93,3.5,6,13,NW,36240206.19,23000000
"'Imadol, L'",L,34535434.84,Imadol,26245555.56,3,5,13,W,35035732.01,18500000
"'Hattigauda, K'",K,40271779.3,Hattigauda,40888888.89,4,6,22,NE,38939095.74,24500000
"'Bhangal, K'",K,40271779.3,Bhangal,26641463.41,4,6,18,E,40021095.89,23800000
"'Budhanilkantha, K'",K,40271779.3,Budhanilkantha,54403539.82,4.5,5,14,SW,39995597.48,31000000
"'Tokha, K'",K,40271779.3,Tokha,26794117.65,4,6,13,S,38378801.08,29000000
"'Maharajgunj, K'",K,40271779.3,Maharajgunj,66125000,8,5,15,S,38378801.08,56000000
"'Maharajgunj, K'",K,40271779.3,Maharajgunj,66125000,9,5,20,SE,41320000,67500000
"'Samakhusi, K'",K,40271779.3,Samakhusi,44224137.93,3.75,6,13,E,40021095.89,37500000
"'Samakhusi, K'",K,40271779.3,Samakhusi,44224137.93,4.75,6,13,E,40021095.89,35000000
"'Imadol, L'",L,34535434.84,Imadol,26245555.56,3,5,20,E,40021095.89,22000000
"'Imadol, L'",L,34535434.84,Imadol,26245555.56,3,5,13,E,40021095.89,19500000
"'Lubhu, L'",L,34535434.84,Lubhu,20353333.33,3,5,20,S,38378801.08,17000000
"'Imadol, L'",L,34535434.84,Imadol,26245555.56,3,6,16,S,38378801.08,17500000
"'Imadol, L'",L,34535434.84,Imadol,26245555.56,3,5,13,SE,41320000,17500000
"'Naikap, K'",K,40271779.3,Naikap,27187500,6,11,11,S,38378801.08,22000000
"'Narephate, K'",K,40271779.3,Narephate,31166666.67,3,5,13,E,40021095.89,22000000
"'Nagarjun, K'",K,40271779.3,Nagarjun,44030000,3.1,5,15,N,36524064.17,17500000
"'Tokha, K'",K,40271779.3,Tokha,26794117.65,4,4,12,E,40021095.89,21000000
"'Imadol, L'",L,34535434.84,Imadol,26245555.56,3,4,13,S,38378801.08,17000000
"'Imadol, L'",L,34535434.84,Imadol,26245555.56,3,8,13,S,38378801.08,17000000
"'Imadol, L'",L,34535434.84,Imadol,26245555.56,3,10,13,S,38378801.08,22000000
"'Tarakeshwar, K'",K,40271779.3,Tarakeshwar,20000000,4,2,13,NE,38939095.74,11500000
"'Imadol, L'",L,34535434.84,Imadol,26245555.56,3.5,4,13,S,38378801.08,19700000
"'Baniyatar, K'",K,40271779.3,Baniyatar,29888888.89,4,6,20,E,40021095.89,29000000
"'Mandikhatar, K'",K,40271779.3,Mandikhatar,45133333.33,55,6,15,E,40021095.89,290000000
"'Hattigauda, K'",K,40271779.3,Hattigauda,40888888.89,5.5,6,13,E,40021095.89,45000000
"'Golfutar, K'",K,40271779.3,Golfutar,47734782.61,7,4,30,W,35035732.01,36000000
"'Hattigauda, K'",K,40271779.3,Hattigauda,40888888.89,5.5,5,13,NW,36240206.19,35500000
"'Bharyang, K'",K,40271779.3,Bharyang,74412500,2.75,3,13,SW,39995597.48,24100000
"'Budhanilkantha, K'",K,40271779.3,Budhanilkantha,54403539.82,7.5,5,20,E,40021095.89,40000000
"'Ason, K'",K,40271779.3,Ason,93750000,2,5,26,W,35035732.01,17500000
"'Thaiba, L'",L,34535434.84,Thaiba,30846153.85,3,3,20,S,38378801.08,20000000
"'Imadol, L'",L,34535434.84,Imadol,26245555.56,3.1,5,13,W,35035732.01,18000000
"'Gongabu, K'",K,40271779.3,Gongabu,42027777.78,3.2,4,13,N,36524064.17,26000000
"'Dhapasi, K'",K,40271779.3,Dhapasi,43197058.82,3.5,5,13,E,40021095.89,25500000
"'Chapali, K'",K,40271779.3,Chapali,41350000,3.5,5,15,E,40021095.89,68000000
"'Bhangal, K'",K,40271779.3,Bhangal,26641463.41,12,6,20,NE,38939095.74,21500000
"'Mandikhatar, K'",K,40271779.3,Mandikhatar,45133333.33,3,6,13,W,35035732.01,18200000
"'Pasikot, K'",K,40271779.3,Pasikot,37148571.43,21,4,14,E,40021095.89,80000000
"'Bhangal, K'",K,40271779.3,Bhangal,26641463.41,3.1,6,12,SW,39995597.48,19900000
"'Dhapasi, K'",K,40271779.3,Dhapasi,43197058.82,17,5,15,SW,39995597.48,72000000
"'Baluwatar, K'",K,40271779.3,Baluwatar,77346153.85,6,5,13,NE,38939095.74,60000000
"'Budhanilkantha, K'",K,40271779.3,Budhanilkantha,54403539.82,12,6,15,NW,36240206.19,57500000
"'Dhapasi, K'",K,40271779.3,Dhapasi,43197058.82,14,5,20,SE,41320000,66000000
"'Ekatabasti, K'",K,40271779.3,Ekatabasti,28400000,4,7,13,SW,39995597.48,29900000
"'Ekatabasti, K'",K,40271779.3,Ekatabasti,28400000,5,7,13,SE,41320000,29900000
"'Dhapasi, K'",K,40271779.3,Dhapasi,43197058.82,5,4,20,NE,38939095.74,33500000
"'Balkhu, K'",K,40271779.3,Balkhu,38742857.14,4.5,3,20,E,40021095.89,23000000
"'Swayambhu, K'",K,40271779.3,Swayambhu,34017647.06,3.1,5,13,NE,38939095.74,20600000
"'Manohara, K'",K,40271779.3,Manohara,26000000,4,5,26,W,35035732.01,26000000
"'Budhanilkantha, K'",K,40271779.3,Budhanilkantha,54403539.82,4.9,6,20,E,40021095.89,400000000
"'Budhanilkantha, K'",K,40271779.3,Budhanilkantha,54403539.82,7,4,15,SE,41320000,45000000
"'Guheshwori, K'",K,40271779.3,Guheshwori,28500000,4,8,16,NE,38939095.74,28500000
"'Imadol, L'",L,34535434.84,Imadol,26245555.56,2.3,2,13,E,40021095.89,11000000
"'Imadol, L'",L,34535434.84,Imadol,26245555.56,3.1,4,20,E,40021095.89,19200000
"'Ekatabasti, K'",K,40271779.3,Ekatabasti,28400000,5.5,5,13,E,40021095.89,36000000
"'Sitapaila, K'",K,40271779.3,Sitapaila,32122471.91,3.1,4,13,N,36524064.17,18000000
"'Budhanilkantha, K'",K,40271779.3,Budhanilkantha,54403539.82,13,5,15,E,40021095.89,72000000
"'Tokha, K'",K,40271779.3,Tokha,26794117.65,4,6,13,E,40021095.89,23000000
"'Mandikhatar, K'",K,40271779.3,Mandikhatar,45133333.33,3.14,6,13,SE,41320000,19900000
"'Samakhusi, K'",K,40271779.3,Samakhusi,44224137.93,4,7,14,E,40021095.89,40000000
"'Bhangal, K'",K,40271779.3,Bhangal,26641463.41,3.5,5,13,S,38378801.08,21500000
"'Basundhara, K'",K,40271779.3,Basundhara,40705882.35,16,4,14,W,35035732.01,70000000
"'Budhanilkantha, K'",K,40271779.3,Budhanilkantha,54403539.82,15,5,14,S,38378801.08,65000000
"'Dhumbarahi, K'",K,40271779.3,Dhumbarahi,59708333.33,8,7,13,E,40021095.89,62000000
"'Budhanilkantha, K'",K,40271779.3,Budhanilkantha,54403539.82,14,4,15,E,40021095.89,67500000
"'Budhanilkantha, K'",K,40271779.3,Budhanilkantha,54403539.82,5.5,4,15,E,40021095.89,32500000
"'Golfutar, K'",K,40271779.3,Golfutar,47734782.61,7,4,15,E,40021095.89,35000000
"'Budhanilkantha, K'",K,40271779.3,Budhanilkantha,54403539.82,4.2,4,14,E,40021095.89,31000000
"'Sukedhara, K'",K,40271779.3,Sukedhara,38941379.31,3.3,4,18,E,40021095.89,32500000
"'Mandikhatar, K'",K,40271779.3,Mandikhatar,45133333.33,3.1,4,15,E,40021095.89,20000000
"'Golfutar, K'",K,40271779.3,Golfutar,47734782.61,4,4,30,E,40021095.89,32500000
"'Budhanilkantha, K'",K,40271779.3,Budhanilkantha,54403539.82,5,10,15,N,36524064.17,22000000
"'Budhanilkantha, K'",K,40271779.3,Budhanilkantha,54403539.82,6,4,33,E,40021095.89,35000000
"'Banasthali, K'",K,40271779.3,Banasthali,47525000,5,7,16,S,38378801.08,37000000
"'Imadol, L'",L,34535434.84,Imadol,26245555.56,3,2,5,W,35035732.01,6500000
"'Ekatabasti, K'",K,40271779.3,Ekatabasti,28400000,4.5,7,13,E,40021095.89,27500000
"'Golfutar, K'",K,40271779.3,Golfutar,47734782.61,3,6,13,E,40021095.89,18000000
"'Kusunti, L'",L,34535434.84,Kusunti,47312500,5.2,4,13,NW,36240206.19,38500000
"'Mulpani, K'",K,40271779.3,Mulpani,20590909.09,4,4,22,E,40021095.89,35000000
"'Pepsicola, K'",K,40271779.3,Pepsicola,37138888.89,2.5,4,13,SE,41320000,13500000
"'Kapan, K'",K,40271779.3,Kapan,24537096.77,2.05,6,12,E,40021095.89,32500000
"'Satdobato, L'",L,34535434.84,Satdobato,41446666.67,10,3,20,E,40021095.89,70000000
"'Shantinagar, K'",K,40271779.3,Shantinagar,46114285.71,9.2,4,20,E,40021095.89,70000000
"'Imadol, L'",L,34535434.84,Imadol,26245555.56,2.3,3,10,NE,38939095.74,13500000
"'Imadol, L'",L,34535434.84,Imadol,26245555.56,3,2,12,NE,38939095.74,12000000
"'Mandikhatar, K'",K,40271779.3,Mandikhatar,45133333.33,5,6,13,E,40021095.89,27800000
"'Ghattekulo, K'",K,40271779.3,Ghattekulo,66250000,13.2,8,13,S,38378801.08,100000000
"'Budhanilkantha, K'",K,40271779.3,Budhanilkantha,54403539.82,15,5,13,SE,41320000,65000000
"'Golfutar, K'",K,40271779.3,Golfutar,47734782.61,10,6,20,E,40021095.89,56000000
"'Budhanilkantha, K'",K,40271779.3,Budhanilkantha,54403539.82,8.1,6,15,SE,41320000,44500000
"'Banasthali, K'",K,40271779.3,Banasthali,47525000,3,8,10,S,38378801.08,19000000
"'Kadaghari, K'",K,40271779.3,Kadaghari,18933333.33,2.2,3,4,N,36524064.17,7500000
"'Imadol, L'",L,34535434.84,Imadol,26245555.56,3.3,7,13,S,38378801.08,22500000
"'Baneshwor, K'",K,40271779.3,Baneshwor,51242857.14,7,7,10,SE,41320000,50000000
"'Balaju, K'",K,40271779.3,Balaju,93340000,3,7,13,N,36524064.17,25000000
"'Kaushaltar, B'",B,29873684.19,Kaushaltar,24300000,7.2,5,15,E,40021095.89,30000000
"'Bansbari, K'",K,40271779.3,Bansbari,52578947.37,5,2,13,S,38378801.08,28000000
"'Bhangal, K'",K,40271779.3,Bhangal,26641463.41,3.5,5,13,E,40021095.89,21500000
"'Budhanilkantha, K'",K,40271779.3,Budhanilkantha,54403539.82,5,7,20,E,40021095.89,25500000
"'Dhumbarahi, K'",K,40271779.3,Dhumbarahi,59708333.33,12,5,14,E,40021095.89,70000000
"'Banasthali, K'",K,40271779.3,Banasthali,47525000,5.3,5,20,N,36524064.17,39500000
"'Chabahil, K'",K,40271779.3,Chabahil,83909090.91,5.1,2,12,S,38378801.08,18000000
"'Sitapaila, K'",K,40271779.3,Sitapaila,32122471.91,3,3,14,E,40021095.89,22000000
"'Maharajgunj, K'",K,40271779.3,Maharajgunj,66125000,6.5,5,15,E,40021095.89,62500000
"'Dhapasi, K'",K,40271779.3,Dhapasi,43197058.82,8,6,20,SW,39995597.48,45000000
"'Budhanilkantha, K'",K,40271779.3,Budhanilkantha,54403539.82,11,6,20,N,36524064.17,130000000
"'Baneshwor, K'",K,40271779.3,Baneshwor,51242857.14,12,4,20,SE,41320000,120000000
"'Kapan, K'",K,40271779.3,Kapan,24537096.77,5,6,14,E,40021095.89,22000000
"'Tikathali, L'",L,34535434.84,Tikathali,21964285.71,4,3,13,W,35035732.01,17000000
"'Budhanilkantha, K'",K,40271779.3,Budhanilkantha,54403539.82,4,10,30,S,38378801.08,30000000
"'Thaiba, L'",L,34535434.84,Thaiba,30846153.85,4,4,13,E,40021095.89,19000000
"'Tarakeshwar, K'",K,40271779.3,Tarakeshwar,20000000,2.2,1,10,NW,36240206.19,12000000
"'Harisiddhi, L'",L,34535434.84,Harisiddhi,24777777.78,3,8,20,N,36524064.17,15500000
"'Samakhusi, K'",K,40271779.3,Samakhusi,44224137.93,4,5,15,E,40021095.89,44000000
"'Budhanilkantha, K'",K,40271779.3,Budhanilkantha,54403539.82,20,6,20,NW,36240206.19,100000000
"'Budhanilkantha, K'",K,40271779.3,Budhanilkantha,54403539.82,18,5,20,SE,41320000,96000000
"'Bhangal, K'",K,40271779.3,Bhangal,26641463.41,4.5,6,20,E,40021095.89,28500000
"'Samakhusi, K'",K,40271779.3,Samakhusi,44224137.93,5,11,13,N,36524064.17,30000000
"'Maharajgunj, K'",K,40271779.3,Maharajgunj,66125000,6.5,5,15,E,40021095.89,65000000
"'Bansbari, K'",K,40271779.3,Bansbari,52578947.37,18,4,13,NE,38939095.74,115000000
"'Dhapasi, K'",K,40271779.3,Dhapasi,43197058.82,6.2,6,32,W,35035732.01,35000000
"'Anamnagar, K'",K,40271779.3,Anamnagar,29500000,5,5,12,E,40021095.89,33000000
"'Samakhusi, K'",K,40271779.3,Samakhusi,44224137.93,3,9,13,S,38378801.08,22500000
"'Samakhusi, K'",K,40271779.3,Samakhusi,44224137.93,4,6,13,W,35035732.01,27500000
"'Imadol, L'",L,34535434.84,Imadol,26245555.56,4,6,13,SE,41320000,23800000
"'Swayambhu, K'",K,40271779.3,Swayambhu,34017647.06,4,10,12,S,38378801.08,23000000
"'Nakhu, L'",L,34535434.84,Nakhu,31019047.62,1.1,4,16,SW,39995597.48,26500000
"'Budhanilkantha, K'",K,40271779.3,Budhanilkantha,54403539.82,8.1,5,13,E,40021095.89,41000000
"'Budhanilkantha, K'",K,40271779.3,Budhanilkantha,54403539.82,4.5,6,13,E,40021095.89,25500000
"'Pepsicola, K'",K,40271779.3,Pepsicola,37138888.89,1.1,6,30,S,38378801.08,32000000
"'Gothatar, K'",K,40271779.3,Gothatar,30709090.91,2.2,8,13,W,35035732.01,14000000
"'Kadaghari, K'",K,40271779.3,Kadaghari,18933333.33,3,5,12,E,40021095.89,17000000
"'Imadol, L'",L,34535434.84,Imadol,26245555.56,3,2,13,NE,38939095.74,10000000
"'Imadol, L'",L,34535434.84,Imadol,26245555.56,3.2,9,33,NW,36240206.19,30000000
"'Kadaghari, K'",K,40271779.3,Kadaghari,18933333.33,5,11,15,W,35035732.01,22000000
"'Kadaghari, K'",K,40271779.3,Kadaghari,18933333.33,2.2,7,13,N,36524064.17,13200000
"'Imadol, L'",L,34535434.84,Imadol,26245555.56,3.2,5,13,N,36524064.17,19500000
"'Kapan, K'",K,40271779.3,Kapan,24537096.77,4,11,13,E,40021095.89,26500000
"'Kapan, K'",K,40271779.3,Kapan,24537096.77,4,11,13,N,36524064.17,25500000
"'Naikap, K'",K,40271779.3,Naikap,27187500,6.3,5,15,S,38378801.08,29500000
"'Imadol, L'",L,34535434.84,Imadol,26245555.56,2.2,4,13,S,38378801.08,15000000
"'Imadol, L'",L,34535434.84,Imadol,26245555.56,3,4,10,SE,41320000,19000000
"'Imadol, L'",L,34535434.84,Imadol,26245555.56,3.3,4,20,S,38378801.08,23500000
"'Imadol, L'",L,34535434.84,Imadol,26245555.56,3,5,11,NW,36240206.19,18000000
"'Imadol, L'",L,34535434.84,Imadol,26245555.56,3.1,3,13,S,38378801.08,18500000
"'Tokha, K'",K,40271779.3,Tokha,26794117.65,4.2,7,10,SE,41320000,24500000
"'Sanepa, L'",L,34535434.84,Sanepa,71436842.11,3,2,13,W,35035732.01,4800000
"'Baghdol, L'",L,34535434.84,Baghdol,19500000,1,4,20,W,35035732.01,19500000
"'Budhanilkantha, K'",K,40271779.3,Budhanilkantha,54403539.82,14,5,14,E,40021095.89,51000000
"'Nakhu, L'",L,34535434.84,Nakhu,31019047.62,4,4,16,E,40021095.89,26500000
"'Budhanilkantha, K'",K,40271779.3,Budhanilkantha,54403539.82,3,2,12,W,35035732.01,15000000
"'Bazar, K'",K,40271779.3,Bazar,35333333.33,3,3,20,E,40021095.89,40000000
"'Mulpani, K'",K,40271779.3,Mulpani,20590909.09,11,6,20,E,40021095.89,17500000
"'Hattigauda, K'",K,40271779.3,Hattigauda,40888888.89,20,6,15,E,40021095.89,90000000
"'Manamaiju, K'",K,40271779.3,Manamaiju,31454545.45,2.2,4,10,E,40021095.89,13500000
"'Imadol, L'",L,34535434.84,Imadol,26245555.56,3,3,14,N,36524064.17,11000000
"'Maharajgunj, K'",K,40271779.3,Maharajgunj,66125000,9,5,13,N,36524064.17,70000000
"'Bhangal, K'",K,40271779.3,Bhangal,26641463.41,3.5,5,14,E,40021095.89,17900000
"'Bhangal, K'",K,40271779.3,Bhangal,26641463.41,7,5,15,SW,39995597.48,34500000
"'Basundhara, K'",K,40271779.3,Basundhara,40705882.35,7,7,20,E,40021095.89,41000000
"'Koteshwor, K'",K,40271779.3,Koteshwor,44111111.11,1.5,7,26,E,40021095.89,18500000
"'Budhanilkantha, K'",K,40271779.3,Budhanilkantha,54403539.82,32,5,20,W,35035732.01,105000000
"'Hattigauda, K'",K,40271779.3,Hattigauda,40888888.89,6,9,14,S,38378801.08,36500000
"'Bhangal, K'",K,40271779.3,Bhangal,26641463.41,3.5,5,13,W,35035732.01,21000000
"'Kapan, K'",K,40271779.3,Kapan,24537096.77,3.5,2,12,N,36524064.17,7500000
"'Imadol, L'",L,34535434.84,Imadol,26245555.56,3.3,2,13,E,40021095.89,13000000
"'Tokha, K'",K,40271779.3,Tokha,26794117.65,3.1,5,12,S,38378801.08,17800000
"'Budhanilkantha, K'",K,40271779.3,Budhanilkantha,54403539.82,3.5,5,12,NE,38939095.74,21800000
"'Basundhara, K'",K,40271779.3,Basundhara,40705882.35,3.1,4,15,S,38378801.08,23000000
"'Kadaghari, K'",K,40271779.3,Kadaghari,18933333.33,4,5,12,W,35035732.01,29000000
"'Dhapasi, K'",K,40271779.3,Dhapasi,43197058.82,1,3,20,N,36524064.17,70000000
"'Shantinagar, K'",K,40271779.3,Shantinagar,46114285.71,6.2,6,10,N,36524064.17,42500000
"'Pasikot, K'",K,40271779.3,Pasikot,37148571.43,4,5,20,W,35035732.01,30000000
"'Jhamsikhel, L'",L,34535434.84,Jhamsikhel,24875000,1.9,2,20,E,40021095.89,12000000
"'Kirtipur, K'",K,40271779.3,Kirtipur,21500000,4.2,6,12,S,38378801.08,25000000
"'Gurjudhara, K'",K,40271779.3,Gurjudhara,21375000,4.1,6,11,SE,41320000,17000000
"'Sanepa, L'",L,34535434.84,Sanepa,71436842.11,4,4,13,N,36524064.17,30000000
"'Bhangal, K'",K,40271779.3,Bhangal,26641463.41,4,6,15,NW,36240206.19,24000000
"'Bhangal, K'",K,40271779.3,Bhangal,26641463.41,4,6,14,SE,41320000,24000000
"'Imadol, L'",L,34535434.84,Imadol,26245555.56,3,5,13,E,40021095.89,21000000
"'Tokha, K'",K,40271779.3,Tokha,26794117.65,4,5,26,S,38378801.08,27500000
"'Nepaltar, K'",K,40271779.3,Nepaltar,23085714.29,4,11,13,N,36524064.17,24000000
"'Bhaisepati, L'",L,34535434.84,Bhaisepati,47003669.23,4.2,3,18,SW,39995597.48,28500000
"'Budhanilkantha, K'",K,40271779.3,Budhanilkantha,54403539.82,10,4,15,E,40021095.89,62000000
"'Basundhara, K'",K,40271779.3,Basundhara,40705882.35,6,6,15,S,38378801.08,42500000
"'Hattigauda, K'",K,40271779.3,Hattigauda,40888888.89,4,5,30,E,40021095.89,24500000
"'Basundhara, K'",K,40271779.3,Basundhara,40705882.35,8,6,15,SW,39995597.48,45000000
"'Baluwatar, K'",K,40271779.3,Baluwatar,77346153.85,4,5,15,S,38378801.08,34000000
"'Jorpati, K'",K,40271779.3,Jorpati,21412500,7.89,4,12,E,40021095.89,21500000
"'Joranku, K'",K,40271779.3,Joranku,15450000,3,5,8,W,35035732.01,15900000
"'Gurjudhara, K'",K,40271779.3,Gurjudhara,21375000,3.1,2,10,W,35035732.01,8500000
"'Sanepa, L'",L,34535434.84,Sanepa,71436842.11,17,10,20,S,38378801.08,150000000
"'Budhanilkantha, K'",K,40271779.3,Budhanilkantha,54403539.82,5,4,15,NE,38939095.74,30500000
"'Sukedhara, K'",K,40271779.3,Sukedhara,38941379.31,3,6,14,N,36524064.17,21000000
"'Tikathali, L'",L,34535434.84,Tikathali,21964285.71,3.2,6,12,E,40021095.89,22500000
"'Budhanilkantha, K'",K,40271779.3,Budhanilkantha,54403539.82,3.3,3,20,E,40021095.89,33000000
"'Sukedhara, K'",K,40271779.3,Sukedhara,38941379.31,6,5,15,S,38378801.08,40000000
"'Kapan, K'",K,40271779.3,Kapan,24537096.77,3,2,10,S,38378801.08,10600000
"'Bhaisepati, L'",L,34535434.84,Bhaisepati,47003669.23,5.5,4,15,E,40021095.89,19000000
"'Basundhara, K'",K,40271779.3,Basundhara,40705882.35,5,5,14,S,38378801.08,39000000
"'Budhanilkantha, K'",K,40271779.3,Budhanilkantha,54403539.82,10,4,13,S,38378801.08,39000000
"'Banasthali, K'",K,40271779.3,Banasthali,47525000,10,4,12,S,38378801.08,70000000
"'Kupandole, L'",L,34535434.84,Kupandole,65055555.56,16.1,9,9,SW,39995597.48,70000000
"'Budhanilkantha, K'",K,40271779.3,Budhanilkantha,54403539.82,8.31,5,12,E,40021095.89,35000000
"'Makalbari, K'",K,40271779.3,Makalbari,23000000,3.2,2,12,SW,39995597.48,10500000
"'Kapan, K'",K,40271779.3,Kapan,24537096.77,3,3,10,N,36524064.17,12500000
"'Khumaltar, L'",L,34535434.84,Khumaltar,38023809.52,4,6,14,S,38378801.08,19500000
"'Bhaisepati, L'",L,34535434.84,Bhaisepati,47003669.23,24,3,20,E,40021095.89,97500000
"'Kalanki, K'",K,40271779.3,Kalanki,26308823.53,6.1,7,14,E,40021095.89,38000000
"'Sitapaila, K'",K,40271779.3,Sitapaila,32122471.91,7,4,20,SE,41320000,29500000
"'Bouddha, K'",K,40271779.3,Bouddha,61083333.33,3.1,10,20,S,38378801.08,22000000
"'Dadhikot, B'",B,29873684.19,Dadhikot,27625000,4,12,20,SE,41320000,22500000
"'Sitapaila, K'",K,40271779.3,Sitapaila,32122471.91,3.5,3,13,S,38378801.08,18000000
"'Sukedhara, K'",K,40271779.3,Sukedhara,38941379.31,6.3,9,12,E,40021095.89,34500000
"'Tokha, K'",K,40271779.3,Tokha,26794117.65,3,2,13,N,36524064.17,11500000
"'Basundhara, K'",K,40271779.3,Basundhara,40705882.35,5,2,14,N,36524064.17,37500000
"'Bhangal, K'",K,40271779.3,Bhangal,26641463.41,4.2,4,26,S,38378801.08,32500000
"'Balkot, B'",B,29873684.19,Balkot,33999999.9,7,2,13,E,40021095.89,25000000
"'Budhanilkantha, K'",K,40271779.3,Budhanilkantha,54403539.82,7,4,20,S,38378801.08,57500000
"'Dallu, K'",K,40271779.3,Dallu,36944444.44,3.1,8,20,W,35035732.01,29000000
"'Budhanilkantha, K'",K,40271779.3,Budhanilkantha,54403539.82,3.1,7,15,N,36524064.17,17800000
"'Golfutar, K'",K,40271779.3,Golfutar,47734782.61,4,5,15,SW,39995597.48,29000000
"'Kalanki, K'",K,40271779.3,Kalanki,26308823.53,13.1,7,15,NE,38939095.74,6750000
"'Tokha, K'",K,40271779.3,Tokha,26794117.65,3.1,4,13,W,35035732.01,14200000
"'Kapan, K'",K,40271779.3,Kapan,24537096.77,5,2,11,S,38378801.08,15000000
"'Maharajgunj, K'",K,40271779.3,Maharajgunj,66125000,13,13,14,SE,41320000,70000000
"'Baniyatar, K'",K,40271779.3,Baniyatar,29888888.89,3.1,6,10,S,38378801.08,16500000
"'Tokha, K'",K,40271779.3,Tokha,26794117.65,7.5,6,15,W,35035732.01,53000000
"'Tokha, K'",K,40271779.3,Tokha,26794117.65,8,6,12,SE,41320000,43000000
"'Baniyatar, K'",K,40271779.3,Baniyatar,29888888.89,4,10,16,N,36524064.17,35000000
"'Nakhu, L'",L,34535434.84,Nakhu,31019047.62,4.2,4,14,NW,36240206.19,25500000
"'Imadol, L'",L,34535434.84,Imadol,26245555.56,3.5,5,13,S,38378801.08,16500000
"'Sukedhara, K'",K,40271779.3,Sukedhara,38941379.31,5.1,10,14,E,40021095.89,31800000
"'Sukedhara, K'",K,40271779.3,Sukedhara,38941379.31,3.1,3,24,SW,39995597.48,19000000
"'Bhaisepati, L'",L,34535434.84,Bhaisepati,47003669.23,6.5,5,16,N,36524064.17,44500000
"'Hattigauda, K'",K,40271779.3,Hattigauda,40888888.89,5,5,15,S,38378801.08,32000000
"'Golfutar, K'",K,40271779.3,Golfutar,47734782.61,4.1,5,12,NE,38939095.74,28500000
"'Basundhara, K'",K,40271779.3,Basundhara,40705882.35,4.3,5,12,E,40021095.89,26000000
"'Nagdaha, L'",L,34535434.84,Nagdaha,28000000,3.2,4,15,W,35035732.01,9500000
"'Sitapaila, K'",K,40271779.3,Sitapaila,32122471.91,5,6,13,N,36524064.17,25000000
"'Thankot, K'",K,40271779.3,Thankot,16989743.59,4,5,16,S,38378801.08,17500000
"'Goldhunga, K'",K,40271779.3,Goldhunga,20686666.67,2.5,3,10,W,35035732.01,6500000
"'Kadaghari, K'",K,40271779.3,Kadaghari,18933333.33,3,3,13,NE,38939095.74,12500000
"'Maharajgunj, K'",K,40271779.3,Maharajgunj,66125000,15,7,12,E,40021095.89,70000000
"'Imadol, L'",L,34535434.84,Imadol,26245555.56,3.5,2,20,E,40021095.89,14200000
"'Budhanilkantha, K'",K,40271779.3,Budhanilkantha,54403539.82,3.2,2,12,W,35035732.01,12800000
"'Jorpati, K'",K,40271779.3,Jorpati,21412500,3,9,36,E,40021095.89,39000000
"'Budhanilkantha, K'",K,40271779.3,Budhanilkantha,54403539.82,4,10,13,S,38378801.08,27500000
"'Jorpati, K'",K,40271779.3,Jorpati,21412500,3,9,10,SW,39995597.48,16500000
"'Budhanilkantha, K'",K,40271779.3,Budhanilkantha,54403539.82,5,5,13,SE,41320000,32000000
"'Dhapasi, K'",K,40271779.3,Dhapasi,43197058.82,3.1,4,13,E,40021095.89,17000000
"'Budhanilkantha, K'",K,40271779.3,Budhanilkantha,54403539.82,3.2,3,13,S,38378801.08,13000000
"'Kaushaltar, B'",B,29873684.19,Kaushaltar,24300000,3.5,10,20,E,40021095.89,19500000
"'Sitapaila, K'",K,40271779.3,Sitapaila,32122471.91,5,4,20,S,38378801.08,23000000
"'Jhamsikhel, L'",L,34535434.84,Jhamsikhel,24875000,3,5,20,S,38378801.08,35000000
"'Bhaisepati, L'",L,34535434.84,Bhaisepati,47003669.23,10,5,13,SW,39995597.48,70000000
"'Dhapasi, K'",K,40271779.3,Dhapasi,43197058.82,4,3,20,E,40021095.89,23500000
"'Imadol, L'",L,34535434.84,Imadol,26245555.56,3.3,7,13,SW,39995597.48,22500000
"'Khumaltar, L'",L,34535434.84,Khumaltar,38023809.52,10,5,20,S,38378801.08,60000000
"'Bharyang, K'",K,40271779.3,Bharyang,74412500,3.5,5,12,W,35035732.01,22700000
"'Basundhara, K'",K,40271779.3,Basundhara,40705882.35,3.5,9,12,SE,41320000,19800000
"'Raniban, K'",K,40271779.3,Raniban,37400000,6,7,14,E,40021095.89,33500000
"'Budhanilkantha, K'",K,40271779.3,Budhanilkantha,54403539.82,4.5,6,13,W,35035732.01,25000000
"'Samakhusi, K'",K,40271779.3,Samakhusi,44224137.93,4.2,10,20,S,38378801.08,34500000
"'Sukedhara, K'",K,40271779.3,Sukedhara,38941379.31,15,5,13,S,38378801.08,52500000
"'Bhaisepati, L'",L,34535434.84,Bhaisepati,47003669.23,8,4,16,S,38378801.08,39077000
"'Khumaltar, L'",L,34535434.84,Khumaltar,38023809.52,1.78,6,13,SW,39995597.48,37500000
"'Chundevi, K'",K,40271779.3,Chundevi,49250000,4,8,14,SW,39995597.48,31000000
"'Ekantakuna, L'",L,34535434.84,Ekantakuna,27000000,3,5,22,W,35035732.01,27000000
"'Dhobighat, L'",L,34535434.84,Dhobighat,61000000,8,4,20,E,40021095.89,40000000
"'Budhanilkantha, K'",K,40271779.3,Budhanilkantha,54403539.82,4,4,13,W,35035732.01,21500000
"'Jorpati, K'",K,40271779.3,Jorpati,21412500,3.2,4,12,E,40021095.89,12000000
"'Tikathali, L'",L,34535434.84,Tikathali,21964285.71,3.1,10,10,E,40021095.89,14500000
"'Kapan, K'",K,40271779.3,Kapan,24537096.77,4,7,16,S,38378801.08,24000000
"'Kapan, K'",K,40271779.3,Kapan,24537096.77,4,11,20,S,38378801.08,20400000
"'Mulpani, K'",K,40271779.3,Mulpani,20590909.09,3.1,7,14,SE,41320000,16000000
"'Tikathali, L'",L,34535434.84,Tikathali,21964285.71,3.2,4,10,W,35035732.01,9000000
"'Basundhara, K'",K,40271779.3,Basundhara,40705882.35,2.3,3,12,SE,41320000,19500000
"'Kapan, K'",K,40271779.3,Kapan,24537096.77,3.2,4,13,E,40021095.89,17000000
"'Kapan, K'",K,40271779.3,Kapan,24537096.77,3.2,1,13,W,35035732.01,20000000
"'Pasikot, K'",K,40271779.3,Pasikot,37148571.43,3.2,6,12,N,36524064.17,17500000
"'Bhangal, K'",K,40271779.3,Bhangal,26641463.41,4,4,13,E,40021095.89,25000000
"'Golfutar, K'",K,40271779.3,Golfutar,47734782.61,16,5,26,N,36524064.17,59900000
"'Bafal, K'",K,40271779.3,Bafal,36767857.14,4.5,4,13,W,35035732.01,26500000
"'Dhumbarahi, K'",K,40271779.3,Dhumbarahi,59708333.33,4.1,8,13,S,38378801.08,32500000
"'Makalbari, K'",K,40271779.3,Makalbari,23000000,3.1,7,14,SW,39995597.48,21500000
"'Mhaipi, K'",K,40271779.3,Mhaipi,37125000,7,8,15,NW,36240206.19,38000000
"'Dhapasi, K'",K,40271779.3,Dhapasi,43197058.82,4.3,7,12,N,36524064.17,25000000
"'Dallu, K'",K,40271779.3,Dallu,36944444.44,3,15,20,N,36524064.17,24000000
"'Tokha, K'",K,40271779.3,Tokha,26794117.65,3.2,8,20,W,35035732.01,17000000
"'Gongabu, K'",K,40271779.3,Gongabu,42027777.78,4.3,5,16,N,36524064.17,26000000
"'Kalanki, K'",K,40271779.3,Kalanki,26308823.53,3,3,12,SW,39995597.48,13500000
"'Budhanilkantha, K'",K,40271779.3,Budhanilkantha,54403539.82,4,6,20,E,40021095.89,22800000
"'Basundhara, K'",K,40271779.3,Basundhara,40705882.35,1,3,12,E,40021095.89,26000000
"'Sukedhara, K'",K,40271779.3,Sukedhara,38941379.31,4,6,12,S,38378801.08,27500000
"'Mandikhatar, K'",K,40271779.3,Mandikhatar,45133333.33,3.13,4,12,E,40021095.89,22500000
"'Hattigauda, K'",K,40271779.3,Hattigauda,40888888.89,6.5,5,15,W,35035732.01,30000000
"'Baluwatar, K'",K,40271779.3,Baluwatar,77346153.85,6,6,12,NE,38939095.74,51500000
"'Sitapaila, K'",K,40271779.3,Sitapaila,32122471.91,1,11,20,W,35035732.01,15000000
"'Basundhara, K'",K,40271779.3,Basundhara,40705882.35,9.6,11,14,S,38378801.08,45000000
"'Sukedhara, K'",K,40271779.3,Sukedhara,38941379.31,5,11,15,E,40021095.89,33000000
"'Dhumbarahi, K'",K,40271779.3,Dhumbarahi,59708333.33,7,12,13,E,40021095.89,40000000
"'Bhangal, K'",K,40271779.3,Bhangal,26641463.41,3.1,9,13,S,38378801.08,18200000
"'Budhanilkantha, K'",K,40271779.3,Budhanilkantha,54403539.82,1.17,5,13,E,40021095.89,19200000
"'Budhanilkantha, K'",K,40271779.3,Budhanilkantha,54403539.82,3.5,12,13,E,40021095.89,17700000
"'Budhanilkantha, K'",K,40271779.3,Budhanilkantha,54403539.82,6,10,13,W,35035732.01,29800000
"'Budhanilkantha, K'",K,40271779.3,Budhanilkantha,54403539.82,3.5,9,13,NW,36240206.19,21000000
"'Budhanilkantha, K'",K,40271779.3,Budhanilkantha,54403539.82,6,6,13,SE,41320000,34000000
"'Chandol, K'",K,40271779.3,Chandol,46812500,1.75,6,14,SE,41320000,40000000
"'Budhanilkantha, K'",K,40271779.3,Budhanilkantha,54403539.82,3,10,13,SW,39995597.48,16800000
"'Bansbari, K'",K,40271779.3,Bansbari,52578947.37,12,9,13,S,38378801.08,63000000
"'Dhapakhel, L'",L,34535434.84,Dhapakhel,27325000,3,3,10,S,38378801.08,12500000
"'Balaju, K'",K,40271779.3,Balaju,93340000,3.2,5,13,NW,36240206.19,14200000
"'Satdobato, L'",L,34535434.84,Satdobato,41446666.67,3,5,16,N,36524064.17,20000000
"'Sundarbasti, K'",K,40271779.3,Sundarbasti,30884210.53,3.2,5,13,E,40021095.89,19500000
"'Swayambhu, K'",K,40271779.3,Swayambhu,34017647.06,3.1,4,18,S,38378801.08,21000000
"'Kalikasthan, K'",K,40271779.3,Kalikasthan,61666666.67,10,5,20,W,35035732.01,100000000
"'Samakhusi, K'",K,40271779.3,Samakhusi,44224137.93,3,6,10,N,36524064.17,22500000
"'Chabahil, K'",K,40271779.3,Chabahil,83909090.91,4,5,12,SW,39995597.48,37000000
"'Ramkot, K'",K,40271779.3,Ramkot,25384615.38,3,4,20,E,40021095.89,19000000
"'Sitapaila, K'",K,40271779.3,Sitapaila,32122471.91,9,5,12,E,40021095.89,45000000
"'Tarakeshwar, K'",K,40271779.3,Tarakeshwar,20000000,4,6,12,S,38378801.08,16500000
"'Gongabu, K'",K,40271779.3,Gongabu,42027777.78,4.2,10,10,W,35035732.01,29000000
"'Kadaghari, K'",K,40271779.3,Kadaghari,18933333.33,3.2,6,13,SE,41320000,36000000
"'Pepsicola, K'",K,40271779.3,Pepsicola,37138888.89,3.2,10,13,E,40021095.89,24000000
"'Kadaghari, K'",K,40271779.3,Kadaghari,18933333.33,3,4,13,E,40021095.89,12000000
"'Joranku, K'",K,40271779.3,Joranku,15450000,3.2,3,10,S,38378801.08,15000000
"'Sitapaila, K'",K,40271779.3,Sitapaila,32122471.91,5,4,13,E,40021095.89,20000000
"'Imadol, L'",L,34535434.84,Imadol,26245555.56,3,4,13,SE,41320000,16000000
"'Thamel, K'",K,40271779.3,Thamel,38500000,2,4,12,E,40021095.89,37500000
"'Gongabu, K'",K,40271779.3,Gongabu,42027777.78,2.2,9,9,N,36524064.17,31000000
"'Samakhusi, K'",K,40271779.3,Samakhusi,44224137.93,2.2,5,16,S,38378801.08,20500000
"'Bharyang, K'",K,40271779.3,Bharyang,74412500,4,4,12,E,40021095.89,26000000
"'Lazimpat, K'",K,40271779.3,Lazimpat,54400000,4.6,3,20,S,38378801.08,17500000
"'Dhapakhel, L'",L,34535434.84,Dhapakhel,27325000,4,4,13,S,38378801.08,25000000
"'Budhanilkantha, K'",K,40271779.3,Budhanilkantha,54403539.82,4,3,18,SW,39995597.48,28500000
"'Lubhu, L'",L,34535434.84,Lubhu,20353333.33,5,4,13,SE,41320000,14500000
"'Sundarbasti, K'",K,40271779.3,Sundarbasti,30884210.53,5,6,13,SE,41320000,27500000
"'Maligaon, K'",K,40271779.3,Maligaon,65000000,12,5,13,NW,36240206.19,65000000
"'Chabahil, K'",K,40271779.3,Chabahil,83909090.91,4.5,10,20,W,35035732.01,35000000
"'Syuchatar, K'",K,40271779.3,Syuchatar,27519230.77,3,5,20,N,36524064.17,20000000
"'Tripureshwor, K'",K,40271779.3,Tripureshwor,28500000,8.5,3,13,SE,41320000,25000000
"'Balkhu, K'",K,40271779.3,Balkhu,38742857.14,9,7,10,S,38378801.08,49500000
"'Kirtipur, K'",K,40271779.3,Kirtipur,21500000,6,4,20,SE,41320000,18000000
"'Hattisar, K'",K,40271779.3,Hattisar,46750000,3,6,20,W,35035732.01,43500000
"'Lokanthali, B'",B,29873684.19,Lokanthali,35000000,7.1,14,14,E,40021095.89,35000000
"'Bharyang, K'",K,40271779.3,Bharyang,74412500,6,3,20,NW,36240206.19,70000000
"'Kalanki, K'",K,40271779.3,Kalanki,26308823.53,7,8,14,E,40021095.89,41500000
"'Thapathali, K'",K,40271779.3,Thapathali,64720000,4,5,14,E,40021095.89,40100000
"'Mulpani, K'",K,40271779.3,Mulpani,20590909.09,3,5,10,N,36524064.17,16500000
"'Dhapasi, K'",K,40271779.3,Dhapasi,43197058.82,5,4,15,W,35035732.01,26000000
"'Harisiddhi, L'",L,34535434.84,Harisiddhi,24777777.78,7.1,8,10,E,40021095.89,33000000
"'Hattigauda, K'",K,40271779.3,Hattigauda,40888888.89,7,4,13,E,40021095.89,55000000
"'Jhamsikhel, L'",L,34535434.84,Jhamsikhel,24875000,2,2,20,E,40021095.89,12500000
"'Budhanilkantha, K'",K,40271779.3,Budhanilkantha,54403539.82,17,4,20,SE,41320000,110000000
"'Budhanilkantha, K'",K,40271779.3,Budhanilkantha,54403539.82,15,5,13,W,35035732.01,62500000
"'Bhaisepati, L'",L,34535434.84,Bhaisepati,47003669.23,1.9,3,28,NW,36240206.19,13000000
"'Lokanthali, B'",B,29873684.19,Lokanthali,35000000,7,6,18,NE,38939095.74,35000000
"'Budhanilkantha, K'",K,40271779.3,Budhanilkantha,54403539.82,11,4,18,S,38378801.08,36500000
"'Pepsicola, K'",K,40271779.3,Pepsicola,37138888.89,3.9,3,20,NW,36240206.19,11000000
"'Nakhipot, L'",L,34535434.84,Nakhipot,39136363.64,32,5,20,E,40021095.89,140000000
"'Budhanilkantha, K'",K,40271779.3,Budhanilkantha,54403539.82,32,4,20,SW,39995597.48,105000000
"'Machhe Gaun, K'",K,40271779.3,Machhe Gaun,28100000,48,5,12,S,38378801.08,59000000
"'Kupandole, L'",L,34535434.84,Kupandole,65055555.56,30,4,30,N,36524064.17,6500000
"'Sitapaila, K'",K,40271779.3,Sitapaila,32122471.91,2.5,4,13,NE,38939095.74,12000000
"'Budhanilkantha, K'",K,40271779.3,Budhanilkantha,54403539.82,8,5,12,E,40021095.89,27000000
"'Baluwatar, K'",K,40271779.3,Baluwatar,77346153.85,13,5,12,E,40021095.89,72500000
