Location,Land Area,Bedrooms,Floor,Facing,Road Access,Price
"Bhaisepati, L'",4.1,4,2.5,NE,12,38000000.0
"Sitapaila, K'",6.2,5,2.5,W,20,47000000.0
"Imadol, L'",4.0,4,2.5,S,13,34000000.0
"Attarkhel, K'",3.2,8,3.0,E,13,30000000.0
"Syuchatar, K'",3.2,4,2.0,N,14,22000000.0
"Bhaisepati, L'",6.0,4,2.5,S,13,50000000.0
"Lazimpat, K'",5.2,6,2.5,W,15,60000000.0
"Budhanilkantha, K'",9.2,4,2.5,W,20,62000000.0
"Lambagar, K'",4.0,6,2.5,S,11,26000000.0
"Baluwakhani, K'",3.1,6,3.0,W,16,27500000.0
"Mandikhatar, K'",4.0,4,2.5,S,20,42500000.0
"Danchhi, K'",3.1,2,1.0,NE,20,12000000.0
"Dhapasi, K'",9.0,6,2.5,E,12,47000000.0
"Jagdol, K'",3.2,5,2.0,E,13,9000000.0
"Bhaisepati, L'",4.2,5,2.5,SE,13,45000000.0
"Mandikhatar, K'",3.1,6,2.5,W,13,26500000.0
"Mandikhatar, K'",5.0,6,2.5,E,13,38500000.0
"Pepsicola, K'",7.0,5,2.5,S,20,67500000.0
"Bhaisepati, L'",4.2,6,2.5,SE,20,40000000.0
"Khumaltar, L'",4.2,4,2.5,S,14,39000000.0
"Raniban, K'",4.2,6,3.5,SW,14,31000000.0
"Kusunti, L'",4.2,4,2.5,W,11,40000000.0
"Sano bharyang, K'",3.3,7,2.5,NW,13,36000000.0
"Aakasedhara, K'",5.0,6,2.5,SW,12,31500000.0
"Hattiban, L'",4.1,7,3.0,NE,13,40000000.0
"Nakhipot, L'",6.94,5,2.5,W,13,32500000.0
"Tokha, K'",2.2,3,1.0,NW,13,10000000.0
"Dharmasthali, K'",5.0,8,2.5,NE,36,26500000.0
"Bhaisepati, L'",3.5,4,2.5,S,15,45000000.0
"Golfutar, K'",4.0,4,2.5,E,13,32500000.0
"Sitapaila, K'",3.0,2,1.0,W,13,14000000.0
"Kapan, K'",3.0,2,1.0,S,13,13500000.0
"Hepali Height, K'",4.0,4,2.5,NE,13,33500000.0
"Budhanilkantha, K'",5.0,6,2.5,SW,14,36000000.0
"Yetkha, K'",2.3,8,4.0,S,16,32000000.0
"Sitapaila, K'",5.0,5,2.5,E,13,65000000.0
"Pasikot, K'",4.4,4,2.5,NE,15,45000000.0
"Gothatar, K'",3.3,5,2.5,NW,28,24000000.0
"Nakhipot, L'",4.0,7,2.5,SE,12,36000000.0
"Imadol, L'",3.0,3,2.5,S,13,21000000.0
"Budhanilkantha, K'",6.0,4,2.5,W,13,46000000.0
"Ekatabasti, K'",4.1,4,2.5,W,16,36000000.0
"Mandikhatar, K'",4.3,5,2.5,E,13,34500000.0
"Dhapasi, K'",7.0,5,2.5,NE,13,44000000.0
"Lolang, K'",3.0,2,1.0,E,13,13799999.999999998
"Ekatabasti, K'",3.0,5,2.5,S,13,18500000.0
"Baluwatar, K'",8.0,3,2.5,S,10,80000000.0
"Radhe Radhe, B'",2.2,4,4.0,N,24,24000000.0
"Mandikhatar, K'",5.0,6,2.5,E,13,37800000.0
"Pepsicola, K'",3.2,6,2.5,E,20,24000000.0
"Kapan, K'",3.1,2,1.0,SE,13,16800000.0
"Balkot, B'",6.52,4,3.0,S,20,28000000.0
"Thamel, K'",3.0,5,2.5,SE,13,55000000.0
"Bafal, K'",4.0,7,2.5,SW,12,36500000.0
"Sipadol, B'",4.0,2,1.0,SE,13,15000000.0
"Budhanilkantha, K'",4.5,7,2.5,N,13,50000000.0
"Ganesh Chowk, K'",4.0,5,2.5,E,13,35000000.0
"Chunikhel, K'",4.0,5,2.5,SW,13,28000000.0
"Baluwatar, K'",6.0,5,2.5,W,25,35000000.0
"Mhaipi, K'",4.0,4,3.0,N,20,33000000.0
"Tikathali, L'",2.6,6,2.5,SE,12,22000000.0
"Imadol, L'",3.2,7,2.5,NE,20,28500000.0
"Ekatabasti, K'",4.1,2,1.0,E,16,17000000.0
"Budhanilkantha, K'",5.0,5,2.5,W,13,36000000.0
"Dhapasi, K'",3.1,5,2.5,E,12,21000000.0
"Harisiddhi, L'",3.2,5,2.5,S,20,23500000.0
"Rudreshwor, K'",6.3,5,2.5,E,14,68000000.0
"Baluwa, K'",3.3,2,1.0,SE,10,6800000.000000001
"Thapathali, K'",7.0,5,2.0,E,14,60000000.0
"Maijubahal, K'",6.2,5,3.5,N,8,35000000.0
"Samakhusi, K'",3.0,3,2.5,W,12,32500000.0
"Budhanilkantha, K'",3.0,6,2.5,N,15,40000000.0
"Kusunti, L'",3.2,5,2.5,S,13,24000000.0
"Dhapakhel, L'",2.2,6,3.0,S,13,19000000.0
"Sundarbasti, K'",3.2,6,3.0,E,12,25500000.0
"Baluwakhani, K'",3.2,5,2.5,E,13,19500000.0
"Basundhara, K'",5.2,4,2.5,N,16,35000000.0
"Thankot, K'",2.3,5,2.5,SW,13,16000000.0
"Imadol, L'",3.2,5,2.5,S,13,27500000.0
"Wasik, K'",5.2,5,3.0,S,14,37500000.0
"Khumaltar, L'",4.1,5,3.5,SE,13,31000000.0
"Koteshwor, K'",4.0,5,3.5,E,26,45000000.0
"Gongabu, K'",8.0,5,2.5,SW,10,51500000.0
"Budhanilkantha, K'",4.2,4,2.5,SW,13,35000000.0
"Ochu Height, L'",3.0,4,2.5,W,13,23000000.0
"Mandikhatar, K'",5.0,5,2.5,E,16,39500000.0
"Thankot, K'",3.0,4,2.5,N,13,21000000.0
"Imadol, L'",7.0,14,4.5,SW,18,70000000.0
"Bhaisepati, L'",4.1,4,2.5,SE,10,38000000.0
"Makalbari, K'",8.0,2,1.0,NE,13,31000000.0
"Imadol, L'",3.1,4,3.0,E,13,24000000.0
"Changathali, L'",3.1,6,2.5,E,11,15000000.0
"Pepsicola, K'",2.2,4,3.0,E,20,24000000.0
"Banasthali, K'",6.2,5,2.5,E,20,70000000.0
"Imadol, L'",3.2,5,2.5,W,20,27500000.0
"Kusunti, L'",4.0,5,2.5,N,16,27500000.0
"Soltidobato, K'",4.0,3,2.5,S,13,30000000.0
"Boharatar, K'",6.0,4,2.0,W,13,48500000.0
"Ekatabasti, K'",5.0,4,3.5,N,13,36500000.0
"Hepali Height, K'",3.0,5,2.5,S,12,30000000.0
"Baniyatar, K'",3.5,7,3.0,SW,14,37500000.0
"Machhe Gaun, K'",3.0,5,1.5,N,16,12000000.0
"Thapagaun, K'",4.2,3,2.5,E,12,43000000.0
"Ekatabasti, K'",4.0,4,2.5,NE,13,29500000.0
"Shankhamul, K'",3.2,8,2.5,S,13,45000000.0
"Bhaisepati, L'",3.2,5,2.5,NW,16,26500000.0
"Golfutar, K'",4.0,4,2.5,E,13,37500000.0
"Jharuwarasi, L'",4.3,3,2.5,NW,20,13000000.0
"Pasikot, K'",6.0,5,2.5,SE,13,35000000.0
"Manabahadur Marga, K'",4.0,7,2.5,E,13,31000000.0
"Sinamangal, K'",4.1,5,2.5,W,20,49000000.0
"Manabahadur Marga, K'",4.2,5,2.5,NE,16,33000000.0
"Imadol, L'",3.2,5,2.5,N,13,26500000.0
"Manamaiju, K'",8.2,13,3.5,SE,18,58500000.0
"Nakhu, L'",4.0,4,2.5,SW,15,28000000.0
"Imadol, L'",2.3,4,2.5,E,13,19500000.0
"Bhangal, K'",4.0,5,2.5,E,13,31000000.0
"Bhimsengola, K'",10.0,6,2.5,NE,20,75000000.0
"Manabahadur Marga, K'",4.0,5,3.5,W,20,35000000.0
"Bhangal, K'",5.0,5,2.5,E,13,29500000.0
"Darjeeling Height, B'",2.0,4,2.0,S,10,17500000.0
"Sanepa, L'",5.0,5,2.5,SE,10,45000000.0
"Dhapasi, K'",3.0,5,2.5,E,13,21000000.0
"Bhelpa, L'",3.2,5,2.5,SW,11,26500000.0
"Sanepa, L'",5.0,6,2.5,NE,16,65000000.0
"Manamaiju, K'",4.0,9,3.5,S,12,38000000.0
"Sukedhara, K'",4.0,7,2.5,S,12,29500000.0
"Hattigauda, K'",5.1,5,3.5,N,13,39000000.0
"Thaiba, L'",3.1,4,2.5,SE,20,12500000.0
"Bhaisepati, L'",4.2,4,2.5,SE,20,45000000.0
"Jawalakhel, L'",3.0,7,3.5,W,18,30000000.0
"Golfutar, K'",4.1,4,2.5,E,13,37500000.0
"Chunikhel, K'",3.1,5,2.5,SE,13,20500000.0
"Mandikhatar, K'",3.2,5,2.5,E,13,22200000.000000004
"Machhapokhari, K'",6.3,14,5.5,SE,20,48500000.0
"Dallu, K'",3.2,6,4.5,E,20,45000000.0
"Budhanilkantha, K'",5.0,4,2.5,S,13,48000000.0
"Dhumbarahi, K'",6.1,7,4.5,SE,36,69000000.0
"Koteshwor, K'",4.0,6,4.5,E,26,45000000.0
"Bhaisepati, L'",5.2,5,2.5,NE,18,38000000.0
"Budhanilkantha, K'",8.2,4,2.5,NE,13,55000000.0
"Bhaisepati, L'",3.0,6,2.5,NW,20,36000000.0
"Anamnagar, K'",3.3,6,3.5,SW,11,42500000.0
"Phutung, K'",4.2,5,3.0,W,18,26000000.0
"Bhaisepati, L'",3.2,6,2.5,SE,20,29500000.0
"Narayanthan, K'",7.0,6,2.5,N,18,65000000.0
"Aakasedhara, K'",5.0,5,2.5,SE,20,45000000.0
"Gokarneswhor, K'",3.1,2,1.0,E,12,13000000.0
"Kapan, K'",2.2,4,2.5,N,12,15500000.0
"Baluwakhani, K'",5.0,7,3.0,W,13,38000000.0
"Bhangal, K'",4.0,4,2.5,N,13,29000000.0
"Mandikhatar, K'",3.2,4,2.5,E,32,27500000.0
"Chhaling, B'",4.0,2,1.0,N,16,9500000.0
"Sunakothi, L'",4.2,3,1.5,SW,8,12500000.0
"Panga, K'",5.2,14,3.5,S,12,35000000.0
"Thankot, K'",3.3,5,2.5,S,13,16000000.0
"Jyotinagar, K'",3.2,7,2.5,S,13,22500000.0
"Machhe Gaun, K'",3.1,7,2.5,E,13,10500000.0
"Sundarbasti, K'",4.0,6,2.5,E,18,27500000.0
"Thulo Bharayang, K'",3.1,4,2.5,W,14,25000000.0
"Chyasal, L'",3.0,7,3.0,W,13,22500000.0
"Kavresthali, K'",3.1,5,2.5,N,13,18500000.0
"Imadol, L'",3.1,5,2.5,S,16,22500000.0
"Budhanilkantha, K'",4.0,6,2.5,SE,14,32500000.0
"Naya Basti, K'",3.3,5,3.5,E,12,25000000.0
"Kalanki, K'",6.3,8,3.5,S,20,45000000.0
"Bhaisepati, L'",3.2,4,2.5,SW,20,26500000.0
"Kapan, K'",3.3,6,2.5,W,12,24000000.0
"Bhaisepati, L'",4.0,6,2.5,NW,16,37000000.0
"Balkot, B'",6.0,4,3.5,S,10,42500000.0
"Mulpani, K'",4.0,5,2.5,N,20,31500000.0
"Nakhudole, L'",4.0,3,2.5,S,10,27500000.0
"Basundhara, K'",6.0,7,2.5,S,14,47500000.0
"Kalikasthan, K'",4.0,8,5.5,NW,15,60000000.0
"Sainbu, L'",3.2,4,3.0,SE,15,35000000.0
"Bansbari, K'",10.2,5,2.5,E,15,62000000.0
"Padmasal, K'",5.0,3,3.0,NE,10,20000000.0
"Buddha Chowk, K'",5.0,5,2.5,W,13,36000000.0
"Mahadevtar, K'",10.2,6,2.5,S,20,46500000.0
"Bhangal, K'",5.0,3,2.5,SW,13,34000000.0
"Dhungedhara, K'",9.2,4,2.5,E,20,65000000.0
"Kapan, K'",4.2,6,2.5,S,12,37500000.0
"Thankot, K'",3.0,4,2.0,N,13,12500000.0
"Mahadevtar, K'",10.1,6,2.5,S,20,46500000.0
"Maharajgunj, K'",5.0,12,4.5,W,12,41000000.0
"Hattiban, L'",3.2,8,3.5,E,13,34000000.0
"Budhanilkantha, K'",4.2,5,2.5,SE,13,28500000.0
"Sitapaila, K'",4.0,5,2.5,W,13,18500000.0
"Teku, K'",8.1,7,3.5,E,10,77500000.0
"Bhutkhel , K'",4.0,7,3.0,W,20,26700000.0
"Khadka Gaun, K'",3.0,5,2.5,SE,13,21900000.0
"Syuchatar, K'",3.0,6,2.5,E,13,22500000.0
"Goldhunga, K'",3.0,2,1.0,S,16,13000000.0
"Bouddha, K'",4.0,6,2.5,E,18,29500000.0
"Satungal, K'",3.2,6,2.5,W,13,18500000.0
"Gurjudhara, K'",2.5,5,2.5,W,13,16500000.0
"Naikap, K'",3.1,4,2.5,S,13,21000000.0
"Dhungedhara, K'",3.5,5,2.5,N,13,33000000.0
"Grande Hospital, K'",8.2,5,2.5,W,18,70000000.0
"Golfutar, K'",5.1,6,2.5,E,12,29500000.0
"Sukedhara, K'",4.0,4,2.5,S,12,30000000.0
"Gatthaghar, B'",4.0,5,3.5,W,13,30000000.0
"Pasikot, K'",5.0,5,2.5,N,13,36000000.0
"Bhaisepati, L'",5.3,7,3.5,NE,16,49500000.0
"Koteshwor, K'",9.2,7,3.5,SE,20,60000000.0
"Nikhileshwor, K'",3.2,5,2.5,W,16,24000000.0
"Gurjudhara, K'",6.0,5,2.5,SE,10,29000000.0
"Naikap, K'",3.1,2,1.0,W,32,8500000.0
"Baniyatar, K'",3.0,4,2.5,W,12,19500000.0
"Paiyatar, K'",3.2,2,1.0,E,13,13500000.0
"Padmasal, K'",3.2,5,3.0,W,13,24000000.0
"Imadol, L'",2.2,3,2.0,S,13,17000000.0
"Khichapokhari, K'",5.3,7,4.0,W,10,35500000.0
"Paiyatar, K'",3.0,11,2.5,SE,13,17500000.0
"Maharajgunj, K'",8.1,6,3.0,E,14,75000000.0
"Lubhu, L'",3.0,4,2.5,S,20,29000000.0
"Bhangal, K'",3.0,4,2.5,NW,13,17500000.0
"Bhangal, K'",3.2,4,2.5,N,20,21000000.0
"Jyotinagar, K'",5.3,4,2.5,W,13,33500000.0
"Dhapasi, K'",3.0,5,2.5,E,12,19500000.0
"Hattiban, L'",5.5,5,3.0,S,16,50000000.0
"Megha City, K'",3.2,5,3.5,SE,13,29900000.000000004
"Pasikot, K'",4.0,5,2.5,SE,20,24000000.0
"Jaya Bageshwori, K'",4.0,5,3.0,N,18,38500000.0
"Sallaghari, B'",6.1,4,2.5,NE,20,37500000.0
"Dhungedhara, K'",6.0,5,2.5,SE,13,55000000.0
"Dhaneshwor, K'",3.0,2,1.0,E,13,13500000.0
"Bafal, K'",9.2,3,2.5,E,13,70000000.0
"Srijananagar, B'",3.2,7,3.0,NW,20,22500000.0
"Ekatabasti, K'",5.3,3,2.5,S,13,33000000.0
"Mandikhatar, K'",3.0,6,2.5,N,13,21000000.0
"Bhangal, K'",4.0,4,2.5,E,16,23500000.0
"Kapan, K'",3.0,2,1.0,E,10,11200000.000000002
"Bhangal, K'",3.2,2,1.0,NW,13,13500000.0
"Sukedhara, K'",2.2,4,2.5,N,13,17000000.0
"Lubhu, L'",3.1,5,2.5,S,11,15000000.0
"Ram Mandir, K'",3.5,5,4.0,NE,26,37500000.0
"Sano thimi, B'",8.0,6,4.0,E,20,50000000.0
"Chapali, K'",5.0,6,2.5,N,18,39000000.0
"Aakasedhara, K'",4.0,5,2.5,N,10,19000000.0
"Paiyatar, K'",4.2,6,2.5,E,12,22000000.0
"Ganesh Chowk, K'",4.2,4,2.5,S,13,32500000.0
"Naya Basti, K'",5.0,7,3.0,E,10,28000000.0
"Thankot, K'",4.0,4,2.5,N,13,16500000.0
"Hattiban, L'",9.0,2,1.0,SW,20,38000000.0
"Hattiban, L'",3.2,3,2.5,W,20,32500000.0
"Gaurighat, K'",7.0,9,5.0,S,10,60000000.0
"Lolang, K'",3.0,6,2.0,N,18,15500000.0
"Goldhunga, K'",3.0,5,2.0,S,13,15000000.0
"Pasikot, K'",9.0,6,3.5,E,16,60000000.0
"Koteshwor, K'",2.2,6,2.5,E,12,27500000.0
"Bhangal, K'",4.1,5,2.5,NW,13,22000000.0
"Sai Baba chowk, K'",4.0,6,2.5,E,13,25000000.0
"Greenland Chowk, K'",9.0,7,2.5,E,10,45000000.0
"Sundarbasti, K'",3.2,6,2.5,S,12,20000000.0
"Imadol, L'",3.0,5,2.5,E,20,21000000.0
"Chapali, K'",5.0,5,2.5,NW,12,44000000.0
"Bhaisepati, L'",4.0,3,2.5,N,16,40000000.0
"Bhaisepati, L'",5.0,4,2.5,E,15,36000000.0
"Imadol, L'",2.3,4,2.5,N,13,18000000.0
"Saraswotinagar, K'",7.0,4,2.5,NE,13,40000000.0
"Imadol, L'",3.2,6,2.5,E,16,23500000.0
"Bhimsengola, K'",7.2,4,2.5,N,16,65000000.0
"Special Court, K'",10.0,5,2.5,NE,12,62500000.0
"Chandol, K'",4.0,4,2.5,W,16,34000000.0
"Bhaisepati, L'",3.2,4,2.5,N,13,24500000.0
"Kadaghari, K'",3.0,6,2.5,SW,13,24000000.0
"Bhangal, K'",3.1,5,2.5,NW,13,18500000.0
"Sundarbasti, K'",3.1,5,2.5,N,13,20000000.0
"Sipadol, B'",4.1,5,2.5,S,13,22000000.0
"Bansbari, K'",7.2,6,2.5,W,20,52000000.0
"Bhatkepati, K'",6.0,4,2.5,N,20,25000000.0
"Dadhikot, B'",4.0,12,3.5,SE,20,25000000.0
"Dhungedhara, K'",4.1,7,2.5,SW,13,29800000.0
"Kusunti, L'",4.3,4,2.5,SE,20,31000000.0
"Chabahil, K'",4.2,8,3.0,W,20,32000000.0
"Sitapaila, K'",3.2,4,2.5,S,20,27000000.0
"Radhe Radhe, B'",4.3,4,2.5,E,20,27000000.0
"Imadol, L'",4.0,6,3.5,SE,13,23000000.0
"Nakhu, L'",3.0,3,2.5,W,13,23000000.0
"Golfutar, K'",4.0,3,1.0,SE,13,16000000.0
"Nakhu, L'",4.0,4,2.5,S,14,30000000.0
"Sundarbasti, K'",4.0,4,2.5,SE,12,25000000.0
"Kusunti, L'",4.0,5,2.5,S,15,27500000.0
"Bhaisepati, L'",5.0,4,2.5,S,13,36000000.0
"Nakhu, L'",3.0,3,2.5,N,13,23000000.0
"Dhapakhel, L'",4.0,7,2.5,S,20,29000000.0
"Imadol, L'",5.2,7,2.5,W,13,25000000.0
"Sukedhara, K'",3.1,10,4.0,W,25,28000000.0
"Imadol, L'",5.3,6,2.5,E,16,29500000.0
"Bhaisepati, L'",5.0,5,2.5,SW,13,33500000.0
"Dhapasi, K'",4.0,5,2.5,NE,13,37500000.0
"Sallaghari, B'",4.0,6,2.5,SW,13,25000000.0
"Srijananagar, B'",3.3,5,2.5,E,8,16000000.0
"Dhungedhara, K'",4.0,5,2.5,N,13,27500000.0
"Sukedhara, K'",2.3,5,2.5,N,13,16000000.0
"Mulpani, K'",3.0,5,2.5,W,8,14000000.0
"Dahachowk, K'",2.4,4,2.5,W,18,18000000.0
"Thecho, L'",5.3,7,3.5,S,12,27500000.0
"Nakhipot, L'",3.1,4,2.5,E,15,23500000.0
"Dhapasi, K'",4.0,5,3.0,SW,28,30000000.0
"Deuba Chowk, K'",6.0,4,2.5,N,15,47000000.0
"Shankhamul, K'",3.0,12,5.5,E,12,51000000.0
"Kamalbinayak, B'",4.2,9,4.5,SW,13,39900000.0
"Mahadevtar, K'",7.2,14,3.5,E,12,42500000.0
"Khumaltar, L'",5.0,4,2.5,NE,13,28500000.0
"Ram Mandir, K'",5.0,6,2.5,N,16,28500000.0
"Bagbazar, K'",2.0,4,5.0,E,20,26000000.0
"Khusibu, K'",2.2,6,2.5,E,13,22500000.0
"Chhauni, K'",4.2,4,2.5,N,14,31000000.0
"Setipakha, L'",4.1,5,2.5,E,12,22500000.0
"Gurjudhara, K'",3.0,4,2.5,W,13,15500000.0
"Hattigauda, K'",4.0,5,2.5,E,15,32500000.0
"Tinkune, K'",4.2,6,2.5,E,16,45000000.0
"Hattiban, L'",4.1,6,3.0,S,13,28700000.0
"Ganesh Chowk, K'",4.0,4,2.5,S,15,32000000.0
"Grande Hospital, K'",3.1,3,2.0,NE,21,24500000.0
"Nakhu, L'",4.1,4,2.5,SW,15,33000000.0
"Kusunti, L'",4.0,5,2.5,S,15,27000000.0
"Kusunti, L'",3.2,4,2.5,S,15,24000000.0
"Mulpani, K'",4.2,8,3.0,W,12,29500000.0
"Gokarneswhor, K'",4.0,8,4.5,S,11,27000000.0
"Golfutar, K'",4.0,6,2.5,E,18,28000000.0
"Bhaisepati, L'",3.1,4,2.5,NW,18,19900000.0
"Syuchatar, K'",5.0,4,2.5,E,16,25000000.0
"Ganesh Chowk, K'",5.0,5,2.5,S,13,35000000.0
"Ganesh Chowk, K'",4.2,5,2.5,SW,15,32000000.0
"Narayanthan, K'",7.2,4,2.5,NE,13,55000000.0
"Narayanthan, K'",4.0,5,2.5,NE,13,35000000.0
"Nakhu, L'",3.0,4,2.5,E,20,23500000.0
"Nakhu, L'",3.0,4,2.5,S,16,23000000.0
"Bhaisepati, L'",4.3,4,2.5,E,16,28000000.0
"Kusunti, L'",3.1,4,2.5,NW,15,23500000.0
"Shankhamul, K'",4.0,7,2.5,W,13,40000000.0
"Hattiban, L'",4.0,6,2.5,E,12,21500000.0
"Gothatar, K'",6.0,4,2.5,SW,20,40000000.0
"Syuchatar, K'",3.0,6,2.5,S,13,20500000.0
"Budhanilkantha, K'",7.0,5,2.5,E,20,45000000.0
"Khadka Gaun, K'",4.0,4,2.5,NW,13,23000000.0
"Mandikhatar, K'",5.0,6,2.5,E,18,45000000.0
"Nakhipot, L'",7.0,8,3.0,W,20,80000000.0
"Mahadevsthan, K'",3.0,2,1.0,E,10,10500000.0
"Hattiban, L'",4.0,3,2.0,S,13,21100000.0
"Kapan, K'",3.2,3,2.5,E,13,14000000.0
"Thaiba, L'",6.0,4,2.5,NE,20,48500000.0
"Narephate, K'",6.0,6,2.5,W,13,38500000.0
"Sano bharyang, K'",5.1,7,2.5,S,12,18500000.0
"Sitapaila, K'",6.5,5,2.0,S,14,70000000.0
"Chandol, K'",6.0,5,2.0,N,18,46000000.0
"Bhaisepati, L'",4.0,6,2.5,NW,16,37500000.0
"Dhapasi, K'",6.0,6,2.5,S,20,33000000.0
"Hepali Height, K'",4.0,6,2.5,N,14,33000000.0
"Sitapaila, K'",4.2,4,2.5,N,16,24000000.0
"Makalbari, K'",2.2,6,3.5,NE,12,17000000.0
"Karyabinayak, L'",4.0,4,2.5,W,20,32500000.0
"Syuchatar, K'",4.0,7,3.5,N,20,29500000.0
"Mulpani, K'",4.1,4,3.0,SE,14,22500000.0
"Bhaisepati, L'",3.2,4,2.5,N,20,25000000.0
"Ram Mandir, K'",4.2,6,2.5,SW,13,27200000.000000004
"Sukedhara, K'",6.0,5,2.5,W,12,40000000.0
"Dhumbarahi, K'",5.5,7,3.0,E,12,62500000.0
"Dhungedhara, K'",3.2,7,3.0,S,12,26000000.0
"Thankot, K'",4.2,4,2.5,W,13,16000000.0
"Imadol, L'",2.2,3,2.5,E,13,17000000.0
"Golfutar, K'",5.2,5,3.0,S,13,40000000.0
"Gwarko, L'",4.0,5,2.0,NW,15,19500000.0
"Golfutar, K'",4.0,5,2.5,SE,20,37000000.0
"Thankot, K'",3.0,4,2.5,E,13,15000000.0
"Imadol, L'",3.2,4,2.5,N,13,19000000.0
"Dhapasi, K'",5.0,3,2.5,E,13,32000000.0
"Rudreshwor, K'",7.2,5,2.5,S,14,42000000.0
"Narayanthan, K'",6.0,5,2.5,S,18,47500000.0
"Deuba Chowk, K'",4.1,5,2.5,SW,14,32500000.0
"Pepsicola, K'",3.3,4,2.5,SE,20,33000000.0
"Baluwatar, K'",5.0,4,2.5,SE,13,55000000.0
"Rudreshwor, K'",5.0,7,2.5,NW,18,37500000.0
"Bhaisepati, L'",4.0,4,2.5,N,20,38000000.0
"Sudal, B'",3.0,2,1.0,N,10,7500000.0
"Bhaisepati, L'",3.2,4,2.5,E,20,24500000.0
"Golfutar, K'",4.0,5,2.5,SE,13,27000000.0
"Liwali, B'",7.2,3,2.5,E,13,35000000.0
"Imadol, L'",3.0,4,2.5,E,14,18500000.0
"Nakhu, L'",3.2,4,2.5,N,20,26500000.0
"Imadol, L'",3.0,7,2.5,N,13,16000000.0
"Hattigauda, K'",3.0,4,2.5,E,13,23000000.0
"Hattigauda, K'",5.2,7,3.5,SE,13,26500000.0
"Dholahiti, L'",4.0,4,2.5,W,20,27500000.0
"Imadol, L'",3.0,4,2.5,E,13,19000000.0
"Shantinagar, K'",3.0,10,3.5,S,30,39000000.0
"Bafal, K'",4.2,4,2.5,E,13,25500000.0
"Dhungedhara, K'",3.2,5,2.5,S,12,28000000.0
"Thankot, K'",3.0,7,2.5,W,5,10500000.0
"Thankot, K'",3.0,3,1.0,N,13,11500000.0
"Bafal, K'",4.0,6,2.5,W,14,30000000.0
"Banasthali, K'",4.0,5,3.0,E,32,30000000.0
"Ramkot, K'",4.0,4,2.0,N,20,15500000.0
"Ramkot, K'",5.0,4,2.0,N,20,17500000.0
"Khusibu, K'",4.2,7,3.5,E,20,41000000.0
"Hattiban, L'",4.0,6,2.5,N,13,21500000.0
"Hattiban, L'",4.0,5,2.5,N,13,21000000.0
"Bhaisepati, L'",5.0,4,2.5,N,15,35000000.0
"Shovahiti, L'",4.2,2,1.0,S,10,25000000.0
"Basantanagar, K'",3.2,2,1.0,E,13,13000000.0
"Budhanilkantha, K'",5.1,6,2.5,NW,13,41500000.0
"Grande Hospital, K'",4.0,4,2.5,N,26,26000000.0
"Grande Hospital, K'",4.0,6,2.5,E,26,28000000.0
"Deuba Chowk, K'",6.0,6,2.5,E,14,36000000.0
"Hattigauda, K'",5.0,4,2.5,E,14,34500000.0
"Gwarko, L'",4.2,5,2.5,S,13,30000000.0
"Tokha, K'",7.0,4,2.5,W,20,38000000.0
"Hattigauda, K'",3.0,5,3.5,NW,13,31000000.0
"Kalanki, K'",4.1,5,2.5,S,10,29000000.0
"Thulo Bharayang, K'",7.0,7,2.5,N,13,39500000.0
"Chandol, K'",5.2,5,2.5,E,20,47500000.0
"New Buspark, K'",3.0,4,2.5,E,13,26000000.0
"Mahadevsthan, K'",3.0,2,1.0,N,13,9800000.0
"Hepali Height, K'",4.0,3,2.5,S,13,22500000.0
"Nakhu, L'",4.0,4,2.5,E,20,28000000.0
"Karyabinayak, L'",6.0,5,2.5,SE,16,35000000.0
"Kapan, K'",7.0,6,2.5,S,13,36000000.0
"Mulpani, K'",2.5,4,2.5,SE,10,12500000.0
"Taukhel, L'",4.0,3,2.5,E,26,25000000.0
"Gothatar, K'",3.1,6,2.5,W,13,23000000.0
"Balambu, K'",3.1,5,2.5,E,13,18000000.0
"Bhaisepati, L'",4.0,6,2.5,E,13,25000000.0
"Khadka Gaun, K'",4.0,5,2.5,W,16,21500000.0
"Bhutkhel , K'",3.0,5,2.5,S,10,18000000.0
"Chyasal, L'",3.0,7,4.0,W,13,24000000.0
"Thulo Bharayang, K'",3.2,5,2.0,W,16,24000000.0
"Dhapakhel, L'",2.2,3,2.5,E,20,14500000.0
"Panipokhari, K'",5.2,4,3.0,E,20,54000000.0
"Kapan, K'",4.0,6,2.5,E,14,21000000.0
"Manabahadur Marga, K'",4.0,5,2.5,N,13,27000000.0
"Budhanilkantha, K'",7.0,4,2.5,S,20,57500000.0
"Bansbari, K'",8.0,6,2.5,E,20,45000000.0
"Kavresthali, K'",4.0,3,1.5,N,10,15500000.0
"Goldhunga, K'",4.0,4,2.0,E,26,18500000.0
"Thankot, K'",4.0,5,3.5,E,13,30000000.0
"Nakhipot, L'",4.2,5,2.5,N,20,25000000.0
"Thankot, K'",4.0,4,2.0,N,16,19000000.0
"Mitrapark, K'",4.3,6,4.5,SW,30,49000000.0
"Gongabu, K'",4.2,5,3.5,W,20,35000000.0
"Imadol, L'",5.1,6,2.5,E,13,32500000.0
"Gyaneshwor, K'",6.0,4,3.5,S,15,35000000.0
"Syuchatar, K'",4.0,4,2.5,E,13,24500000.0
"Syuchatar, K'",3.3,5,3.5,N,13,22000000.0
"Shankhamul, K'",4.0,6,4.5,S,15,55500000.0
"Jawalakhel, L'",7.0,4,3.0,N,16,90000000.0
"Hattigauda, K'",4.2,4,2.5,W,20,50000000.0
"Bansbari, K'",3.2,6,2.5,E,18,38000000.0
"Banasthali, K'",3.2,5,2.5,N,8,20000000.0
"Balkumari, L'",4.2,6,3.0,E,18,50000000.0
"Tikathali, L'",3.0,5,2.5,W,13,16000000.0
"Thankot, K'",5.0,4,2.5,E,16,32500000.0
"Thankot, K'",4.0,6,2.5,S,16,16000000.0
"Thankot, K'",3.1,5,2.5,W,13,16000000.0
"Siddhartha Colony, K'",9.0,9,4.0,S,12,70000000.0
"Chapali, K'",3.3,7,3.0,E,13,29500000.0
"Kalanki, K'",4.0,5,2.0,E,14,22000000.0
"Bafal, K'",3.3,5,2.5,NE,15,31000000.0
"Lubhu, L'",5.0,4,2.5,S,13,18500000.0
"Nagarjun, K'",4.1,6,2.5,SE,22,22500000.0
"Kumarigal, K'",6.2,4,3.0,W,10,35000000.0
"Tenzing Chowk, K'",4.0,6,3.0,W,13,29000000.0
"Bhaisepati, L'",4.1,3,2.5,N,20,22000000.0
"Bhaisepati, L'",3.0,5,2.5,NE,12,21000000.0
"Sitapaila, K'",4.2,4,2.5,S,15,34500000.0
"Setipakha, L'",5.0,5,3.0,E,16,21000000.0
"Basundhara, K'",3.0,6,4.0,E,12,26000000.0
"Rudreshwor, K'",2.2,5,2.5,W,10,10500000.0
"Imadol, L'",3.0,4,2.5,N,12,18500000.0
"Imadol, L'",3.0,6,2.5,S,13,16500000.0
"Imadol, L'",3.2,5,2.5,S,15,25000000.0
"Imadol, L'",3.2,4,2.5,S,13,22000000.0
"Imadol, L'",3.1,5,2.5,E,13,21500000.0
"Imadol, L'",4.2,4,2.5,S,13,24500000.0
"Syuchatar, K'",3.2,5,2.5,W,12,20700000.0
"Syuchatar, K'",3.2,4,2.5,W,14,22000000.0
"Lolang, K'",3.1,4,2.5,S,12,15500000.0
"Thankot, K'",3.1,3,1.0,SE,13,11500000.0
"Imadol, L'",3.1,4,2.5,S,13,21500000.0
"Imadol, L'",3.0,5,2.5,E,13,17500000.0
"Imadol, L'",3.0,5,2.5,N,12,18500000.0
"Imadol, L'",3.1,5,2.5,E,13,19800000.0
"Bhatkepati, K'",3.3,5,2.0,S,13,17500000.0
"Dhapasi, K'",5.0,5,2.0,S,13,32500000.0
"New Baneshwor, K'",4.0,4,2.5,N,13,42500000.0
"Kadaghari, K'",3.0,2,1.0,W,13,12000000.0
"Kalanki, K'",4.2,4,2.5,E,13,28000000.0
"Dharmasthali, K'",5.0,5,2.5,NE,11,24000000.0
"Taulung, K'",6.0,6,2.5,NE,18,42500000.0
"Matatirtha, K'",5.0,4,2.5,N,13,33000000.0
"Imadol, L'",3.1,5,2.5,N,13,20700000.0
"Imadol, L'",3.0,4,2.0,S,13,18200000.0
"Syuchatar, K'",4.0,6,2.0,N,13,22400000.000000004
"Syuchatar, K'",4.0,6,2.5,NE,12,24500000.0
"Hattigauda, K'",5.0,7,2.5,W,12,32500000.0
"Budhanilkantha, K'",3.0,4,3.0,NE,10,29900000.000000004
"Ram Mandir, K'",2.5,5,2.5,W,10,26500000.0
"Mahadevsthan, K'",2.2,2,1.5,W,10,11000000.0
"Mahadevsthan, K'",3.2,2,1.5,W,15,11500000.0
"Katunje, B'",2.2,4,2.5,E,15,14000000.0
"Katunje, B'",5.0,5,2.0,S,13,13500000.0
"Balkot, B'",3.3,6,2.5,NE,20,25000000.0
"Khumaltar, L'",4.2,3,2.5,NE,13,21000000.0
"Mahadevsthan, K'",3.0,5,1.5,W,13,11500000.0
"Chamati, K'",4.2,6,3.5,W,12,30000000.0
"Kalimati, K'",3.0,6,5.0,E,15,50000000.0
"Kalimati, K'",3.0,4,2.0,W,20,22500000.0
"changu Narayan, K'",5.0,6,3.0,W,12,29000000.0
"Syuchatar, K'",3.2,7,3.5,S,15,28500000.0
"Maitidevi, K'",3.2,8,4.5,W,18,46500000.0
"Grande Hospital, K'",3.2,5,2.5,N,12,24500000.0
"Manamaiju, K'",3.2,6,3.5,N,13,22500000.0
"Basundhara, K'",3.1,7,2.5,W,10,28500000.0
"Samakhusi, K'",3.0,6,2.5,S,10,25000000.0
"Panchetar, K'",4.2,2,1.0,E,10,15500000.0
"Baluwakhani, K'",3.3,8,3.5,N,13,17000000.0
"Imadol, L'",3.0,4,2.5,NE,13,19000000.0
"Dhungedhara, K'",3.2,4,2.5,W,20,16000000.0
"Dhungedhara, K'",3.0,5,2.5,E,20,15500000.0
"Dhungedhara, K'",3.0,6,2.5,E,13,16500000.0
"Tinthana, K'",3.0,3,2.5,N,20,18000000.0
"Dawadi Gaun, K'",3.0,5,2.5,S,13,19000000.0
"Bafal, K'",3.2,6,2.5,E,13,22500000.0
"Putalisadak, K'",5.0,4,4.0,W,15,50000000.0
"Thankot, K'",3.0,6,2.5,W,13,12800000.0
"Mahadevsthan, K'",4.0,2,1.0,W,13,12000000.0
"Thankot, K'",3.2,3,1.0,E,13,9800000.0
"Thankot, K'",3.0,4,2.5,N,13,17000000.0
"Gothatar, K'",7.0,6,3.5,W,14,62500000.0
"Bhaisepati, L'",4.0,4,2.5,SE,16,38000000.0
"Naxal, K'",4.0,5,2.5,E,15,38000000.0
"Golfutar, K'",5.2,5,2.5,E,12,43000000.0
"Samakhusi, K'",4.0,6,2.5,E,12,30000000.0
"Bhaisepati, L'",3.2,3,2.5,W,20,27500000.0
"Pasikot, K'",5.2,4,2.5,E,20,30000000.0
"Nilopool, K'",4.2,8,3.0,SW,12,26000000.0
"Pasikot, K'",5.5,4,3.0,E,14,32000000.0
"Hepali Height, K'",5.0,6,3.0,W,14,41000000.0
"Dhapasi, K'",4.2,11,2.5,N,20,25000000.0
"Baluwatar, K'",5.2,9,5.0,W,26,70000000.0
"Golfutar, K'",3.0,3,2.5,W,26,22000000.0
"Bhangal, K'",3.0,6,2.5,E,10,19000000.0
"Chunikhel, K'",3.5,2,1.0,E,13,13000000.0
"Kapan, K'",4.3,5,2.5,N,13,20000000.0
"Gongabu, K'",3.0,5,2.5,NE,12,18500000.0
"Kapan, K'",3.0,4,2.0,W,6,12500000.0
"Bhangal, K'",4.0,4,2.0,W,13,18000000.0
"Chandol, K'",6.3,5,2.5,W,13,46000000.0
"Chappal karkhana, K'",7.0,7,3.5,W,12,38500000.0
"Sukedhara, K'",6.0,4,2.5,S,12,45000000.0
"Dhapasi, K'",5.0,4,2.5,E,12,33000000.0
"Bhaisepati, L'",3.2,4,2.5,S,24,28000000.0
"Bhangal, K'",5.0,5,3.0,NE,12,32000000.0
"Bhangal, K'",2.2,6,3.0,W,10,19000000.0
"Swayambhu, K'",3.1,5,2.5,W,15,24500000.0
"Taulung, K'",8.3,5,2.5,E,12,38000000.0
"Kapan, K'",3.0,5,2.5,W,15,27500000.0
"Dhapasi, K'",6.0,4,2.5,W,13,47500000.0
"Dhapasi, K'",4.1,5,2.5,S,13,28000000.0
"Maharajgunj, K'",4.0,4,2.5,N,20,49000000.0
"Tokha, K'",4.0,5,2.5,N,12,13500000.0
"Dhapasi, K'",3.0,5,3.0,SW,15,32000000.0
"Golfutar, K'",4.0,5,2.5,E,10,34000000.0
"Baluwatar, K'",2.2,6,3.0,E,12,22500000.0
"Grande Hospital, K'",4.1,6,2.5,SW,10,32799999.999999996
"Mandikhatar, K'",4.0,6,2.5,S,12,25000000.0
"Dhapasi, K'",7.0,5,2.5,W,13,40000000.0
"Sitapaila, K'",5.0,7,2.5,N,24,55000000.0
"Tokha, K'",4.0,5,2.5,W,13,21500000.0
"Hepali Height, K'",4.1,5,2.5,S,12,34500000.0
"Budhanilkantha, K'",5.2,4,2.5,E,15,32500000.0
"Golfutar, K'",4.0,6,2.5,S,13,34500000.0
"Shankhamul, K'",5.0,6,3.5,NE,12,32500000.0
"Banasthali, K'",5.0,6,2.5,W,14,29500000.0
"Tokha, K'",3.5,4,2.5,E,12,24500000.0
"Mandikhatar, K'",8.0,5,3.5,W,32,65000000.0
"Dhapasi, K'",3.0,5,2.5,S,12,21500000.0
"Banasthali, K'",6.0,6,2.5,N,13,49500000.0
"Thankot, K'",2.8,6,2.5,SE,13,18000000.0
"Thankot, K'",2.2,5,2.5,S,10,11500000.0
"Kalanki, K'",2.3,4,2.0,SE,13,13000000.0
"Thankot, K'",5.0,5,3.0,E,10,21000000.0
"Thankot, K'",2.3,4,2.5,N,11,13500000.0
"Thankot, K'",6.2,5,2.5,SE,11,17500000.0
"Thankot, K'",3.0,4,2.5,E,13,12000000.0
"Thankot, K'",3.2,4,2.5,W,13,14000000.0
"Bansbari, K'",6.0,6,3.0,S,10,36000000.0
"Chandol, K'",8.0,4,2.0,E,20,40000000.0
"Sitapaila, K'",4.5,5,2.5,E,20,26500000.0
"Chappal karkhana, K'",4.0,6,3.0,SE,10,35000000.0
"Hepali Height, K'",5.5,5,2.5,NW,16,43000000.0
"Dhapasi, K'",3.0,3,2.5,S,26,22000000.0
"Ramkot, K'",4.3,4,2.0,S,15,23000000.0
"Lainchaur, K'",6.2,5,2.5,S,15,55000000.0
"Naxal, K'",8.1,6,3.0,S,15,76000000.0
"Naxal, K'",4.0,6,2.5,S,15,38000000.0
"Syuchatar, K'",6.0,4,2.5,E,13,32000000.0
"Dhapasi, K'",3.0,6,2.5,S,12,32000000.0
"Budhanilkantha, K'",3.1,6,2.5,E,12,23500000.0
"Maitidevi, K'",3.5,8,4.0,W,20,46500000.0
"Samakhusi, K'",4.0,6,3.0,S,13,32000000.0
"Golfutar, K'",4.0,6,3.0,W,15,32500000.0
"Budhanilkantha, K'",3.5,7,2.5,W,12,48000000.0
"Samakhusi, K'",3.5,6,3.5,E,20,25000000.0
"Sukedhara, K'",4.0,5,2.5,N,12,42500000.0
"Hattigauda, K'",4.0,4,3.0,S,10,54000000.0
"Budhanilkantha, K'",6.0,5,2.5,W,12,95000000.0
"Chappal karkhana, K'",3.2,4,2.5,N,12,32000000.0
"Samakhusi, K'",4.0,6,2.5,W,15,32000000.0
"Thapathali, K'",10.0,4,2.5,W,18,69000000.0
"Bhaisepati, L'",4.2,2,1.0,N,16,28000000.0
"Nakhipot, L'",3.3,4,2.5,N,16,23000000.0
"Banasthali, K'",4.5,7,4.0,N,15,45000000.0
"Satdobato, L'",9.0,6,2.5,N,20,45000000.0
"Sanepa, L'",7.0,6,3.0,N,15,75000000.0
"Jawalakhel, L'",4.0,5,2.5,W,12,36000000.0
"Hattiban, L'",3.0,4,4.0,E,12,30000000.0
"Bouddha, K'",7.0,1,1.0,N,20,60000000.0
"Budhanilkantha, K'",6.0,1,1.0,S,16,45000000.0
"Sitapaila, K'",8.0,1,2.5,E,24,55000000.0
"Dhapasi, K'",4.5,6,2.5,S,10,32000000.0
"Hepali Height, K'",4.1,5,2.5,S,12,34000000.0
"Naxal, K'",4.0,6,2.5,SE,15,38000000.0
"Budhanilkantha, K'",5.5,7,3.0,S,12,45000000.0
"Hepali Height, K'",4.0,1,1.0,E,15,32000000.0
"Pasikot, K'",5.0,4,2.5,E,13,55000000.0
"Budhanilkantha, K'",7.8,7,3.0,E,12,70000000.0
"Budhanilkantha, K'",7.0,10,3.0,N,15,57000000.0
"Nakhu, L'",4.1,5,2.5,N,30,25000000.0
"Kupandole, L'",4.0,5,3.0,E,15,25000000.0
"Hattiban, L'",3.0,6,2.5,E,20,35000000.0
"Bhaisepati, L'",4.3,4,2.5,W,10,25000000.0
"Bhaisepati, L'",3.5,6,2.5,N,10,24500000.0
"Nakhipot, L'",3.1,4,2.5,W,13,21500000.0
"Sorhakhutte, K'",5.0,4,3.5,N,10,37000000.0
"Bhaisepati, L'",6.5,4,2.5,NW,13,37500000.0
"Bhaisepati, L'",4.0,3,2.5,W,13,27500000.0
"Hattiban, L'",3.0,5,2.5,N,22,28000000.0
"Kalanki, K'",4.2,4,1.0,E,10,18000000.0
"Basundhara, K'",4.0,6,3.5,W,10,37000000.0
"Imadol, L'",3.3,6,2.5,N,12,21500000.0
"Budhanilkantha, K'",6.0,5,2.0,E,20,77000000.0
"Gokarneswhor, K'",4.0,8,4.5,W,11,27000000.0
"Kusunti, L'",5.2,4,2.5,SW,15,42500000.0
"Sitapaila, K'",4.0,5,2.5,E,10,22000000.0
"Balambu, K'",4.0,4,2.5,E,13,22500000.0
"Rai Chowk, K'",3.7,6,2.5,E,12,25000000.0
"Sainbu, L'",4.7,4,2.0,SW,13,35000000.0
"Sitapaila, K'",3.7,6,2.5,NE,10,30000000.0
"Ramkot, K'",3.2,6,2.5,W,16,26000000.0
"Swayambhu, K'",4.5,6,2.0,NE,13,38000000.0
"Sitapaila, K'",2.5,6,3.0,W,13,22000000.0
"Sitapaila, K'",2.5,4,3.0,W,10,20000000.0
"Sitapaila, K'",4.5,6,2.5,S,12,27500000.0
"Sitapaila, K'",3.8,4,4.0,W,14,35000000.0
"Thankot, K'",3.0,8,2.5,E,13,22000000.0
"Thankot, K'",3.0,4,2.5,W,12,16500000.0
"Thankot, K'",4.5,8,3.5,E,13,18500000.0
"Thankot, K'",3.1,3,3.5,E,13,11500000.0
"Thankot, K'",3.5,7,3.0,E,13,17000000.0
"Dhungedhara, K'",3.0,5,3.0,N,13,33000000.0
"Sano bharyang, K'",3.5,6,2.5,E,12,31000000.0
"Sitapaila, K'",3.1,5,3.5,SE,14,23500000.0
"Bafal, K'",3.2,6,2.5,S,13,45000000.0
"Sitapaila, K'",3.0,4,2.5,W,16,30000000.0
"Baniyatar, K'",6.0,6,2.5,SE,12,60000000.0
"Kimdol, K'",5.3,5,2.5,SW,13,61500000.0
"Dallu, K'",5.3,5,2.5,SW,13,50000000.0
"Sitapaila, K'",5.3,5,2.5,SW,16,38500000.0
"Sano bharyang, K'",3.2,9,4.0,S,20,36000000.0
"Bafal, K'",4.0,6,3.5,NW,13,28500000.0
"Chamati, K'",3.1,7,2.5,N,20,35500000.0
"Sitapaila, K'",6.0,7,2.5,SW,18,55000000.0
"Sitapaila, K'",7.0,6,2.5,W,13,42500000.0
"Swayambhu, K'",6.0,4,2.5,S,20,26700000.0
"Sitapaila, K'",2.2,3,2.5,S,10,22500000.0
"Ramkot, K'",4.0,6,2.5,S,12,28500000.0
"Kalimati, K'",5.3,4,2.5,S,13,38000000.0
"Ramkot, K'",7.2,9,2.5,E,16,42000000.0
"Gongabu, K'",2.2,6,2.5,N,12,24500000.0
"Sangam Basti, L'",6.0,5,2.5,N,13,68000000.0
"Bansbari, K'",4.0,7,2.5,SE,13,45000000.0
"Nagarjun, K'",3.1,7,2.5,N,12,29900000.0
"Nagarjun, K'",4.0,8,2.5,NW,13,37500000.0
"Dallu, K'",3.2,4,2.5,SW,20,28500000.0
"Nagarjun, K'",10.2,6,2.5,NW,14,60000000.0
"Thulo Bharayang, K'",4.2,7,3.5,NE,13,41500000.0
"Sitapaila, K'",8.0,8,2.5,E,13,42000000.0
"Nagarjun, K'",3.0,6,2.5,N,13,31500000.0
"Radha Krishna, K'",3.0,5,2.5,S,13,26500000.0
"Sano bharyang, K'",5.5,6,2.5,SW,13,37500000.0
"Buddha Chowk, K'",3.0,6,3.0,NW,12,22500000.0
"Sano bharyang, K'",3.1,5,2.5,W,13,26000000.0
"Chamati, K'",2.5,8,2.5,E,20,29500000.0
"Swayambhu, K'",4.0,4,2.0,N,16,33500000.0
"Nagarjun, K'",4.0,4,2.5,E,13,30000000.0
"Sitapaila, K'",6.7,9,3.0,W,10,38500000.0
"Imadol, L'",3.0,5,2.0,E,13,27500000.0
"Imadol, L'",3.0,6,2.5,N,13,27500000.0
"Imadol, L'",5.0,7,3.0,E,13,34500000.0
"Sano bharyang, K'",4.2,5,2.5,SE,20,49000000.0
"Chamati, K'",2.5,5,3.0,S,20,27000000.0
"Sorhakhutte, K'",2.3,12,3.0,E,7,25000000.0
"Imadol, L'",3.5,6,2.5,E,13,27500000.0
"Bhaisepati, L'",5.0,7,3.5,SW,13,38000000.0
"Sitapaila, K'",4.5,8,2.5,S,13,39000000.0
"Baneshwor, K'",5.3,3,2.5,S,8,33000000.0
"Budhanilkantha, K'",2.2,3,2.5,S,13,14500000.0
"Hattiban, L'",3.0,5,3.5,S,13,21500000.0
"Sorhakhutte, K'",7.0,9,2.5,SE,8,65000000.0
"Sitapaila, K'",3.5,4,2.5,SE,14,28500000.0
"Bafal, K'",4.0,4,2.5,S,14,41000000.0
"Nagarjun, K'",2.7,4,1.0,N,13,25500000.0
"Nagarjun, K'",3.0,6,2.5,E,13,32000000.0
"Chandragiri, K'",4.0,6,2.5,E,13,26500000.0
"Chandragiri, K'",5.0,6,2.5,E,13,23500000.0
"Chamati, K'",2.3,7,2.5,E,16,26500000.0
"Sano bharyang, K'",5.0,6,2.5,W,13,39800000.0
"Hattiban, L'",5.5,5,1.0,E,13,34000000.0
"Kaushaltar, B'",4.0,5,2.5,N,10,32000000.0
"Syuchatar, K'",4.0,5,3.5,NE,13,39500000.0
"Sitapaila, K'",3.7,6,3.5,NW,13,28500000.0
"Sitapaila, K'",3.0,6,2.0,SW,13,26000000.0
"Sano bharyang, K'",2.3,5,2.0,E,14,30000000.0
"Satungal, K'",3.0,5,2.5,NE,10,19500000.0
"Satungal, K'",2.3,5,2.5,NE,10,18500000.0
"Naikap, K'",8.0,11,2.5,NE,13,46500000.0
"Bhaisepati, L'",3.1,5,2.0,NE,13,29000000.0
"Gokarneswhor, K'",4.5,11,3.0,SE,12,35000000.0
"Hattiban, L'",2.3,4,1.5,S,13,21500000.0
"Godamchaur, L'",3.2,6,2.5,S,13,29000000.0
"Sano bharyang, K'",3.0,4,2.5,N,13,22500000.0
"Sitapaila, K'",3.2,5,2.5,W,13,28500000.0
"Sitapaila, K'",9.0,5,2.5,N,16,55000000.0
"Bafal, K'",4.2,4,2.5,N,20,40000000.0
"Kuleshwor, K'",7.0,7,2.5,N,22,75000000.0
"Chandragiri, K'",5.1,6,3.5,N,13,27000000.0
"Bhaisepati, L'",8.0,6,2.5,NE,10,60000000.0
"Bhaisepati, L'",3.3,4,2.5,SW,14,37500000.0
"Imadol, L'",3.1,5,2.0,SE,13,28500000.0
"Sitapaila, K'",8.0,5,2.5,S,16,60000000.0
"Nagarjun, K'",3.0,8,2.5,E,13,31000000.0
"Nagarjun, K'",2.2,4,2.0,E,13,27500000.0
"Bafal, K'",3.0,5,2.5,W,12,28500000.0
"Sitapaila, K'",3.0,6,2.5,N,16,22000000.0
"Bafal, K'",4.0,7,3.0,N,13,28500000.0
"Nagarjun, K'",3.0,6,2.5,N,13,20500000.0
"Nagarjun, K'",2.2,4,3.0,S,16,18000000.0
"Sitapaila, K'",3.5,4,2.5,SE,13,35000000.0
"Nagarjun, K'",3.8,4,2.5,SE,13,24000000.0
"Nakhu, L'",5.2,4,2.5,NE,13,39000000.0
"Nagarjun, K'",6.0,9,3.5,E,13,47000000.0
"Sitapaila, K'",7.2,5,2.5,NE,16,50000000.0
"Sitapaila, K'",5.0,4,2.5,SE,16,37500000.0
"Ramkot, K'",3.3,4,2.5,SW,13,24000000.0
"Dallu, K'",3.0,4,3.5,N,13,29500000.0
"Sitapaila, K'",4.5,6,2.5,NE,22,33500000.0
"Raniban, K'",4.2,6,3.5,SW,20,42500000.0
"Raniban, K'",4.3,3,2.5,E,20,42500000.0
"Sitapaila, K'",3.5,5,2.5,E,13,29000000.0
"Bafal, K'",4.0,5,3.5,SW,13,28500000.0
"Lolang, K'",4.1,6,2.5,SW,10,18500000.0
"Thulo Bharayang, K'",3.0,4,3.0,E,13,28000000.0
"Thulo Bharayang, K'",3.2,5,2.5,S,10,32500000.0
"Ramkot, K'",4.0,6,3.5,NE,26,30500000.0
"Tarakeshwar, K'",3.2,6,2.5,NW,20,36000000.0
"Sitapaila, K'",3.0,4,3.5,E,13,26000000.0
"Sitapaila, K'",4.0,5,2.5,E,15,26500000.0
"Sano bharyang, K'",5.0,8,4.0,SW,16,43000000.0
"Sitapaila, K'",4.0,6,2.5,W,16,30500000.0
"Golfutar, K'",8.0,7,5.0,N,14,77500000.0
"Sitapaila, K'",3.2,7,2.5,E,13,23500000.0
"Dallu, K'",4.0,7,3.0,S,13,46500000.0
"Syuchatar, K'",4.5,7,3.0,S,10,22000000.0
"Dallu, K'",4.0,6,3.0,S,13,40000000.0
"Banglamukhi, K'",3.2,7,2.5,E,16,29000000.0
"Sano bharyang, K'",3.2,4,2.5,SE,14,27500000.0
"Nagarjun, K'",3.0,4,3.5,E,12,20000000.0
"Raniban, K'",5.5,5,3.0,N,18,62000000.0
"Magargaun, L'",3.3,4,3.0,W,13,30000000.0
"Raniban, K'",3.0,3,2.5,W,13,30000000.0
"Raniban, K'",5.0,5,2.5,S,22,47500000.0
"Hattigauda, K'",7.0,7,2.5,SE,22,30000000.0
"Hattiban, L'",5.0,4,2.5,E,22,26000000.0
"Chandragiri, K'",4.0,4,2.5,NE,13,25500000.0
"Syuchatar, K'",4.0,5,2.5,N,14,22000000.0
"Budhanilkantha, K'",5.0,5,2.5,S,13,37500000.0
"Ramkot, K'",3.0,5,3.0,N,12,18500000.0
"Swayambhu, K'",2.7,6,2.5,N,12,25000000.0
"Sano bharyang, K'",3.1,6,2.5,S,13,25000000.0
"Sitapaila, K'",3.1,6,2.5,S,20,35000000.0
"Nakhipot, L'",3.7,4,2.5,W,18,28500000.0
"Gairgaun, K'",4.5,8,1.0,W,13,23500000.0
"Tokha, K'",3.0,3,2.5,SE,16,22500000.0
"Tokha, K'",4.0,6,2.5,NW,13,27000000.0
"Grande Hospital, K'",3.3,4,3.0,SW,16,37000000.0
"Khumaltar, L'",4.0,6,3.0,E,13,35000000.0
"Khumaltar, L'",3.5,6,2.5,S,16,25000000.0
"Jharuwarasi, L'",6.0,4,3.0,E,20,16000000.0
"Bafal, K'",3.0,6,2.5,N,12,35000000.0
"changu Narayan, K'",3.1,5,2.5,SE,12,27500000.0
"Sitapaila, K'",4.0,6,2.5,W,10,33000000.0
"Kapan, K'",4.6,5,2.5,SW,15,47500000.0
"Tarakeshwar, K'",5.0,7,2.5,SE,18,23000000.0
"Sano bharyang, K'",10.0,8,3.5,W,14,50000000.0
"Nepaltar, K'",5.3,6,3.5,W,13,36500000.0
"Dahachowk, K'",4.0,4,3.0,E,13,18500000.0
"Budhanilkantha, K'",7.5,5,2.5,NE,13,55000000.0
"Sano bharyang, K'",4.5,6,3.5,SW,13,31500000.0
"Sano bharyang, K'",3.3,4,2.5,NE,13,27000000.0
"Sitapaila, K'",3.5,3,2.5,S,12,28000000.0
"Sitapaila, K'",3.0,5,2.5,S,16,23000000.0
"Kusunti, L'",5.4,4,2.5,NW,16,36500000.0
"Mahankal, K'",4.3,6,1.0,E,16,23000000.0
"Sitapaila, K'",4.3,6,2.5,SE,16,24000000.0
"Dallu, K'",4.7,5,3.5,W,16,40000000.0
"Budhanilkantha, K'",6.0,5,2.5,N,16,45000000.0
"Sano bharyang, K'",3.5,4,2.0,S,12,30000000.0
"Budhanilkantha, K'",7.5,4,3.5,SW,16,55000000.0
"Halchowk, K'",4.5,5,2.5,S,13,36000000.0
"Sitapaila, K'",5.3,6,2.5,NE,13,31500000.0
"Dhapasi, K'",4.0,6,2.5,SW,13,25000000.0
"Sano bharyang, K'",4.3,5,2.5,E,13,34000000.0
"Chhauni, K'",4.6,5,3.0,SE,20,27000000.0
"Raniban, K'",4.5,5,2.5,W,20,30000000.0
"Satungal, K'",3.6,5,2.5,E,16,18000000.0
"Satungal, K'",3.6,5,2.5,E,12,18000000.0
"Thankot, K'",3.0,2,2.5,E,16,14000000.0
"Halchowk, K'",4.3,4,2.5,N,16,26000000.0
"Swayambhu, K'",4.0,5,2.5,N,13,34000000.0
"Tahachal, K'",4.5,7,2.5,NE,16,55000000.0
"Tahachal, K'",4.5,7,2.5,N,16,52500000.0
"Kalanki, K'",4.5,4,2.5,SW,16,30000000.0
"Raniban, K'",4.5,5,2.5,N,16,30000000.0
"Tarakeshwar, K'",4.5,5,2.5,N,16,21000000.0
"Sitapaila, K'",4.5,4,2.5,N,16,26000000.0
"Bhatbhateni, K'",4.5,3,3.0,S,16,30000000.0
"Syuchatar, K'",4.7,4,2.5,S,16,16000000.0
"Sano bharyang, K'",6.3,5,2.5,NW,16,35000000.0
"Budhanilkantha, K'",8.0,5,2.0,N,16,48000000.0
"Imadol, L'",4.0,5,3.0,W,12,29000000.0
"Satdobato, L'",3.0,5,4.5,W,10,47500000.0
"Imadol, L'",2.3,4,2.5,W,10,19900000.0
"Bhaisepati, L'",7.0,4,2.5,NW,12,40000000.0
"Bhaisepati, L'",3.2,4,2.5,NW,13,33000000.0
"Budhanilkantha, K'",4.3,5,2.5,NE,14,40000000.0
"Gyaneshwor, K'",2.2,13,5.5,W,10,45000000.0
"Bhaisepati, L'",5.0,5,3.0,E,12,30000000.0
"Imadol, L'",5.2,6,3.0,NE,13,49900000.0
"Kharibot, K'",3.0,4,2.5,S,16,24500000.0
"Bafal, K'",4.0,4,4.0,SE,13,25000000.0
"Khumaltar, L'",4.0,4,2.5,SE,20,42500000.0
"Bhaisepati, L'",6.2,4,2.5,SE,12,65000000.0
"Bhaisepati, L'",4.2,4,2.5,SW,13,36000000.0
"Khumaltar, L'",5.0,6,3.5,NW,14,58000000.0
"Bhaisepati, L'",3.2,5,3.5,SE,12,25000000.0
"Bhaisepati, L'",5.2,4,3.0,SE,16,48000000.0
"Tahachal, K'",4.1,4,3.0,N,20,66500000.0
"Thecho, L'",7.0,5,3.5,E,12,85000000.0
"Bhaisepati, L'",5.0,4,2.5,NE,12,55000000.0
"Bhaisepati, L'",3.1,4,2.5,S,20,47500000.0
"Imadol, L'",3.2,5,3.0,S,13,29500000.0
"Sanepa, L'",5.0,5,2.5,NW,10,63500000.0
"Bhaisepati, L'",7.0,5,2.5,W,13,85000000.0
"Bhaisepati, L'",7.0,4,2.5,E,26,64000000.0
"Sunakothi, L'",4.0,3,2.5,N,20,35000000.0
"Kapan, K'",3.0,6,2.5,S,16,22000000.0
"Dhobighat, L'",3.0,4,2.5,S,16,37500000.0
"Hattiban, L'",6.0,5,2.0,S,20,80000000.0
"Satdobato, L'",4.2,6,3.5,SE,13,55000000.0
"Bhaisepati, L'",3.3,4,2.5,SW,13,55000000.0
"Sanepa, L'",9.0,5,2.5,SW,20,77500000.0
"Imadol, L'",4.1,5,2.5,S,13,31900000.0
"Sitapaila, K'",3.0,4,2.5,W,13,25000000.0
"Bhaisepati, L'",6.4,5,2.5,NW,13,62500000.0
"Hattiban, L'",2.2,4,2.5,N,12,28000000.0
"Bhaisepati, L'",5.0,6,2.5,S,25,48000000.0
"Imadol, L'",3.1,5,3.0,N,13,25000000.0
"Sanepa, L'",5.0,4,2.5,W,19,33500000.0
"Sanepa, L'",5.0,4,2.5,NW,19,35000000.0
"Bhaisepati, L'",4.0,4,2.5,NE,18,40000000.0
"Nakhipot, L'",7.0,5,2.5,E,13,60000000.0
"Imadol, L'",3.5,4,2.5,W,12,25000000.0
"Imadol, L'",3.3,5,2.0,E,12,27000000.0
"Gwarko, L'",3.0,5,2.5,N,12,27500000.0
"Hattiban, L'",3.3,6,2.5,NE,15,32500000.0
"Hattiban, L'",3.1,5,2.0,SW,13,28000000.0
"Imadol, L'",3.2,6,3.0,W,12,31000000.0
"Baneshwor, K'",5.0,4,2.5,S,13,40000000.0
"Tokha, K'",6.0,3,2.5,N,15,35000000.0
"Imadol, L'",5.2,6,2.0,E,20,31500000.0
"Ochu Height, L'",3.2,6,2.5,S,13,29000000.0
"Imadol, L'",4.2,5,3.0,E,20,42500000.0
"Bhaisepati, L'",4.0,4,2.0,SE,12,46500000.0
"Bhaisepati, L'",4.0,5,2.5,N,20,40000000.0
"Sanepa, L'",5.0,6,3.0,NE,16,59500000.0
"Nakhu, L'",5.0,4,2.5,E,13,39000000.0
"Setipakha, L'",4.0,8,3.0,E,13,32000000.0
"Setipakha, L'",4.0,8,3.0,E,13,32500000.0
"Sunakothi, L'",7.1,4,2.5,S,20,51500000.0
"Kalanki, K'",4.0,8,3.5,S,10,35000000.0
"Imadol, L'",4.3,4,2.5,E,20,32500000.0
"Bhangal, K'",3.1,5,2.5,N,13,32000000.0
"Sukedhara, K'",5.2,5,2.5,S,13,55000000.0
"Setipakha, L'",2.3,5,2.5,E,13,23000000.0
"Chandragiri, K'",3.3,3,2.0,E,20,17000000.0
"Imadol, L'",2.3,5,3.5,S,13,24000000.0
"Tikathali, L'",4.0,4,2.5,S,13,27500000.0
"Tikathali, L'",3.2,4,2.5,S,13,22500000.0
"Lubhu, L'",4.2,4,2.5,E,13,18000000.0
"Imadol, L'",3.2,3,2.5,S,14,25000000.0
"Setipakha, L'",3.1,1,1.0,NE,13,16500000.0
"Bhaisepati, L'",6.3,5,2.5,S,12,51000000.0
"Imadol, L'",7.0,5,2.5,E,20,59900000.0
"Bhaisepati, L'",3.2,5,2.5,N,13,27500000.0
"Sudal, B'",4.0,2,1.0,E,13,12700000.0
"Baluwatar, K'",4.0,4,2.5,SE,20,22500000.0
"Bhaisepati, L'",6.0,6,3.5,S,18,61000000.0
"Hattiban, L'",4.1,5,3.5,S,18,36900000.0
"Sunakothi, L'",2.3,3,2.0,E,20,23000000.0
"Budhanilkantha, K'",4.0,5,2.0,S,14,32000000.0
"Nil Barahi Mandir, B'",3.2,6,2.5,SW,20,15500000.0
"Dhapasi, K'",4.2,7,2.5,W,13,42500000.0
"Katyani Chowk, K'",7.0,9,2.5,E,24,65000000.0
"Gaurighat, K'",4.0,6,2.0,N,15,35000000.0
"Budhanilkantha, K'",3.2,6,3.0,S,16,28000000.0
"Lubhu, L'",3.0,2,1.5,S,13,13300000.0
"Imadol, L'",2.2,4,2.0,S,13,16000000.0
"Harisiddhi, L'",3.1,4,2.5,W,13,25000000.0
"Harisiddhi, L'",3.0,5,2.5,W,20,28000000.0
"Imadol, L'",3.2,5,2.5,SW,14,27000000.0
"Bhaisepati, L'",4.2,5,2.5,S,16,39900000.0
"Bhaisepati, L'",5.0,4,3.5,S,16,49900000.0
"Lubhu, L'",4.2,5,2.5,E,10,17000000.0
"Bhaisepati, L'",3.3,4,2.5,SW,20,42500000.0
"Sanagaun, L'",3.0,4,2.0,W,13,17000000.0
"Balkot, B'",5.0,5,2.5,SE,20,52500000.0
"Bageshwori, B'",5.0,7,2.5,S,13,25000000.0
"Bhangal, K'",4.2,7,2.5,W,13,32000000.0
"Tikathali, L'",3.2,6,3.0,S,18,25000000.0
"Imadol, L'",3.2,4,2.5,W,13,23500000.0
"Muhanpokhari, K'",3.2,7,3.0,S,20,20000000.0
"Samakhusi, K'",3.0,3,2.5,W,13,39000000.0
"Budhanilkantha, K'",6.0,5,2.5,N,12,33000000.0
"Chandol, K'",9.3,6,2.5,E,20,85000000.0
"Hepali Height, K'",5.0,4,3.5,N,16,60300000.0
"Imadol, L'",3.1,4,2.5,S,16,16500000.0
"Imadol, L'",3.1,4,2.5,NW,20,22500000.0
"Hepali Height, K'",6.2,6,2.5,S,13,33000000.0
"Mandikhatar, K'",9.1,8,3.5,SW,16,75000000.0
"Imadol, L'",3.1,5,3.0,W,13,27500000.0
"Bojepokhari, L'",3.2,6,2.5,E,12,28500000.0
"Hattigauda, K'",4.0,6,2.5,E,14,31500000.0
"Tikathali, L'",4.0,7,2.5,N,13,27500000.0
"Imadol, L'",3.0,6,3.5,E,13,23500000.0
"Thaiba, L'",5.2,6,2.5,NE,20,29000000.0
"Tikathali, L'",3.0,6,3.0,N,13,25500000.0
"Imadol, L'",4.0,3,2.5,N,20,32500000.0
"Imadol, L'",3.3,5,3.5,E,13,27000000.0
"Imadol, L'",3.1,4,2.5,W,13,24500000.0
"Imadol, L'",4.2,5,2.5,N,13,29500000.0
"Lasuntar, K'",4.0,5,2.5,NE,12,25000000.0
"Khumaltar, L'",6.0,6,2.5,S,13,45000000.0
"Imadol, L'",2.3,4,3.0,E,13,24000000.0
"Imadol, L'",2.2,4,3.0,N,13,23000000.0
"Imadol, L'",4.0,4,3.0,SW,13,26500000.0
"Tikathali, L'",4.1,5,2.5,NW,13,32000000.0
"Imadol, L'",3.0,5,2.5,E,13,29000000.0
"Imadol, L'",3.0,6,3.5,W,20,27500000.0
"Tikathali, L'",3.2,6,3.0,NE,13,25500000.0
"Imadol, L'",3.1,5,2.5,W,13,27500000.0
"Imadol, L'",3.2,5,3.0,W,26,34000000.0
"Nakhu, L'",3.2,4,2.5,E,20,27500000.0
"Imadol, L'",4.1,5,2.5,NE,20,42500000.0
"Sanagaun, L'",5.2,4,2.5,NE,13,16000000.0
"Samakhusi, K'",3.2,6,2.5,N,13,35500000.0
"Imadol, L'",3.0,6,2.5,NE,13,27500000.0
"Lubhu, L'",7.1,6,2.5,E,20,59000000.0
"Bhaisepati, L'",4.0,4,2.5,NW,20,28500000.0
"Taukhel, L'",4.0,5,3.0,W,12,27500000.0
"Hattiban, L'",3.1,6,2.5,S,13,28000000.0
"Hattiban, L'",4.0,6,2.5,NW,14,32500000.0
"Sundarbasti, K'",4.2,6,2.5,E,13,39000000.0
"Narayanthan, K'",4.0,4,2.5,W,20,42500000.0
"Katunje, B'",4.1,5,2.5,SW,13,34000000.0
"Dhapasi, K'",7.0,4,3.0,E,20,47500000.0
"Sundarbasti, K'",3.3,4,2.5,NE,13,34500000.0
"Nayapati, K'",6.1,11,2.5,W,20,29000000.0
"Imadol, L'",2.9,5,3.5,SW,13,26500000.0
"Satdobato, L'",6.0,4,2.0,S,15,15000000.0
"Nakhipot, L'",4.2,7,3.5,SE,16,42500000.0
"Khumaltar, L'",4.2,6,3.0,S,12,42000000.0
"Basundhara, K'",3.2,7,2.5,S,20,27500000.0
"Jyotinagar, K'",4.2,5,3.5,N,16,29500000.0
"Kuleshwor, K'",2.2,7,5.0,E,27,45000000.0
"Bansbari, K'",7.0,4,2.5,S,14,21000000.0
"Khumaltar, L'",4.3,6,2.5,N,16,39000000.0
"Dhapasi, K'",7.2,4,2.5,S,13,46000000.0
"Bhangal, K'",3.2,6,2.5,E,13,24000000.0
"Mahadevtar, K'",10.2,8,3.5,SW,13,60000000.0
"Budhanilkantha, K'",4.2,6,3.0,E,13,38500000.0
"Pasikot, K'",4.0,5,2.5,W,13,28000000.0
"Bhaisepati, L'",4.2,5,2.5,E,14,30000000.0
"Imadol, L'",2.3,3,3.5,N,13,23000000.0
"Satdobato, L'",3.0,5,2.0,E,20,26000000.0
"Budhanilkantha, K'",3.0,5,3.5,E,12,25500000.0
"Banasthali, K'",8.0,5,2.5,E,20,50000000.0
"Hattigauda, K'",5.2,4,2.5,E,13,33000000.0
"Phutung, K'",2.2,4,2.5,W,13,16000000.0
"Gurjudhara, K'",4.0,5,2.5,S,13,32500000.0
"Pasikot, K'",5.2,5,2.5,E,20,39000000.0
"Balkumari, L'",9.0,6,2.5,E,13,55000000.0
"Bhaisepati, L'",4.2,5,2.5,NW,16,42500000.0
"Imadol, L'",4.0,4,2.5,S,13,31000000.0
"Sitapaila, K'",5.0,5,2.5,S,13,35000000.0
"Balkhu, K'",3.2,4,2.5,E,20,37000000.0
"Tikathali, L'",3.0,6,2.5,E,13,28500000.0
"Imadol, L'",4.0,7,3.0,E,13,36500000.0
"Grande Hospital, K'",3.2,6,2.5,S,13,33000000.0
"Hattigauda, K'",6.0,5,2.0,S,20,62500000.0
"Hattigauda, K'",8.0,7,2.5,S,13,75000000.0
"Imadol, L'",3.1,3,2.5,W,30,35000000.0
"Imadol, L'",3.2,4,2.5,E,13,31000000.0
"Gwarko, L'",3.0,6,3.0,NE,13,23500000.0
"Gwarko, L'",3.0,4,3.5,W,13,29500000.0
"Budhanilkantha, K'",5.0,6,3.5,E,13,46500000.0
"Budhanilkantha, K'",4.0,6,3.0,S,13,31500000.0
"Uttardhoka, K'",4.0,5,2.0,S,20,15000000.0
"Budhanilkantha, K'",9.0,2,2.0,SE,13,22500000.0
"Imadol, L'",2.3,4,2.5,E,13,19000000.0
"Satdobato, L'",3.3,4,2.5,W,13,31000000.0
"Bhaisepati, L'",4.2,4,2.5,E,20,43500000.0
"Gwarko, L'",3.1,5,2.5,N,12,22000000.0
"Imadol, L'",4.0,5,3.0,E,13,31000000.0
"Sitapaila, K'",6.0,6,2.5,W,20,55000000.0
"Gongabu, K'",7.1,10,5.0,N,12,60000000.0
"Imadol, L'",3.0,5,2.5,N,13,28000000.0
"Ochu Height, L'",3.1,6,3.0,N,13,27500000.0
"Gwarko, L'",3.2,5,2.5,S,13,29500000.0
"Lubhu, L'",2.3,5,3.0,W,23,19500000.0
"Imadol, L'",4.0,6,2.5,E,16,28000000.0
"Imadol, L'",3.0,3,2.5,E,14,29000000.0
"Imadol, L'",3.2,5,3.0,E,13,29000000.0
"Imadol, L'",3.2,4,2.5,E,13,29000000.0
"Bhaisepati, L'",5.0,4,3.0,E,13,45000000.0
"Dhapasi, K'",2.3,4,2.5,NW,13,22500000.0
"Golfutar, K'",3.0,5,2.0,E,14,26000000.0
"Dadhikot, B'",4.3,8,3.5,SW,13,33000000.0
"Harisiddhi, L'",3.0,3,2.5,S,20,27000000.0
"Imadol, L'",4.1,5,2.5,S,13,27500000.0
"Mulpani, K'",2.2,5,2.5,E,12,16000000.0
"Bafal, K'",7.0,6,2.5,W,14,47000000.0
"Imadol, L'",3.1,4,2.5,S,13,25000000.0
"Imadol, L'",3.2,4,2.5,W,13,25000000.0
"Sanepa, L'",7.2,6,2.5,S,13,90000000.0
"Sitapaila, K'",4.0,9,3.5,N,12,23000000.0
"Lainchaur, K'",8.0,8,2.5,S,8,35000000.0
"Greenhill City, K'",4.0,8,4.5,W,11,27000000.0
"Sunakothi, L'",9.0,5,2.5,S,20,85000000.0
"Hattiban, L'",5.0,5,2.5,NW,20,70000000.0
"Hattiban, L'",3.3,3,2.5,NW,22,35000000.0
"Lolang, K'",3.0,11,2.5,W,10,18000000.0
"Dhapakhel, L'",3.0,6,2.0,N,16,25000000.0
"Shantinagar, K'",3.0,9,2.0,S,13,45000000.0
"Dakshindhoka, K'",3.0,3,2.5,NE,20,26000000.0
"Budhanilkantha, K'",4.0,6,2.5,W,13,34500000.0
"Budhanilkantha, K'",5.0,6,2.0,SW,14,37500000.0
"Mhaipi, K'",5.1,4,2.5,N,20,42500000.0
"Dadhikot, B'",5.0,4,2.5,E,10,30000000.0
"Mandikhatar, K'",8.0,6,2.5,NE,13,65000000.0
"Pasikot, K'",4.2,8,2.5,E,14,30000000.0
"Lolang, K'",3.0,11,2.5,SE,12,17500000.0
"Satungal, K'",4.2,4,2.5,NW,13,29500000.0
"Dhapakhel, L'",6.0,6,3.0,N,13,43000000.0
"Imadol, L'",3.1,6,2.5,E,13,31000000.0
"Imadol, L'",6.3,7,3.0,S,13,45000000.0
"Imadol, L'",3.0,5,2.5,S,13,26500000.0
"Imadol, L'",3.2,5,2.5,S,13,29500000.0
"Greenland Chowk, K'",5.0,5,2.0,SE,20,37500000.0
"Tikathali, L'",3.0,4,2.5,S,13,25500000.0
"Sanagaun, L'",2.3,5,2.5,S,20,22500000.0
"Tikathali, L'",3.0,9,2.5,E,13,28500000.0
"Deuba Chowk, K'",6.0,8,2.5,W,13,60000000.0
"Kageshwori, K'",2.2,3,2.0,E,13,16500000.0
"Budhanilkantha, K'",4.0,10,3.0,N,13,33500000.0
"Wasik, K'",5.0,9,2.0,W,13,27500000.0
"Bojepokhari, L'",3.0,7,2.5,N,13,22500000.0
"Imadol, L'",3.0,7,3.0,E,13,25000000.0
"Sanagaun, L'",5.3,6,3.0,E,15,28000000.0
"Imadol, L'",2.2,5,3.0,S,13,26000000.0
"Imadol, L'",3.0,4,3.0,W,13,28000000.0
"Imadol, L'",3.2,5,2.5,W,13,27000000.0
"Imadol, L'",3.3,5,3.0,NW,16,32500000.0
"Deuba Chowk, K'",7.0,4,2.5,S,14,65000000.0
"Imadol, L'",3.0,7,3.5,SW,13,27500000.0
"Thamel, K'",2.3,5,3.0,E,10,23000000.0
"Budhanilkantha, K'",5.2,4,2.5,SE,13,57500000.0
"Sitapaila, K'",4.0,4,2.5,W,13,50000000.0
"Mid Baneshwor, K'",3.0,5,2.5,S,14,17500000.0
"Narayanthan, K'",5.0,7,2.5,E,10,55000000.0
"Hepali Height, K'",4.3,6,3.0,W,13,46500000.0
"Sanepa, L'",2.5,3,3.0,SE,13,35000000.0
"Baluwatar, K'",6.0,8,3.5,S,10,76000000.0
"Manamaiju, K'",9.1,4,3.5,SE,13,73500000.0
"Greenhill City, K'",3.0,5,2.5,SE,13,23000000.0
"Budhanilkantha, K'",6.0,6,2.5,SW,14,39000000.0
"Sainbu, L'",4.0,7,3.0,SE,18,35000000.0
"Thali, K'",2.2,5,2.5,E,12,16000000.0
"Balkot, B'",3.3,5,3.0,W,13,28000000.0
"Budhanilkantha, K'",4.0,10,3.0,W,16,40000000.0
"Pasikot, K'",3.2,4,2.5,S,20,22500000.0
"Bhaisepati, L'",4.0,4,2.5,S,15,29000000.0
"Jyotinagar, K'",3.0,4,2.0,S,20,26500000.0
"Bagdurbar, K'",4.0,6,4.5,S,13,30000000.0
"Pepsicola, K'",6.2,6,3.5,S,20,55500000.0
"Bijulibajar, K'",6.0,8,4.0,SE,12,85000000.0
"Sundarbasti, K'",3.2,4,2.5,E,13,33800000.0
"Pepsicola, K'",5.0,5,2.5,N,13,29000000.0
"Harisiddhi, L'",3.2,5,2.5,E,13,26000000.0
"Ghattekulo, K'",3.2,6,3.5,E,18,32500000.0
"Bhangal, K'",5.1,7,3.0,SW,13,45000000.0
"Nakhudole, L'",4.2,4,2.0,S,4,15500000.0
"Baluwakhani, K'",3.2,6,2.5,W,10,27500000.0
"Lele, L'",6.4,4,2.5,SE,20,73000000.0
"Kapan, K'",4.0,5,2.5,SE,13,32000000.0
"Khusibu, K'",4.0,4,2.5,W,26,39000000.0
"Imadol, L'",9.0,6,2.5,E,13,60000000.0
"Nakhipot, L'",7.0,6,2.5,SE,13,46000000.0
"Sitapaila, K'",8.2,8,3.5,SE,12,49500000.0
"Pasikot, K'",5.0,8,3.5,S,13,28000000.0
"Samakhusi, K'",6.0,10,5.0,E,24,60000000.0
"Imadol, L'",2.3,3,3.0,E,13,21500000.0
"Baluwakhani, K'",3.0,4,3.0,SE,12,21500000.0
"Mahadevtar, K'",10.2,5,3.5,SW,13,60000000.0
"Sampang Chowk, L'",4.2,7,2.5,NE,13,38000000.0
"Ganesh Chowk, K'",6.0,8,3.5,N,20,58000000.0
"Bhaisepati, L'",5.0,7,3.0,S,20,42500000.0
"Makalbari, K'",3.3,8,3.0,SE,12,27500000.0
"Thaiba, L'",6.0,3,2.5,S,20,50000000.0
"Icimod, L'",4.3,6,2.5,W,13,39000000.0
"Imadol, L'",4.0,3,2.5,S,14,42500000.0
"Tahachal, K'",4.1,4,2.5,N,20,56500000.0
"Lasuntar, K'",4.1,4,2.5,E,13,31000000.0
"Imadol, L'",3.0,6,1.0,E,16,22500000.0
"Imadol, L'",7.0,4,2.5,S,16,45000000.0
"Lubhu, L'",3.0,5,2.5,S,13,22000000.0
"Imadol, L'",4.2,4,2.5,E,13,45000000.0
"Thecho, L'",9.3,6,2.5,S,12,85000000.0
"Nakhipot, L'",2.5,4,2.5,E,13,20000000.0
"Naxal, K'",4.0,3,2.5,W,13,55000000.0
"Bafal, K'",3.2,4,2.5,NE,14,37000000.0
"Banasthali, K'",4.0,6,3.0,E,13,34000000.0
"Budhanilkantha, K'",9.0,4,2.5,S,12,57500000.0
"Chundevi, K'",6.0,5,2.5,N,15,67500000.0
"Thankot, K'",5.0,6,2.5,W,10,22000000.0
"Sampang Chowk, L'",2.3,5,2.5,S,13,23000000.0
"Danchhi, K'",3.1,2,1.0,S,10,15000000.0
"New Baneshwor, K'",1.1,3,3.5,E,20,16800000.0
"Kadaghari, K'",3.0,1,2.5,S,15,17300000.0
"Hattigauda, K'",6.2,4,2.5,W,30,77000000.0
"Mahadevsthan, K'",5.0,6,2.5,S,10,22000000.0
"Pasikot, K'",3.8,5,2.5,E,13,31000000.0
"Pasikot, K'",4.0,5,2.5,SE,13,29900000.0
"Gothatar, K'",3.0,5,2.5,S,10,21000000.0
"Dharmasthali, K'",4.2,2,1.0,NE,13,13000000.0
"Dulal Gaun, K'",5.2,2,1.0,N,16,18500000.0
"Narayanthan, K'",4.0,2,1.0,S,20,17000000.0
"Dhalmal, K'",3.2,6,2.5,N,13,26500000.0
"Imadol, L'",4.0,5,2.5,S,13,19500000.0
"Sainbu, L'",7.3,5,2.5,NE,17,85000000.0
"Saraswotinagar, K'",3.0,3,2.0,W,27,23000000.0
"Thecho, L'",4.0,5,2.5,N,13,32500000.0
"Thecho, L'",4.0,4,2.5,S,10,26000000.0
"Imadol, L'",3.2,8,2.5,N,13,29500000.0
"Baluwatar, K'",8.2,6,2.5,E,14,68000000.0
"Dhapasi, K'",2.2,4,1.0,S,15,15500000.0
"Budhanilkantha, K'",3.2,6,2.5,E,13,34500000.0
"Hattigauda, K'",3.2,6,2.5,E,13,25000000.0
"Sainbu, L'",5.1,5,2.5,NE,14,36500000.0
"Golfutar, K'",7.0,5,2.0,NE,13,54900000.0
"Dhapasi, K'",9.2,6,2.5,E,13,75000000.0
"Chhauni, K'",6.0,4,2.0,W,12,37000000.0
"Dhapakhel, L'",4.0,6,3.5,S,20,38000000.0
"Mid Baneshwor, K'",7.0,5,2.5,E,26,67500000.0
"Gatthaghar, B'",5.2,5,2.5,W,13,40000000.0
"Hepali Height, K'",5.2,5,2.5,NE,15,55000000.0
"Kapan, K'",4.3,6,2.0,SE,13,31000000.0
"Thulo Bharayang, K'",3.3,4,2.5,SE,13,22000000.0
"Nakhipot, L'",3.2,6,2.5,S,20,33000000.0
"Nakhipot, L'",3.0,6,2.5,S,20,29000000.0
"Satdobato, L'",7.2,8,4.0,N,18,52500000.0
"Imadol, L'",3.4,6,2.5,NW,16,39900000.0
"Hattiban, L'",7.0,5,3.0,S,20,55000000.0
"Imadol, L'",3.1,7,2.5,S,20,27500000.0
"Naya Basti, K'",5.0,5,2.5,W,20,35000000.0
"Sukedhara, K'",4.0,4,2.5,S,13,38500000.0
"Kapan, K'",3.0,6,2.5,W,13,25000000.0
"Mandikhatar, K'",5.0,6,2.0,S,20,27500000.0
"Grande Hospital, K'",4.0,3,2.0,W,14,32500000.0
"Matatirtha, K'",3.0,2,1.5,NE,12,12000000.0
"Grande Hospital, K'",3.2,3,1.0,N,10,19000000.0
"Lambagar, K'",2.5,4,2.5,SE,8,16000000.0
"Budhanilkantha, K'",3.3,3,2.5,W,13,24500000.0
"Satungal, K'",3.0,7,3.0,SE,13,21000000.0
"Kapan, K'",3.2,6,3.5,E,12,39000000.0
"Bhaisepati, L'",3.8,5,2.5,W,14,45000000.0
"Ekatabasti, K'",3.0,6,2.5,E,13,31000000.0
"Sitapaila, K'",2.2,3,2.5,SE,13,23500000.0
"Balkumari, L'",4.3,5,3.0,S,13,47000000.0
"Birendra Chowk, K'",4.2,5,2.5,S,13,30500000.0
"Dhaneshwor, K'",3.2,7,2.5,S,12,20000000.0
"Kaushaltar, B'",3.0,4,2.5,S,12,30000000.0
"Nakhu, L'",4.1,4,2.5,SW,13,36000000.0
"Pasikot, K'",3.2,4,2.5,SE,13,28500000.0
"Gairgaun, K'",3.3,5,2.5,SE,13,22000000.0
"Dhalmal, K'",3.1,5,2.5,E,12,22000000.0
"Sanagaun, L'",4.0,6,2.5,W,16,19000000.0
"Gurjudhara, K'",4.0,8,2.5,SE,26,30000000.0
"Bansbari, K'",5.0,3,1.0,N,13,10000000.0
"Hattiban, L'",3.0,4,2.0,SE,14,20000000.0
"Aarubari, K'",4.0,5,2.5,E,12,35000000.0
"Imadol, L'",3.2,4,2.5,E,13,24000000.0
"Tokha, K'",3.0,6,2.5,W,13,26500000.0
"Imadol, L'",3.5,5,2.5,NE,12,26000000.0
"Bhangal, K'",5.0,5,2.5,E,20,40000000.0
"Matatirtha, K'",4.2,5,3.0,NW,13,29000000.0
"Dharmasthali, K'",3.2,3,1.0,W,13,13000000.0
"Gongabu, K'",4.0,5,3.5,S,12,35000000.0
"Kapan, K'",4.1,5,2.5,W,13,35500000.0
"Hattiban, L'",6.1,5,2.5,N,20,55000000.0
"Imadol, L'",5.0,4,3.0,N,13,36000000.0
"Goldhunga, K'",3.0,2,1.0,E,10,12000000.0
"Lubhu, L'",2.2,6,2.5,NE,13,17000000.0
"Imadol, L'",3.1,5,2.5,E,20,27500000.0
"Hattiban, L'",8.0,7,2.5,N,16,65000000.0
"Budhanilkantha, K'",4.0,6,2.5,E,13,36500000.0
"Nagarjun, K'",4.0,7,3.0,NE,30,38700000.0
"Tokha, K'",5.2,5,2.5,NE,12,45000000.0
"Hattigauda, K'",4.0,4,3.0,SE,13,30000000.0
"Kalopool, K'",3.8,2,1.0,SE,15,22000000.0
"Sitapaila, K'",3.3,6,2.5,W,20,26500000.0
"Kapan, K'",3.0,2,1.0,E,12,16500000.0
"Bhaisepati, L'",5.0,7,2.5,SW,20,36000000.0
"Pasikot, K'",3.0,5,2.5,W,18,23000000.0
"Chunikhel, K'",3.0,4,2.5,E,12,16000000.0
"Naikap, K'",8.2,7,3.0,N,13,47500000.0
"Thulo Bharayang, K'",4.0,5,2.5,S,12,29000000.0
"Khusibu, K'",3.1,5,2.5,E,15,34000000.0
"Narayantar, K'",3.0,5,3.0,E,13,24500000.0
"Bafal, K'",4.0,7,2.0,E,13,37500000.0
"Khumaltar, L'",4.2,6,2.5,E,20,42500000.0
"Imadol, L'",2.3,5,2.5,N,12,21500000.0
"Imadol, L'",4.0,5,2.5,N,13,37500000.0
"Gwarko, L'",4.0,7,3.5,NW,13,47500000.0
"Imadol, L'",2.3,4,2.5,S,13,23500000.0
"Koteshwor, K'",4.2,7,3.5,E,25,47000000.0
"Bafal, K'",8.0,6,3.0,S,20,90000000.0
"Nepaltar, K'",3.2,8,3.0,S,13,22400000.0
"Kapan, K'",3.3,7,2.5,S,13,26500000.0
"Dhapasi, K'",4.0,6,2.5,S,15,39900000.0
"Kuleshwor, K'",3.0,6,4.5,E,18,33500000.0
"Sano thimi, B'",4.0,6,2.5,S,18,49000000.0
"Makalbari, K'",6.1,5,2.5,N,12,37000000.0
"Imadol, L'",3.0,5,2.5,NW,20,27500000.0
"Bhaisepati, L'",6.0,4,2.5,S,20,64000000.0
"Durbar Marga, K'",7.0,12,2.5,W,14,40000000.0
"Taulung, K'",5.0,2,1.5,E,14,40000000.0
"Phutung, K'",4.0,4,2.5,S,20,29900000.0
"Bouddha, K'",6.2,7,3.0,E,20,45000000.0
"Budhanilkantha, K'",4.0,7,2.5,NE,13,38500000.0
"Narayantar, K'",3.2,7,2.5,SW,16,37500000.0
"Imadol, L'",3.0,4,2.5,E,20,25000000.0
"Nepaltar, K'",3.0,11,4.0,E,9,19600000.0
"Jarankhu, K'",5.0,5,3.0,E,22,28400000.0
"Nepaltar, K'",3.0,9,4.0,E,9,16200000.0
"Maitrinagar, K'",6.0,10,3.5,NE,13,55000000.0
"Thimi, B'",5.0,8,4.5,NW,20,50000000.0
"Bhangal, K'",4.0,4,2.5,W,12,27500000.0
"Kharibot, K'",5.0,7,3.0,E,16,42500000.0
"Dharmasthali, K'",4.0,4,2.0,N,20,21000000.0
"Imadol, L'",2.3,4,2.5,E,13,23000000.0
"Imadol, L'",3.3,5,2.5,S,20,42500000.0
"Setipakha, L'",3.1,4,2.5,NE,13,26500000.0
"Bhaisepati, L'",6.0,4,3.5,W,13,70000000.0
"Kapan, K'",4.0,2,1.0,S,15,24000000.0
"Ochu Height, L'",5.0,8,3.5,E,13,41000000.0
"Thapathali, K'",6.2,6,3.0,S,12,44500000.0
"Kharibot, K'",10.3,6,2.5,NE,13,45000000.0
"Manamaiju, K'",3.0,6,3.5,S,22,27500000.0
"Imadol, L'",3.2,4,2.5,E,20,45000000.0
"Budhanilkantha, K'",8.0,5,3.0,SW,20,68000000.0
"Jyotinagar, K'",5.1,4,2.5,E,13,46500000.0
"Hattigauda, K'",4.2,5,2.0,W,13,34500000.0
"Basundhara, K'",4.2,6,2.5,SE,16,42000000.0
"Imadol, L'",3.2,4,2.5,E,14,43000000.0
"Imadol, L'",3.0,5,2.5,W,13,25500000.0
"Imadol, L'",3.0,5,2.5,S,13,27500000.0
"Harisiddhi, L'",3.0,4,2.5,W,20,27000000.0
"Thaiba, L'",3.2,4,2.5,E,13,24000000.0
"Dhapasi, K'",3.2,4,2.5,N,14,29000000.0
"Chandol, K'",5.0,7,2.5,N,12,36000000.0
"Tyanglafat, K'",7.2,4,2.5,E,20,57000000.0
"Ganesh Chowk, K'",4.0,4,2.5,W,13,41700000.0
"Budhanilkantha, K'",3.1,6,2.5,E,13,29900000.0
"Imadol, L'",3.2,6,3.0,E,12,20000000.0
"Setipakha, L'",4.0,8,3.0,W,13,26500000.0
"Budhanilkantha, K'",8.0,9,3.0,N,13,55000000.0
"Sanagaun, L'",5.0,7,2.5,E,20,33500000.0
"Imadol, L'",2.5,1,1.0,S,10,14000000.0
"Tikathali, L'",3.0,5,2.5,S,13,25500000.0
"Imadol, L'",4.0,6,2.5,W,15,32500000.0
"Sitapaila, K'",3.1,4,2.5,N,18,22500000.0
"Tikathali, L'",3.0,7,2.5,S,13,23000000.0
"Pasikot, K'",4.0,5,2.5,SE,13,35000000.0
"Imadol, L'",3.1,4,2.5,S,20,26500000.0
"Sanagaun, L'",4.0,6,2.5,NE,13,29500000.0
"Tikathali, L'",3.1,2,1.0,NE,13,16000000.0
"Chapali, K'",2.3,6,3.5,E,13,27000000.0
"Tikathali, L'",3.0,4,2.5,S,13,23000000.0
"Sundarbasti, K'",4.2,6,3.5,NE,13,38800000.0
"Mandikhatar, K'",4.1,7,2.5,E,13,39800000.0
"Budhanilkantha, K'",5.0,5,2.5,W,13,43500000.0
"Syuchatar, K'",3.0,4,3.0,NW,10,23000000.0
"Kalanki, K'",3.0,5,2.5,S,10,23000000.0
"Pepsicola, K'",3.1,4,2.5,N,20,34000000.0
"Satungal, K'",2.2,3,3.0,E,4,15000000.0
"Baneshwor, K'",3.0,6,3.5,SW,20,38000000.0
"Mandikhatar, K'",4.0,6,2.5,S,13,37500000.0
"Tikathali, L'",4.2,8,3.0,N,13,42500000.0
"Imadol, L'",4.1,5,2.5,N,13,34500000.0
"Imadol, L'",3.0,5,3.5,N,13,26500000.0
"Imadol, L'",3.1,5,3.0,S,13,31500000.0
"Tikathali, L'",3.3,5,2.5,S,13,37500000.0
"Buddha Chowk, K'",5.2,5,2.5,E,13,39000000.0
"New Buspark, K'",6.0,6,2.5,W,4,40000000.0
"Chhauni, K'",3.2,5,2.5,S,13,35000000.0
"Bhaisepati, L'",4.1,4,3.0,W,20,58600000.0
"Balkot, B'",9.0,5,2.5,N,26,45000000.0
"Dhumbarahi, K'",5.2,8,3.5,NW,13,55000000.0
"Bansbari, K'",4.2,5,2.5,S,12,51000000.0
"Naya Basti, K'",3.2,5,2.5,N,10,26000000.0
"Dhapasi, K'",3.0,5,2.5,N,13,27000000.0
"Megha City, K'",3.2,3,1.5,N,13,12000000.0
"Imadol, L'",5.2,7,3.0,E,18,38500000.0
"Bansbari, K'",4.3,4,2.5,S,12,52000000.0
"Thaiba, L'",4.1,2,2.5,S,13,26000000.0
"Imadol, L'",3.2,5,3.5,E,13,31000000.0
"Imadol, L'",3.0,6,2.5,N,13,25500000.0
"Bojepokhari, L'",3.2,4,2.5,E,12,28500000.0
"Koteshwor, K'",5.0,10,4.0,E,27,85000000.0
"Sunakothi, L'",7.0,4,2.5,N,20,51500000.0
"Baniyatar, K'",3.3,7,2.5,SW,13,27000000.0
"Kapan, K'",3.2,6,2.5,N,13,29500000.0
"Budhanilkantha, K'",3.0,6,2.5,N,13,28000000.0
"Mandikhatar, K'",6.2,4,3.5,NW,13,43500000.0
"Kalanki, K'",3.1,5,2.5,E,13,23500000.0
"Bouddha, K'",4.0,4,3.5,SE,8,25000000.0
"Dhapasi, K'",6.0,4,2.5,E,20,51000000.0
"Sanepa, L'",6.7,5,2.5,NW,14,63500000.0
"Bhaisepati, L'",7.0,5,2.5,N,13,78000000.0
"Bhaisepati, L'",7.0,5,2.5,E,13,85000000.0
"Imadol, L'",3.0,5,2.5,E,13,25000000.0
"Tikathali, L'",3.0,2,1.0,N,13,16500000.0
"Budhanilkantha, K'",4.0,6,2.5,E,13,34500000.0
"Bafal, K'",2.2,6,2.5,N,12,23500000.0
"Kalanki, K'",4.2,4,3.0,N,13,38500000.0
"Tikathali, L'",2.3,9,2.5,E,13,21500000.0
"Dhapasi, K'",7.0,7,2.5,E,12,39000000.0
"Imadol, L'",3.0,5,3.5,W,20,27500000.0
"Mandikhatar, K'",3.1,6,3.0,N,13,29500000.0
"Chandragiri, K'",4.0,2,2.0,SE,10,16000000.0
"Maharajgunj, K'",10.0,6,2.5,NE,13,72500000.0
"Sundarbasti, K'",4.5,6,3.5,N,13,38500000.0
"Golfutar, K'",4.0,4,2.5,S,16,29500000.0
"Dhapasi, K'",4.0,6,2.5,E,15,25000000.0
"Imadol, L'",3.0,3,2.5,E,13,26000000.0
"Imadol, L'",3.3,6,2.5,W,23,32500000.0
"Imadol, L'",3.5,5,2.5,E,12,22500000.0
"Imadol, L'",4.2,6,2.5,S,13,40000000.0
"Imadol, L'",3.1,4,2.5,W,13,31500000.0
"Imadol, L'",3.2,5,2.5,W,13,33000000.0
"Tikathali, L'",4.1,7,2.5,NW,13,27000000.0
"Setipakha, L'",2.3,4,2.5,E,13,22500000.0
"Ochu Height, L'",3.3,6,2.5,S,16,33000000.0
"Raniban, K'",3.0,6,2.5,E,20,36000000.0
"Ochu Height, L'",4.0,6,2.5,W,16,37500000.0
"Nakhu, L'",5.0,4,2.0,E,13,39900000.0
"Changathali, L'",4.0,7,2.5,E,10,17000000.0
"Ochu Height, L'",3.2,5,2.5,S,13,24500000.0
"Imadol, L'",4.0,5,2.5,W,13,35000000.0
"Pasikot, K'",3.0,4,2.5,NW,20,32000000.0
"Sitapaila, K'",6.0,6,2.5,E,13,38000000.0
"Budhanilkantha, K'",3.0,6,2.5,W,13,28000000.0
"changu Narayan, K'",3.3,4,2.5,N,10,31000000.0
"Sitapaila, K'",5.1,4,2.5,E,13,38000000.0
"Pepsicola, K'",4.0,4,2.5,E,20,32500000.0
"Pasikot, K'",5.1,5,3.5,E,10,32500000.0
"Kharibot, K'",3.2,6,2.5,N,13,29000000.0
"Pasikot, K'",3.0,6,3.5,SE,20,28000000.0
"Balkumari, L'",4.5,3,4.5,NE,16,66000000.0
"Nepaltar, K'",3.0,7,3.5,E,11,21900000.0
"Nakhipot, L'",3.2,5,2.5,S,13,28000000.0
"Ramkot, K'",3.3,3,2.5,SE,10,17500000.0
"Nakhipot, L'",3.5,5,2.5,SW,20,27000000.0
"Hattiban, L'",3.2,6,2.5,S,13,25500000.0
"Tenzing Chowk, K'",4.0,5,2.5,E,13,36500000.0
"Mandikhatar, K'",3.1,6,2.5,W,13,29500000.0
"Old Baneshwor, K'",3.0,6,4.0,E,16,45000000.0
"Dhobikhola, K'",3.5,5,3.5,NE,27,46000000.0
"Hattigauda, K'",5.0,7,3.0,N,13,34500000.0
"Imadol, L'",4.0,4,2.5,W,13,35000000.0
"Kapan, K'",2.2,4,2.5,E,12,18800000.0
"Imadol, L'",3.0,5,2.5,E,10,27000000.0
"Phutung, K'",3.0,3,1.5,W,13,15000000.0
"Lolang, K'",3.0,8,2.5,W,10,25500000.0
"Balkumari, L'",2.3,5,4.5,N,25,33000000.0
"Tikathali, L'",3.1,6,2.5,N,13,25000000.0
"Imadol, L'",5.0,6,2.5,SW,13,37000000.0
"Kusunti, L'",5.2,4,2.5,E,13,39500000.0
"Imadol, L'",3.0,5,3.0,W,13,27500000.0
"Imadol, L'",2.3,4,3.0,N,10,22000000.0
"Dhapasi, K'",3.0,4,2.5,W,20,12000000.0
"Bagbazar, K'",5.1,4,5.5,NE,12,70000000.0
"Sukedhara, K'",5.2,4,2.5,S,13,55000000.0
"Satdobato, L'",6.1,5,2.5,W,13,45000000.0
"Bistachhap, L'",4.0,8,2.5,S,13,13500000.0
"Imadol, L'",3.3,5,2.5,S,13,32500000.0
"Imadol, L'",4.0,4,2.5,E,16,37500000.0
"Thankot, K'",3.0,2,1.0,NE,10,14500000.0
"Maharajgunj, K'",4.0,4,2.0,E,14,24000000.0
"Dhumbarahi, K'",4.0,3,2.5,E,10,38000000.0
"Kapan, K'",4.0,6,2.4,W,13,29500000.0
"Kalanki, K'",4.2,5,2.0,NE,20,25500000.0
"Kapan, K'",4.0,8,3.5,N,12,31000000.0
"Imadol, L'",4.0,4,2.5,SE,20,42500000.0
"Maharajgunj, K'",3.0,4,2.5,W,20,30000000.0
"Budhanilkantha, K'",4.0,6,2.5,S,13,34500000.0
"Sunakothi, L'",3.2,4,2.5,SE,20,37500000.0
"Bhaisepati, L'",5.0,5,2.5,S,14,85000000.0
"Hattigauda, K'",6.1,7,2.0,NE,14,34500000.0
"Panipokhari, K'",3.2,7,3.5,NE,18,65000000.0
"Gokarneswhor, K'",4.0,6,3.5,W,32,30000000.0
"Pasikot, K'",4.0,5,2.5,E,13,34000000.0
"Dhumbarahi, K'",8.0,9,2.0,SE,12,67500000.0
"Budhanilkantha, K'",6.0,6,2.0,S,16,47000000.0
"Gongabu, K'",4.0,6,4.0,W,20,60000000.0
"Khadka Gaun, K'",4.0,5,2.0,W,13,33000000.0
"Budhanilkantha, K'",4.0,6,2.5,N,13,34000000.0
"Lazimpat, K'",4.3,6,2.5,NE,12,42000000.0
"Sunakothi, L'",5.0,3,2.5,NE,20,37500000.0
"Bhaisepati, L'",6.0,4,2.5,NE,13,78000000.0
"Hattigauda, K'",6.2,4,2.5,W,20,77000000.0
"Syuchatar, K'",4.0,4,2.5,SE,18,38000000.0
"Gwarko, L'",2.3,2,1.0,S,13,15500000.0
"Imadol, L'",3.0,4,2.5,E,13,23500000.0
"Thaiba, L'",3.3,4,2.5,S,20,18000000.0
"Ochu Height, L'",3.2,5,2.5,S,13,27000000.0
"Koteshwor, K'",4.0,5,4.0,S,6,41500000.0
"Bhaisepati, L'",6.0,4,2.0,W,13,78000000.0
"Chardobato, B'",4.2,6,3.5,S,20,41000000.0
"Mandikhatar, K'",4.3,4,2.5,W,13,40000000.0
"Deuba Chowk, K'",6.0,6,3.0,N,13,43500000.0
"Dhapasi, K'",10.0,4,2.0,E,13,58000000.0
"Gothatar, K'",4.0,8,2.5,N,10,38000000.0
"Grande Hospital, K'",3.2,12,3.0,NW,13,30000000.0
"Sainbu, L'",4.0,5,2.5,N,15,30000000.0
"Thali, K'",3.5,4,2.5,N,10,15500000.0
"Kapan, K'",4.1,6,2.5,NE,13,29500000.0
"Khumaltar, L'",5.0,3,3.0,S,13,55000000.0
"Gaurighat, K'",3.0,4,2.5,W,13,23000000.0
"Gwarko, L'",3.1,4,2.5,S,13,27000000.0
"Imadol, L'",4.0,5,2.5,N,13,29000000.0
"Imadol, L'",3.2,4,2.5,E,13,27500000.0
"Narayantar, K'",4.2,12,3.5,E,12,35000000.0
"Thali, K'",3.2,2,1.0,W,10,13300000.0
"Dhapasi, K'",10.0,4,2.0,E,13,61000000.0
"Suryabinayak, B'",6.0,8,3.0,SE,10,82000000.0
"Budhanilkantha, K'",5.3,6,3.5,NE,27,46000000.0
"Lubhu, L'",2.2,5,2.5,NE,13,17000000.0
"Jarankhu, K'",3.2,4,2.5,SW,10,16000000.0
"Katunje, B'",8.0,5,2.5,N,13,35000000.0
"Chyau Danda, L'",3.0,4,2.5,S,20,24000000.0
"Naya Basti, K'",4.0,5,2.5,N,10,33000000.0
"Nagdaha, L'",4.0,4,2.5,S,20,41500000.0
"Thecho, L'",4.0,4,2.5,N,16,19000000.0
"Mandikhatar, K'",8.0,5,2.5,NE,13,65000000.0
"Icimod, L'",4.0,5,2.5,W,13,30500000.0
"Imadol, L'",4.0,3,2.5,N,26,40000000.0
"Godawari, L'",5.0,5,2.5,N,20,41900000.0
"Chunikhel, K'",3.0,7,3.5,S,10,25000000.0
"Gairgaun, K'",5.0,4,2.5,N,12,51000000.0
"Chabahil, K'",6.2,4,2.5,W,8,35000000.0
"Matatirtha, K'",4.0,3,1.0,NE,13,18000000.0
"Bansbari, K'",6.2,6,2.5,SE,13,55000000.0
"Bhaisepati, L'",4.2,3,2.5,SE,10,55000000.0
"Swayambhu, K'",2.2,5,2.5,S,20,27500000.0
"Bafal, K'",5.0,5,3.0,S,13,36500000.0
"Chapali, K'",6.0,5,2.5,S,13,61500000.0
"Chandragiri, K'",3.2,6,2.5,SE,10,17000000.0
"Imadol, L'",3.0,4,2.5,W,13,25500000.0
"Imadol, L'",4.0,5,2.5,E,13,32500000.0
"Imadol, L'",3.5,6,3.0,S,13,26500000.0
"Hattiban, L'",3.2,5,2.5,SE,13,20500000.0
"Manamaiju, K'",4.2,6,2.5,SW,12,25000000.0
"Tripureshwor, K'",5.0,4,2.5,N,8,32000000.0
"Budhanilkantha, K'",8.3,5,2.0,SW,13,51500000.0
"Dhapasi, K'",10.0,4,2.5,E,13,58000000.0
"Kupandole, L'",5.0,10,4.5,E,20,64000000.0
"Banasthali, K'",2.5,3,4.0,E,13,23500000.0
"Kumaripati, L'",6.0,7,3.5,S,15,45000000.0
"Swayambhu, K'",3.1,6,3.5,NW,10,31500000.0
"Swayambhu, K'",3.0,6,3.5,N,10,29500000.0
"Shantinagar, K'",5.3,11,4.0,S,9,49800000.0
"Sundarbasti, K'",3.2,8,3.5,S,13,27000000.0
"Taukhel, L'",4.2,5,2.5,W,20,38000000.0
"Tahachal, K'",2.2,2,1.0,E,10,13500000.0
"Sundarbasti, K'",5.0,6,2.5,N,20,39500000.0
"Kapan, K'",5.3,6,3.0,SE,13,32500000.0
"Imadol, L'",3.2,5,2.5,W,20,27000000.0
"Imadol, L'",3.3,4,2.5,NW,13,28500000.0
"Imadol, L'",4.2,6,2.5,NE,13,25000000.0
"Imadol, L'",3.0,5,3.0,SE,13,27500000.0
"Bhangal, K'",3.3,5,2.5,S,13,29000000.0
"Sundarbasti, K'",4.0,5,2.5,E,20,29800000.0
"Jhaukhel, B'",4.1,2,3.0,NE,10,14000000.0
"Imadol, L'",3.2,4,2.5,S,13,27500000.0
"Imadol, L'",3.1,5,2.5,N,13,26000000.0
"Tyanglafat, K'",3.0,7,2.5,NE,10,24500000.0
"Kageshwori, K'",3.0,5,3.0,W,13,25500000.0
"Chandragiri, K'",4.0,4,2.5,E,13,22500000.0
"Chandragiri, K'",3.0,6,2.0,S,12,13100000.0
"Nayapati, K'",4.0,4,2.5,W,20,33000000.0
"Thaiba, L'",3.1,5,2.5,E,13,22000000.0
"Imadol, L'",3.1,4,2.5,N,13,23500000.0
"Imadol, L'",4.0,6,2.5,S,13,42500000.0
"Chandragiri, K'",3.0,5,2.5,W,10,19000000.0
"Tokha, K'",3.3,5,2.5,W,10,23000000.0
"Budhanilkantha, K'",5.0,6,2.5,SE,15,40000000.0
"Thulo Bharayang, K'",3.0,4,2.5,W,13,30000000.0
"Chappal karkhana, K'",10.0,4,2.5,SE,14,62000000.0
"Pasikot, K'",5.1,5,2.5,S,14,38000000.0
"Nakhipot, L'",3.2,9,2.5,E,20,25500000.0
"Imadol, L'",2.3,6,2.5,W,13,21000000.0
"Dhobighat, L'",9.0,5,2.5,S,12,76500000.0
"Budhanilkantha, K'",2.0,6,2.5,W,12,25000000.0
"Gairgaun, K'",3.1,6,3.0,N,10,25000000.0
"changu Narayan, K'",2.3,6,2.5,NW,13,25000000.0
"Gongabu, K'",3.0,5,4.0,NE,13,29000000.0
"Bhaisepati, L'",3.3,5,2.5,SW,15,31000000.0
"Budhanilkantha, K'",9.0,5,2.5,N,18,45000000.0
"Goldhunga, K'",2.2,5,2.5,E,13,15000000.0
"Bhaisepati, L'",5.2,5,2.5,SE,16,55000000.0
"Bhaisepati, L'",3.3,4,2.5,SE,13,32500000.0
"Lolang, K'",4.3,8,3.5,E,10,25000000.0
"Thado Dhunga, L'",9.0,5,2.5,SW,20,77500000.0
"Sunakothi, L'",6.0,3,2.5,SE,20,42500000.0
"Bhaisepati, L'",3.3,5,2.5,N,22,35000000.0
"Bagdol, L'",5.3,7,2.5,SE,20,54000000.0
"Budhanilkantha, K'",5.0,5,2.5,NW,15,45000000.0
"Pasikot, K'",5.1,5,2.5,SW,14,38000000.0
"Bhangal, K'",3.3,4,2.5,W,13,29500000.0
"Baluwakhani, K'",4.0,6,2.5,E,13,34500000.0
"Aakasedhara, K'",3.1,4,3.5,N,13,28500000.0
"Katunje, B'",3.0,6,3.0,SE,20,20500000.0
"Rudreshwor, K'",5.1,4,2.5,S,13,50000000.0
"Golfutar, K'",3.2,5,2.5,W,16,29000000.0
"Bhaisepati, L'",4.2,4,2.5,SW,15,31000000.0
"Bauthali, K'",4.1,6,2.5,W,12,25000000.0
"Raniban, K'",3.5,6,3.5,SW,14,31000000.0
"Goldhunga, K'",3.0,4,2.5,N,12,29500000.0
"Tikathali, L'",3.2,5,2.0,E,13,29500000.0
"Kalopool, K'",4.2,2,1.0,S,4,30000000.0
"Bhaisepati, L'",5.3,3,2.5,SW,16,62500000.0
"Sitapaila, K'",4.0,5,2.5,SE,13,31000000.0
"Nakhudole, L'",4.0,3,2.5,W,20,29000000.0
"Imadol, L'",3.1,4,2.0,N,13,26000000.0
"Bhaisepati, L'",4.0,5,2.0,SW,13,41000000.0
"Mandikhatar, K'",5.0,5,2.5,E,14,44500000.0
"Jyotinagar, K'",3.5,6,2.5,S,13,31500000.0
"Budhanilkantha, K'",4.3,5,2.5,W,13,40000000.0
"Naya Basti, K'",6.1,8,3.5,SW,20,50000000.0
"Bhaisepati, L'",3.3,4,2.5,SW,13,32500000.0
"High Vision Colony, K'",3.5,4,2.5,E,10,26000000.0
"Sitapaila, K'",7.0,4,2.5,S,13,37500000.0
"Bhaisepati, L'",3.3,5,2.5,W,22,35000000.0
"Kupandole, L'",5.0,8,5.0,E,22,48000000.0
"Syuchatar, K'",5.2,6,3.0,E,13,32500000.0
"Sunakothi, L'",4.1,5,2.5,E,20,35000000.0
"Bhaisepati, L'",5.0,4,2.5,E,20,41000000.0
"Gahana Pokhari, K'",6.3,6,2.0,S,11,70000000.0
"Hattiban, L'",8.0,4,2.0,N,32,85000000.0
"Bistachhap, L'",9.2,4,2.5,E,20,22000000.0
"Battisputali, K'",10.0,5,2.5,S,13,95000000.0
"Sundarbasti, K'",5.0,5,2.5,NE,13,39000000.0
"Besigaun, K'",3.1,6,2.5,SE,13,27000000.0
"Gokarneswhor, K'",3.0,2,1.0,E,13,13000000.0
"Kusunti, L'",5.5,4,2.0,NE,13,40500000.0
"Khusibu, K'",2.2,6,4.0,E,26,32500000.0
"Pasikot, K'",6.0,6,2.5,SE,13,33000000.0
"Budhanilkantha, K'",6.2,6,2.5,NE,15,62500000.0
"Baniyatar, K'",3.0,4,2.5,W,10,20500000.0
"Bansbari, K'",7.0,4,2.5,S,13,50000000.0
"Imadol, L'",3.3,5,2.5,NE,13,26000000.0
"Imadol, L'",3.1,3,2.5,N,13,23500000.0
"Satdobato, L'",9.1,12,4.5,E,10,70000000.0
"Gaushala, K'",4.0,11,2.5,E,13,32500000.0
"Goldhunga, K'",4.0,4,2.5,N,20,32000000.0
"Dhumbarahi, K'",3.5,5,2.5,S,20,25000000.0
"Ganesh Chowk, K'",3.5,5,2.5,SW,14,32500000.0
"Nagarjun, K'",3.1,4,2.5,NE,16,25000000.0
"Pepsicola, K'",2.3,5,2.5,E,20,29000000.0
"Wasik, K'",5.2,5,3.0,SW,13,41000000.0
"Thaiba, L'",5.2,4,2.5,SW,20,50000000.0
"Basundhara, K'",6.3,7,3.5,S,20,87500000.0
"Bhaisepati, L'",5.0,8,3.5,E,10,35000000.0
"Narayantar, K'",8.1,8,4.0,NW,12,53500000.0
"Sukedhara, K'",4.0,6,2.5,S,14,39000000.0
"Ranibari, K'",4.0,6,3.0,W,22,35000000.0
"Goldhunga, K'",3.2,5,2.5,W,10,25000000.0
"Bhaisepati, L'",6.0,6,2.5,SE,20,75000000.0
"Baluwakhani, K'",4.0,3,2.5,E,13,31500000.0
"Tenzing Chowk, K'",3.3,6,2.0,E,13,26500000.0
"Sukedhara, K'",5.0,6,2.5,W,14,35000000.0
"Rudreshwor, K'",5.1,5,2.5,E,13,49000000.0
"Bafal, K'",4.0,7,2.5,W,13,28500000.0
"changu Narayan, K'",2.2,4,2.5,W,9,21500000.0
"Basanti Chowk, K'",3.0,4,2.5,S,10,22000000.0
"Tindhara, K'",3.0,6,2.5,N,26,22000000.0
"Buddha Chowk, K'",3.0,4,2.5,W,10,24000000.0
"Hattigauda, K'",6.2,4,3.0,NE,13,36500000.0
"Dhapakhel, L'",3.3,6,2.5,E,13,27000000.0
"Gwarko, L'",3.1,5,3.0,S,13,27000000.0
"Matatirtha, K'",5.1,3,3.0,S,26,20000000.0
"Imadol, L'",7.0,5,2.5,NE,20,36000000.0
"Sitapaila, K'",4.0,5,3.5,N,10,27000000.0
"Bhaisepati, L'",3.0,5,2.0,W,12,30000000.0
"Bhaisepati, L'",5.0,5,2.5,W,20,51000000.0
"Kapan, K'",4.1,6,3.0,E,13,29800000.0
"Imadol, L'",3.0,5,2.5,E,13,23500000.0
"Satdobato, L'",10.0,13,4.5,S,13,70000000.0
"Syuchatar, K'",3.2,6,2.5,S,13,25000000.0
"Sitapaila, K'",4.1,4,2.5,SE,16,27500000.0
"Sitapaila, K'",4.2,4,2.5,S,16,29500000.0
"Purano Naikap, K'",6.2,7,3.0,NE,13,48000000.0
"Battisputali, K'",3.5,7,3.0,W,20,32000000.0
"Sitapaila, K'",5.0,5,2.5,E,13,31500000.0
"Thulo Bharayang, K'",2.2,3,1.0,S,10,15000000.0
"Jorpati, K'",3.2,5,2.5,S,10,23000000.0
"Balaju, K'",9.1,6,2.5,W,10,57500000.0
"Sitapaila, K'",2.3,3,2.5,NE,4,12000000.0
"Naikap, K'",3.1,4,2.5,N,10,20000000.0
"Machhapokhari, K'",4.0,4,2.5,E,10,30000000.0
"Gothatar, K'",3.2,6,3.5,SE,10,26800000.0
"Dhapakhel, L'",4.0,6,2.5,SW,20,30000000.0
"Kageshwori, K'",3.2,6,3.5,E,20,31000000.0
"Pepsicola, K'",4.2,3,3.5,NE,36,50000000.0
"Budhanilkantha, K'",8.0,13,2.5,W,13,53500000.0
"Satdobato, L'",3.0,4,2.5,E,13,26000000.0
"Bafal, K'",3.1,5,2.5,W,13,24000000.0
"Maharajgunj, K'",3.7,2,2.5,SE,12,30000000.0
"Budhanilkantha, K'",4.0,4,2.5,W,15,36000000.0
"Manamaiju, K'",4.0,6,3.5,N,12,27500000.0
"Dhapasi, K'",5.0,6,2.5,S,18,42500000.0
"Maharajgunj, K'",4.0,5,2.5,S,16,45000000.0
"Kadaghari, K'",3.2,6,2.5,N,13,27000000.0
"Dhapasi, K'",3.2,4,2.5,E,16,28500000.0
"Lolang, K'",3.0,4,3.0,NE,12,35500000.0
"Tokha, K'",4.2,4,2.5,E,13,29000000.0
"Nakhipot, L'",4.2,5,2.5,W,20,32000000.0
"Goldhunga, K'",4.2,4,2.5,E,20,30000000.0
"Italitar, K'",8.1,5,3.0,E,20,77500000.0
"Machhe Gaun, K'",3.0,8,3.0,W,13,14000000.0
"Rudreshwor, K'",5.1,4,3.0,E,16,50000000.0
"Imadol, L'",3.0,2,1.0,S,13,16500000.0
"Nakhipot, L'",3.0,4,3.0,S,13,24000000.0
"Chapali, K'",3.3,5,3.0,NE,13,28000000.0
"Phulbari Colony, K'",10.0,6,2.5,SE,20,92000000.0
"Jarankhu, K'",4.0,7,3.5,W,13,35000000.0
"Koteshwor, K'",3.0,6,2.5,N,26,27500000.0
"Charkhal, K'",4.0,8,3.0,SE,13,28500000.0
"Hattigauda, K'",6.1,7,2.5,S,14,36500000.0
"Hattigauda, K'",5.0,6,2.5,NE,15,45000000.0
"Matatirtha, K'",8.0,8,2.5,S,16,20000000.0
"Balkhu, K'",8.0,7,2.5,W,20,72000000.0
"Golfutar, K'",3.2,4,2.5,S,16,25000000.0
"Taukhel, L'",4.2,4,2.5,N,8,30000000.0
"Chhauni, K'",3.2,5,2.5,E,13,26000000.0
"Mandikhatar, K'",2.7,6,2.5,S,13,18500000.0
"Deuba Chowk, K'",4.3,5,2.5,S,13,45000000.0
"Hattigauda, K'",5.0,6,3.0,N,13,45000000.0
"Nakhu, L'",5.0,4,2.5,E,13,39500000.0
"Hepali Height, K'",4.2,3,3.0,SW,20,45000000.0
"Bhadrabas, K'",3.0,2,1.0,W,20,12500000.0
"Dhapasi, K'",4.0,5,3.0,SE,20,41000000.0
"Bhaisepati, L'",3.3,4,3.0,E,13,38000000.0
"Dhapasi, K'",4.0,6,3.0,E,13,37500000.0
"Hattigauda, K'",6.2,6,2.5,E,14,65000000.0
"Hattiban, L'",8.0,4,2.0,S,20,90000000.0
"Balkhu, K'",2.3,3,2.5,N,20,24900000.0
"Bhaisepati, L'",5.0,4,2.0,S,16,45000000.0
"Rudreshwor, K'",6.0,5,3.0,S,13,59500000.0
"Jarankhu, K'",4.0,8,3.5,N,13,35000000.0
"Paiyatar, K'",4.3,5,2.5,W,12,30000000.0
"Budhanilkantha, K'",5.1,4,2.5,E,15,50000000.0
"Ganesh Chowk, K'",5.2,5,2.5,SW,13,45000000.0
"Hattiban, L'",4.2,4,2.5,SW,20,46500000.0
"Kalikasthan, K'",1.3,4,2.5,E,30,25000000.0
"Budhanilkantha, K'",4.1,5,2.5,S,13,29800000.0
"Dhapasi, K'",4.0,4,2.5,NE,13,23000000.0
"Bhadrabas, K'",4.0,2,1.0,N,20,12500000.0
"Bagdol, L'",6.0,7,3.5,E,16,55000000.0
"Ganesh Chowk, K'",6.1,6,2.5,NE,12,67500000.0
"Kapan, K'",5.0,6,3.5,N,13,36000000.0
"Siddhartha Colony, K'",3.0,6,2.5,E,20,35000000.0
"Narayanthan, K'",3.3,5,2.5,S,16,42500000.0
"Nakhu, L'",5.2,4,2.5,SW,13,53000000.0
"Bhaisepati, L'",5.0,5,2.5,W,20,40000000.0
"Hattigauda, K'",6.2,5,2.5,E,15,36500000.0
"Bhaisepati, L'",5.0,4,2.5,E,15,39900000.0
"Sundarbasti, K'",4.2,6,2.5,SE,20,38500000.0
"Sundarbasti, K'",5.0,6,2.5,NE,13,38500000.0
"Sitapaila, K'",10.2,4,2.0,NW,20,67400000.0
"Gothatar, K'",3.2,2,1.0,E,20,14000000.0
"Gongabu, K'",4.0,11,2.5,S,13,31500000.0
"Bhaisepati, L'",4.2,5,2.5,SE,13,47500000.0
"Thaiba, L'",4.5,6,2.5,N,22,37000000.0
"Jarankhu, K'",4.0,5,2.5,SE,12,25000000.0
"Dhapakhel, L'",4.2,4,2.5,W,26,18500000.0
"Sudal, B'",3.3,10,3.5,E,10,21000000.0
"Khumaltar, L'",6.0,6,2.5,NE,22,35000000.0
"Baluwa, K'",3.2,5,2.5,N,13,19000000.0
"Deuba Chowk, K'",8.0,8,3.0,E,12,52500000.0
"Machhe Gaun, K'",8.0,5,2.5,NE,13,45000000.0
"Imadol, L'",3.2,4,2.5,NW,11,26500000.0
"Satdobato, L'",6.1,6,2.5,W,12,45000000.0
"Imadol, L'",3.2,6,2.5,SW,20,27500000.0
"Sinamangal, K'",5.2,5,2.5,W,13,45000000.0
"Khumaltar, L'",5.2,7,2.5,W,18,42500000.0
"Radhe Radhe, B'",8.0,6,2.5,SE,16,62500000.0
"Dhapakhel, L'",8.2,4,2.0,NE,13,42000000.0
"Chunikhel, K'",3.0,4,1.0,S,20,15500000.0
"Dhapakhel, L'",3.0,3,2.5,SE,26,29000000.0
"Budhanilkantha, K'",4.0,4,2.5,S,20,32000000.0
"Bhaisepati, L'",5.0,3,2.5,E,18,55000000.0
"Sanepa, L'",9.2,4,2.5,E,16,77500000.0
"Boharatar, K'",3.0,5,2.0,E,13,20000000.0
"Budhanilkantha, K'",4.0,6,2.5,NE,25,48000000.0
"Jhamsikhel, L'",3.0,4,2.5,E,20,40000000.0
"Bhaisepati, L'",3.2,5,2.5,N,20,36500000.0
"Grande Hospital, K'",5.2,5,2.5,E,21,53500000.0
"Bhaisepati, L'",5.0,4,2.5,SW,20,55000000.0
"Budhanilkantha, K'",3.2,6,2.0,E,20,35000000.0
"Pepsicola, K'",3.0,8,3.5,N,10,26000000.0
"Sano bharyang, K'",5.0,4,2.5,N,20,45000000.0
"Sukedhara, K'",7.0,4,2.5,E,12,70000000.0
"Thulo Bharayang, K'",3.0,5,3.0,N,13,35000000.0
"Imadol, L'",2.2,4,2.5,N,13,20500000.0
"Thankot, K'",4.0,4,1.5,S,13,30000000.0
"Lazimpat, K'",2.2,4,2.5,N,10,22500000.0
"Tokha, K'",3.0,5,3.0,S,11,24000000.0
"Khumaltar, L'",4.0,4,2.5,E,26,40000000.0
"Kapan, K'",3.1,4,1.0,E,13,16000000.0
"Budhanilkantha, K'",5.0,6,3.0,NW,20,39000000.0
"Bansbari, K'",9.2,4,2.0,S,13,62500000.0
"Bansbari, K'",10.0,3,2.0,S,13,62500000.0
"Budhanilkantha, K'",8.0,6,2.5,W,20,70000000.0
"Golfutar, K'",3.2,5,2.5,NE,20,31500000.0
"Rudreshwor, K'",6.0,5,2.5,S,15,57500000.0
"Budhanilkantha, K'",8.0,5,2.5,SE,15,67500000.0
"Pasikot, K'",5.0,5,2.5,S,13,33500000.0
"Nepaltar, K'",3.0,5,2.5,S,10,21000000.0
"Thankot, K'",4.0,6,3.0,N,13,26000000.0
"Setipakha, L'",4.0,4,2.5,S,15,31000000.0
"Ekatabasti, K'",2.2,4,2.5,S,12,16000000.0
"Budhanilkantha, K'",4.0,6,2.5,E,13,33500000.0
"Sorhakhutte, K'",3.2,15,5.5,E,12,45000000.0
"Bhaisepati, L'",6.0,5,2.5,S,15,14000000.0
"Thado Dhunga, L'",10.0,3,2.5,N,15,18000000.0
"Imadol, L'",4.0,5,1.5,E,13,34500000.0
"Imadol, L'",3.0,4,1.5,N,11,14500000.0
"Budhanilkantha, K'",3.2,4,1.0,S,13,18500000.0
"Bhaisepati, L'",3.3,4,2.5,N,20,44000000.0
"Imadol, L'",4.1,7,2.5,NE,20,36000000.0
"Budhanilkantha, K'",7.3,4,2.5,S,24,75000000.0
"Budhanilkantha, K'",5.0,7,3.0,SE,13,39500000.0
"Sitapaila, K'",4.2,6,2.5,N,12,30000000.0
"Kapan, K'",4.2,6,2.5,N,13,33800000.0
"Kapan, K'",3.0,5,2.5,S,12,18500000.0
"Manbhawan, L'",3.0,5,2.5,S,26,20000000.0
"Kapan, K'",3.0,2,1.0,SW,12,14000000.0
"Budhanilkantha, K'",4.0,5,2.5,N,13,26000000.0
"Grande Hospital, K'",4.3,4,2.0,N,16,39000000.0
"Nakhipot, L'",2.9,4,2.5,S,20,29000000.0
"Lubhu, L'",2.5,4,2.5,S,13,17500000.0
"Budhanilkantha, K'",4.5,6,2.5,N,13,33500000.0
"Panga, K'",4.0,13,4.0,N,12,27500000.0
"Budhanilkantha, K'",6.0,6,2.5,SE,15,60000000.0
"Anamnagar, K'",3.0,4,4.0,W,4,13000000.0
"Greenhill City, K'",4.0,5,3.0,S,13,25500000.0
"Golfutar, K'",5.2,4,2.5,SE,13,39000000.0
"Budhanilkantha, K'",7.0,5,2.5,SE,14,75000000.0
"Khumaltar, L'",3.2,3,2.5,E,13,36500000.0
"Thaiba, L'",6.0,4,2.5,SE,20,45000000.0
"Bhaisepati, L'",3.3,4,2.5,N,20,41000000.0
"Naya Basti, K'",3.0,7,2.5,S,10,20500000.0
"Gongabu, K'",3.1,8,3.5,W,10,37500000.0
"Golfutar, K'",4.2,3,2.5,W,16,43500000.0
"Dhapasi, K'",3.3,5,2.5,SW,13,31000000.0
"Banasthali, K'",4.0,4,2.5,S,14,31000000.0
"Manjushree Marga, L'",4.0,5,2.0,S,13,27500000.0
"Budhanilkantha, K'",3.0,6,2.5,NW,15,32000000.0
"Handigaun, K'",7.2,7,2.5,S,15,52500000.0
"Chakupat, L'",6.0,5,3.5,S,13,60000000.0
"Deuba Chowk, K'",7.1,8,4.0,E,13,70000000.0
"Satungal, K'",4.3,2,1.0,E,14,21500000.0
"Hattigauda, K'",6.0,6,2.5,E,15,57500000.0
"Naxal, K'",10.0,6,2.5,E,12,82000000.0
"Bansbari, K'",6.2,6,2.5,N,13,55000000.0
"Mandikhatar, K'",3.1,4,2.5,E,13,28500000.0
"Samakhusi, K'",3.3,5,3.0,N,15,30500000.0
"Budhanilkantha, K'",5.0,8,3.5,N,20,69000000.0
"Budhanilkantha, K'",6.0,4,2.0,S,15,47000000.0
"Budhanilkantha, K'",3.2,4,2.0,SE,13,19000000.0
"Mahankal, K'",4.0,4,2.5,N,20,33500000.0
"Narayantar, K'",3.2,6,3.0,S,13,30000000.0
"Budhanilkantha, K'",5.0,5,2.5,S,16,46500000.0
"Narayantar, K'",3.0,6,3.0,S,11,24000000.0
"Budhanilkantha, K'",4.0,6,2.5,N,13,32000000.0
"Nagdaha, L'",3.2,4,2.5,N,20,33000000.0
"Sorhakhutte, K'",5.0,9,3.5,S,12,47500000.0
"Raniban, K'",3.5,6,2.5,S,20,28000000.0
"Budhanilkantha, K'",3.2,6,2.5,N,12,29000000.0
"Gongabu, K'",5.0,4,2.0,W,10,37000000.0
"Sampang Chowk, L'",5.2,5,2.5,S,13,38500000.0
"Ganesh Chowk, K'",6.1,6,2.5,S,15,62000000.0
"Budhanilkantha, K'",5.0,6,2.5,W,13,45000000.0
"Budhanilkantha, K'",4.2,5,2.5,S,13,37500000.0
"Gwarko, L'",4.2,6,3.5,S,14,35500000.0
"Gothatar, K'",7.0,7,3.5,W,14,56000000.0
"Kalimati, K'",9.2,5,3.0,SE,13,92500000.0
"Nalinchwok, B'",3.0,3,2.5,N,8,11000000.0
"Samakhusi, K'",4.0,6,2.5,N,13,33000000.0
"Dhumbarahi, K'",6.0,5,2.5,SE,20,65000000.0
"Kharibot, K'",3.0,6,3.0,E,13,23500000.0
"Nakhu, L'",4.1,5,3.0,NE,10,36000000.0
"Ochu Height, L'",3.2,4,2.5,W,13,22500000.0
"Imadol, L'",3.1,4,2.0,N,16,25000000.0
"Tikathali, L'",3.0,6,2.5,SE,13,23000000.0
"Tikathali, L'",3.0,2,1.0,N,13,15000000.0
"Imadol, L'",3.2,4,2.5,W,13,30000000.0
"Hattiban, L'",3.2,4,2.5,N,22,35000000.0
"Hattiban, L'",3.2,5,2.5,S,13,25000000.0
"Tikathali, L'",2.2,5,2.5,S,13,19500000.0
"Imadol, L'",4.0,4,2.5,S,13,37500000.0
"Tikathali, L'",2.2,4,2.5,S,13,19500000.0
"Kapan, K'",5.1,6,2.5,SE,13,38500000.0
"Chabahil, K'",5.2,5,2.5,SE,5,21500000.0
"Chapali, K'",4.1,5,2.5,SW,15,33500000.0
"Budhanilkantha, K'",3.1,4,2.5,N,18,26500000.0
"Budhanilkantha, K'",6.0,6,2.5,N,13,37000000.0
"Lamatar, L'",3.0,2,1.0,SE,13,12000000.0
"Bafal, K'",8.3,4,3.5,E,13,60000000.0
"Budhanilkantha, K'",10.0,4,2.5,S,15,82000000.0
"Hattiban, L'",4.1,7,3.0,NE,13,39500000.0
"Karyabinayak, L'",3.0,3,2.5,S,20,35000000.0
"Gwarko, L'",2.1,6,2.0,W,13,25000000.0
"Mulpani, K'",4.0,6,2.5,W,12,15500000.0
"Sano bharyang, K'",4.2,4,2.5,E,20,39500000.0
"Bhaisepati, L'",6.2,5,2.5,SW,13,62500000.0
"Kapan, K'",3.1,5,2.5,N,13,24000000.0
"Deuba Chowk, K'",8.0,8,2.5,E,13,49500000.0
"Pasikot, K'",5.0,6,2.5,NE,13,34000000.0
"Golfutar, K'",5.0,5,2.5,W,15,44500000.0
"Gurjudhara, K'",3.2,6,2.5,E,13,22000000.0
"Chunikhel, K'",4.1,6,2.5,S,13,28500000.0
"Bhaisepati, L'",4.0,5,2.5,S,13,27500000.0
"Baluwakhani, K'",3.2,2,1.0,E,13,17000000.0
"Hasantar, K'",8.0,4,2.5,SE,20,48500000.0
"Golfutar, K'",6.1,5,2.5,W,14,65000000.0
"Bhaisepati, L'",4.0,4,2.5,SE,13,49500000.0
"Jyotinagar, K'",5.0,5,2.5,E,18,35000000.0
"Balkumari, L'",5.2,8,4.0,N,12,55000000.0
"Baluwakhani, K'",3.0,5,2.5,W,20,24500000.0
"Goldhunga, K'",3.3,5,2.5,S,10,17000000.0
"Bhaisepati, L'",3.0,4,3.5,SE,16,25000000.0
"Sitapaila, K'",4.0,7,2.5,S,12,30000000.0
"Pingalasthan, K'",5.0,7,3.5,SE,20,45000000.0
"Budhanilkantha, K'",5.0,7,2.5,NE,13,44800000.0
"Rudreshwor, K'",5.0,5,2.5,W,13,35000000.0
"Budhanilkantha, K'",9.1,4,2.5,SW,13,60000000.0
"Syuchatar, K'",4.1,7,3.5,S,20,85000000.0
"Sundarbasti, K'",3.2,7,2.5,E,13,24900000.0
"Nikhileshwor, K'",3.1,5,2.5,W,16,27500000.0
"Chunikhel, K'",4.1,5,3.5,E,13,31500000.0
"Tokha, K'",4.0,7,2.5,N,20,19000000.0
"Jyotinagar, K'",3.5,6,2.5,S,13,22500000.0
"Bafal, K'",4.2,4,2.5,S,13,27500000.0
"Suryabinayak, B'",5.2,5,2.5,S,12,32200000.0
"Mhaipi, K'",4.2,5,3.5,N,20,35000000.0
"Vinayak Colony, L'",4.3,4,2.5,W,20,51000000.0
"Bhaisepati, L'",3.2,4,2.5,S,20,27500000.0
"Dhapakhel, L'",4.0,4,2.5,SW,27,40000000.0
"Budhanilkantha, K'",6.0,6,2.5,NE,15,61000000.0
"Kadaghari, K'",3.0,5,2.5,SW,13,26000000.0
"Syuchatar, K'",4.0,4,2.5,S,20,39000000.0
"Makalbari, K'",3.0,5,2.5,W,13,19500000.0
"Kapan, K'",4.2,6,2.5,E,13,28500000.0
"Tenzing Chowk, K'",8.2,6,2.5,SE,12,65500000.0
"Dhapasi, K'",4.1,7,3.5,SE,16,36000000.0
"Nardevi, K'",1.1,7,4.5,E,5,18000000.0
"Paiyatar, K'",3.1,7,4.0,W,10,18500000.0
"Dhapakhel, L'",3.0,5,2.5,NE,20,27000000.0
"Changathali, L'",4.3,4,2.0,S,13,28500000.0
"Imadol, L'",4.0,5,2.5,SE,13,33000000.0
"Imadol, L'",3.3,6,3.5,W,20,36500000.0
"Imadol, L'",4.2,5,2.5,E,13,36500000.0
"Balkot, B'",3.2,4,2.5,S,13,25000000.0
"Tikathali, L'",4.0,4,2.0,E,13,22000000.0
"Imadol, L'",3.0,4,2.5,E,12,23000000.0
"Sanagaun, L'",3.1,4,2.5,S,16,22000000.0
"Imadol, L'",3.3,4,2.5,SW,13,25000000.0
"Imadol, L'",4.0,6,3.5,N,13,35000000.0
"Imadol, L'",4.0,7,3.5,N,13,35000000.0
"Imadol, L'",3.0,4,2.5,W,20,22000000.0
"Imadol, L'",3.1,5,2.5,SE,10,23000000.0
"Imadol, L'",3.3,4,2.5,E,13,28500000.0
"Imadol, L'",3.0,4,2.5,W,13,26000000.0
"Balkhu, K'",6.0,8,3.0,SW,15,42500000.0
"Khumaltar, L'",5.1,5,2.5,E,12,24000000.0
"Balkhu, K'",3.0,3,2.5,N,16,22300000.0
"Mandikhatar, K'",4.0,6,2.5,E,13,27500000.0
"Pepsicola, K'",4.2,7,3.5,E,36,50000000.0
"Pasikot, K'",4.3,5,2.5,S,20,30000000.0
"Goldhunga, K'",4.5,8,3.5,W,10,29900000.0
"Goldhunga, K'",3.0,8,3.5,W,10,29900000.0
"Chunikhel, K'",3.0,2,1.0,S,12,13300000.0
"Imadol, L'",2.2,4,2.5,S,10,19000000.0
"Kapan, K'",3.3,6,2.5,S,22,33000000.0
"Patan, L'",2.0,3,4.0,S,12,18000000.0
"Dhapasi, K'",6.0,5,2.5,E,10,32500000.0
"Budhanilkantha, K'",5.2,6,2.5,E,15,45000000.0
"Hattigauda, K'",6.0,7,2.5,NE,14,37500000.0
"Baluwakhani, K'",5.1,7,2.5,E,13,34500000.0
"Jorpati, K'",2.2,3,2.5,S,12,14300000.0
"New Buspark, K'",9.0,6,3.5,E,13,85000000.0
"Mitrapark, K'",10.0,7,3.5,E,13,95000000.0
"Boharatar, K'",3.1,4,2.5,E,13,23000000.0
"Chappal karkhana, K'",8.3,5,2.5,S,13,75000000.0
"Sitapaila, K'",4.0,3,2.5,E,13,27500000.0
"Imadol, L'",3.2,4,2.5,E,13,26000000.0
"Imadol, L'",2.2,6,2.5,N,13,17500000.0
"Dhapasi, K'",4.0,3,2.5,S,13,29500000.0
"Dholahiti, L'",4.0,4,2.5,SW,27,40000000.0
"Jyotinagar, K'",4.0,7,2.5,SE,14,35000000.0
"Imadol, L'",3.1,6,2.5,N,13,22500000.0
"Imadol, L'",2.3,4,2.5,N,13,21000000.0
"Ochu Height, L'",3.0,4,2.5,W,13,22500000.0
"Imadol, L'",3.3,6,2.5,W,20,25500000.0
"Bhangal, K'",4.0,6,2.5,SE,18,27000000.0
"Sitapaila, K'",5.0,4,2.5,N,13,29500000.0
"Goldhunga, K'",3.0,4,2.5,E,16,20500000.0
"Mandikhatar, K'",3.0,10,2.5,SE,13,25000000.0
"Lolang, K'",3.0,2,1.0,E,13,13800000.0
"Bhangal, K'",5.0,5,2.5,E,13,29500000.0
"Mandikhatar, K'",3.2,5,2.5,E,13,22200000.0
"Megha City, K'",3.2,5,3.5,SE,13,29900000.0
"Kapan, K'",3.0,2,1.0,E,10,11200000.0
"Ram Mandir, K'",4.2,6,2.5,SW,13,27200000.0
"Syuchatar, K'",4.0,6,2.0,N,13,22400000.0
"Budhanilkantha, K'",3.0,4,3.0,NE,10,29900000.0
"Grande Hospital, K'",4.1,6,2.5,SW,10,32800000.0
"Mandikhatar, K'",4.0,6,2.5,S,12,25000000.0
"Mandikhatar, K'",8.0,5,3.5,W,32,65000000.0
"Balambu, K'",4.0,4,2.5,E,13,22500000.0
"Sainbu, L'",4.7,4,2.0,SW,13,35000000.0
"Ramkot, K'",3.2,6,2.5,W,16,26000000.0
"Sitapaila, K'",3.8,4,4.0,W,14,35000000.0
"Thankot, K'",3.0,8,2.5,E,13,22000000.0
"Bafal, K'",3.2,6,2.5,S,13,45000000.0
"Ramkot, K'",7.2,9,2.5,E,16,42000000.0
"Raniban, K'",3.2,4,2.0,N,20,32000000.0
"Sitapaila, K'",7.2,5,2.5,NE,16,50000000.0
"Raniban, K'",4.2,6,3.5,SW,20,42500000.0
"Raniban, K'",4.3,3,2.5,E,20,42500000.0
"Golfutar, K'",8.0,7,5.0,N,14,77500000.0
"Kapan, K'",4.6,5,2.5,SW,15,47500000.0
"Sano bharyang, K'",10.0,8,3.5,W,14,50000000.0
"Sano bharyang, K'",6.3,5,2.5,NW,16,35000000.0
"Budhanilkantha, K'",1.0,6,2.0,W,20,90000000.0
"Dhapasi, K'",1.0,5,2.0,E,20,70000000.0
"Lubhu, L'",3.0,3,3.0,SE,11,11000000.0
"Budhanilkantha, K'",8.0,5,2.0,E,20,50000000.0
"Sukedhara, K'",4.0,6,2.5,SE,12,32500000.0
"Chapali, K'",4.0,5,3.0,NW,14,39900000.0
"Budhanilkantha, K'",5.0,2,1.0,S,12,15000000.0
"Budhanilkantha, K'",8.0,5,3.0,SE,20,52500000.0
"Budhanilkantha, K'",4.0,6,3.0,E,13,26500000.0
"Sitapaila, K'",4.0,6,3.0,E,13,25500000.0
"Narephate, K'",6.0,6,2.5,E,20,33000000.0
"Sipadol, B'",3.0,7,3.0,E,10,20500000.0
"Sitapaila, K'",4.0,4,2.5,E,13,24000000.0
"Dhapasi, K'",6.1,6,3.0,SE,32,37000000.0
"Imadol, L'",4.0,7,3.5,S,13,22000000.0
"Pepsicola, K'",6.5,6,3.0,E,16,58500000.0
"Imadol, L'",3.0,4,2.5,E,13,18500000.0
"Imadol, L'",3.0,4,2.5,E,13,21000000.0
"Imadol, L'",3.0,5,3.0,S,13,17500000.0
"Kapan, K'",4.0,6,3.0,E,16,27500000.0
"Mandikhatar, K'",7.0,7,4.0,E,15,40000000.0
"Hattigauda, K'",5.0,6,3.0,W,14,26500000.0
"Budhanilkantha, K'",3.1,6,3.0,NE,18,22500000.0
"Tokha, K'",9.0,9,4.0,E,13,40000000.0
"Sukedhara, K'",3.5,6,3.0,E,15,30000000.0
"Budhanilkantha, K'",5.0,5,3.0,N,13,33000000.0
"Budhanilkantha, K'",4.0,5,2.0,W,13,30500000.0
"Mandikhatar, K'",3.1,2,1.0,SW,13,14000000.0
"Budhanilkantha, K'",4.0,6,3.0,SE,13,28000000.0
"Tokha, K'",4.0,10,4.0,SE,26,41000000.0
"Budhanilkantha, K'",4.5,6,3.0,E,14,27000000.0
"Tokha, K'",3.1,5,3.0,E,13,22000000.0
"Budhanilkantha, K'",8.0,5,3.0,SE,15,37000000.0
"Baluwatar, K'",6.0,4,2.5,SW,13,46000000.0
"Naikap, K'",4.0,5,3.0,E,13,22500000.0
"Balkot, B'",4.5,3,2.0,N,20,29000000.0
"Bazar, K'",3.0,3,3.0,E,20,31000000.0
"Jorpati, K'",1.0,5,3.0,SW,12,21000000.0
"Makalbari, K'",4.0,7,2.5,W,10,20000000.0
"Sipadol, B'",3.0,7,3.5,W,20,19000000.0
"Dhapasi, K'",2.4,8,3.0,S,12,40000000.0
"Imadol, L'",3.0,2,1.0,W,20,12500000.0
"Imadol, L'",3.0,5,2.5,E,20,19500000.0
"Imadol, L'",3.0,5,2.5,W,20,22000000.0
"Imadol, L'",4.0,4,2.5,E,20,21500000.0
"Imadol, L'",3.0,4,2.5,NE,20,19500000.0
"Imadol, L'",3.0,4,2.5,S,13,19000000.0
"Imadol, L'",3.0,4,2.5,S,13,18000000.0
"Swayambhu, K'",5.0,8,3.0,S,12,37000000.0
"Swayambhu, K'",4.0,6,3.0,S,12,34000000.0
"Manamaiju, K'",4.0,8,3.0,S,16,26000000.0
"Imadol, L'",3.3,6,3.0,N,10,23500000.0
"Kalanki, K'",4.0,4,2.5,NW,10,17000000.0
"Imadol, L'",3.0,2,1.5,S,13,12500000.0
"Tikathali, L'",3.0,2,1.5,S,13,12500000.0
"Imadol, L'",3.0,4,2.5,NW,13,19000000.0
"Kadaghari, K'",4.0,2,1.5,SW,20,15500000.0
"Bhaisepati, L'",3.51,3,5.0,E,40,16500000.0
"Manamaiju, K'",3.0,5,3.0,W,14,17000000.0
"Godawari, L'",5.0,3,2.0,W,16,12500000.0
"Imadol, L'",4.0,5,2.5,NW,10,22000000.0
"Tikathali, L'",3.0,2,1.5,W,13,11000000.0
"Imadol, L'",3.0,4,1.5,NE,13,13000000.0
"Hattisar, K'",5.0,3,3.0,S,20,50000000.0
"Tokha, K'",5.0,6,3.0,N,14,30000000.0
"Bhaisepati, L'",4.3,4,3.0,S,12,31500000.0
"Harisiddhi, L'",3.0,3,3.0,SE,18,18000000.0
"Budhanilkantha, K'",8.0,4,3.0,SW,20,57500000.0
"Shankhamul, K'",3.0,7,2.5,W,12,35000000.0
"Chabahil, K'",2.5,6,4.0,E,20,25000000.0
"Golfutar, K'",4.0,5,3.0,S,20,37000000.0
"Budhanilkantha, K'",5.0,5,2.0,E,20,36500000.0
"Sano bharyang, K'",3.0,5,3.0,E,14,22500000.0
"Bharyang, K'",3.0,5,3.0,E,15,23500000.0
"Budhanilkantha, K'",3.0,4,3.0,E,15,22500000.0
"Budhanilkantha, K'",4.0,5,3.0,E,15,32500000.0
"Thankot, K'",4.0,10,2.0,E,3,11000000.0
"Sukedhara, K'",5.0,5,2.0,E,12,42500000.0
"Budhanilkantha, K'",6.0,5,2.0,E,18,35000000.0
"Sukedhara, K'",6.0,6,3.0,E,20,45000000.0
"Manamaiju, K'",3.75,5,3.0,E,12,17000000.0
"Goldhunga, K'",3.0,6,2.5,SE,10,16500000.0
"Sitapaila, K'",3.0,4,2.5,E,13,20500000.0
"Imadol, L'",4.75,7,3.0,NE,13,25000000.0
"Imadol, L'",4.0,4,1.0,SW,20,21000000.0
"Kapan, K'",1.26,6,3.0,S,13,18000000.0
"Gairgaun, K'",5.0,4,3.0,E,14,55000000.0
"Budhanilkantha, K'",6.0,5,3.0,NE,13,45000000.0
"Sano bharyang, K'",3.1,6,3.0,E,14,22500000.0
"Swayambhu, K'",3.0,6,3.0,E,13,23500000.0
"Bhaisepati, L'",4.0,4,2.0,NE,40,28200000.0
"Kadaghari, K'",3.0,2,1.0,E,10,13000000.0
"Budhanilkantha, K'",4.0,5,3.0,E,13,32500000.0
"Satungal, K'",5.0,11,3.0,N,13,26000000.0
"Chapali, K'",5.0,7,4.0,SE,13,24000000.0
"Dhapakhel, L'",2.0,3,2.5,W,12,17700000.0
"Pasikot, K'",3.0,5,3.0,NE,14,16800000.0
"Budhanilkantha, K'",5.5,6,3.0,NE,30,34000000.0
"Budhanilkantha, K'",3.0,5,3.0,SE,14,22500000.0
"Baluwatar, K'",5.0,7,2.5,N,10,41000000.0
"Bhaisepati, L'",7.0,8,4.0,NW,12,37500000.0
"Tinthana, K'",3.0,5,2.5,E,13,16000000.0
"Tikathali, L'",4.0,6,2.5,W,20,21500000.0
"Baluwatar, K'",6.0,5,2.5,S,13,60000000.0
"Thankot, K'",3.0,6,3.0,W,23,13000000.0
"Nagarjun, K'",3.25,5,3.0,N,15,17500000.0
"Bafal, K'",4.0,7,3.0,S,10,31000000.0
"Imadol, L'",3.0,5,3.0,NE,20,19500000.0
"Budhanilkantha, K'",8.0,5,2.0,E,20,65000000.0
"Budhanilkantha, K'",6.0,6,3.0,E,16,37000000.0
"Budhanilkantha, K'",3.0,4,2.0,E,15,19000000.0
"Dhapasi, K'",8.0,5,3.0,SE,22,65000000.0
"Imadol, L'",3.0,5,2.5,W,20,19500000.0
"Sitapaila, K'",4.0,8,3.0,W,14,24000000.0
"Tikathali, L'",1.1,5,4.0,E,15,20000000.0
"Imadol, L'",4.0,6,3.0,W,13,23500000.0
"Jorpati, K'",3.0,4,2.0,S,18,24000000.0
"Tikathali, L'",9.0,4,3.0,S,15,40000000.0
"Balkot, B'",5.0,4,3.0,S,28,39999999.0
"Shantinagar, K'",7.0,7,3.0,W,13,43500000.0
"Basundhara, K'",2.5,4,2.0,E,16,22500000.0
"Golfutar, K'",6.0,6,3.0,E,15,45000000.0
"Chabahil, K'",4.5,5,3.0,E,14,49500000.0
"Baniyatar, K'",3.5,6,3.0,NE,15,24000000.0
"Basundhara, K'",8.0,6,3.0,SW,20,45000000.0
"Basundhara, K'",10.0,7,3.0,S,15,60000000.0
"Basundhara, K'",2.5,5,3.0,E,14,22500000.0
"Sukedhara, K'",6.0,8,4.0,SE,20,42000000.0
"Imadol, L'",3.0,2,1.35,NE,10,13000000.0
"Imadol, L'",3.0,2,1.5,N,10,12700000.0
"Imadol, L'",2.0,2,1.5,W,16,11000000.0
"Imadol, L'",3.0,2,1.5,W,13,12000000.0
"Tikathali, L'",3.0,2,1.5,E,13,12500000.0
"Budhanilkantha, K'",3.0,8,3.0,N,10,19000000.0
"Tikathali, L'",3.0,2,1.5,S,13,11500000.0
"Tikathali, L'",4.0,2,1.5,NE,16,15000000.0
"Tikathali, L'",3.0,2,1.5,E,13,11000000.0
"Bhangal, K'",4.0,5,3.0,W,13,23000000.0
"Baluwatar, K'",5.5,7,4.0,E,14,60000000.0
"Baluwatar, K'",5.5,5,4.0,E,13,60000000.0
"Basundhara, K'",4.0,7,3.0,E,14,25500000.0
"Samakhusi, K'",7.0,5,2.0,SE,14,55000000.0
"Kapan, K'",3.3,5,2.0,E,13,24000000.0
"Samakhusi, K'",7.0,5,3.0,S,14,55000000.0
"Basundhara, K'",3.75,7,4.0,SW,14,25500000.0
"Mandikhatar, K'",4.0,6,2.0,E,15,27500000.0
"Budhanilkantha, K'",10.0,5,2.0,E,16,63000000.0
"Budhanilkantha, K'",6.0,6,3.0,E,30,34500000.0
"Baluwatar, K'",5.2,3,2.0,E,15,39500000.0
"Imadol, L'",5.0,4,1.5,NE,4,12000000.0
"Tikathali, L'",3.0,2,1.0,E,13,12500000.0
"Imadol, L'",3.75,4,3.0,W,13,23500000.0
"Imadol, L'",3.0,6,3.0,E,13,27000000.0
"Mandikhatar, K'",4.0,7,3.0,E,13,27600000.0
"Chabahil, K'",4.5,4,2.0,E,16,50000000.0
"Banasthali, K'",3.0,4,2.0,E,15,22500000.0
"Baluwatar, K'",6.0,6,3.0,SE,15,42500000.0
"Budhanilkantha, K'",3.1,5,3.0,N,13,18000000.0
"Bhangal, K'",4.0,6,3.0,E,14,27500000.0
"Shantinagar, K'",5.0,5,2.5,W,15,33000000.0
"Satdobato, L'",5.0,5,3.0,S,8,3700000.0
"Imadol, L'",4.0,4,2.5,SW,20,21000000.0
"Bhaisepati, L'",4.0,5,3.0,SE,13,28500000.0
"Chapali, K'",8.5,7,3.0,E,13,42000000.0
"Gwarko, L'",3.0,3,2.5,S,13,21000000.0
"Gothatar, K'",3.0,3,2.5,E,14,18500000.0
"Kapan, K'",3.0,4,3.0,W,16,17000000.0
"Mandikhatar, K'",4.0,8,3.0,SE,20,32500000.0
"Budhanilkantha, K'",4.0,5,3.0,E,15,29800000.0
"Hattigauda, K'",5.5,5,3.0,NW,14,33500000.0
"Budhanilkantha, K'",5.0,7,3.0,SW,20,29900000.0
"Basundhara, K'",5.3,6,3.0,S,14,49000000.0
"Buddhanagar, K'",3.0,5,2.5,S,10,29900000.0
"Tokha, K'",3.0,6,3.0,E,13,21000000.0
"Hattigauda, K'",6.0,5,3.0,N,13,45000000.0
"Tokha, K'",4.0,6,3.0,SE,14,33500000.0
"Hattigauda, K'",4.0,5,3.0,N,15,28500000.0
"Bazar, K'",5.0,5,3.0,E,20,35000000.0
"Budhanilkantha, K'",8.5,5,3.0,W,13,49000000.0
"Bharyang, K'",7.0,5,3.0,E,15,39000000.0
"Tokha, K'",4.0,6,3.0,E,13,29000000.0
"Budhanilkantha, K'",5.0,5,3.0,S,16,44500000.0
"Basundhara, K'",4.1,5,3.0,E,16,29800000.0
"Baneshwor, K'",4.0,6,3.0,E,15,38700000.0
"Baneshwor, K'",4.0,6,3.0,E,13,39000000.0
"Syuchatar, K'",4.0,4,1.5,S,18,15000000.0
"Tinkune, K'",5.75,4,2.0,E,11,32500000.0
"Sitapaila, K'",4.0,6,2.5,E,14,21000000.0
"Imadol, L'",3.0,5,2.5,S,20,21500000.0
"Imadol, L'",3.0,6,2.5,S,20,22500000.0
"Golfutar, K'",7.0,4,2.0,E,20,35000000.0
"Basundhara, K'",5.0,4,2.0,E,15,36500000.0
"Hattigauda, K'",5.0,4,2.0,SE,15,37500000.0
"Tokha, K'",3.1,4,2.0,E,12,25000000.0
"Budhanilkantha, K'",4.0,4,2.0,E,14,24000000.0
"Basundhara, K'",4.75,4,3.0,E,15,35500000.0
"Hattigauda, K'",5.5,4,2.0,E,15,35500000.0
"Tokha, K'",4.0,4,2.0,E,13,29500000.0
"Kapan, K'",4.5,4,2.0,SE,14,28000000.0
"Dhapasi, K'",5.0,4,2.0,E,15,35000000.0
"Golfutar, K'",9.0,4,2.0,SE,20,55000000.0
"Maharajgunj, K'",8.0,4,2.0,SE,14,55000000.0
"Samakhusi, K'",5.0,6,2.0,E,15,35000000.0
"Budhanilkantha, K'",6.0,5,2.0,NE,15,36000000.0
"Kapan, K'",4.0,4,2.0,NE,14,26000000.0
"Golfutar, K'",9.0,5,2.0,SE,16,47500000.0
"Kapan, K'",3.2,5,3.0,E,13,18200000.0
"Kapan, K'",4.0,6,3.0,E,14,26000000.0
"Swayambhu, K'",7.0,5,3.0,E,14,39000000.0
"Hattigauda, K'",5.5,5,3.0,NW,13,33500000.0
"Basundhara, K'",7.0,5,3.0,E,14,39900000.0
"Mandikhatar, K'",4.0,8,4.0,SE,20,32500000.0
"Budhanilkantha, K'",5.0,5,3.0,S,14,29000000.0
"Budhanilkantha, K'",6.0,5,3.0,E,13,36000000.0
"Golfutar, K'",9.0,4,3.0,E,15,47500000.0
"Imadol, L'",2.0,5,2.5,W,13,15000000.0
"Imadol, L'",3.0,6,2.5,N,13,20000000.0
"Samakhusi, K'",3.5,6,3.0,NW,13,23000000.0
"Imadol, L'",3.0,5,2.5,W,13,18500000.0
"Hattigauda, K'",4.0,6,3.0,NE,22,24500000.0
"Bhangal, K'",4.0,6,3.0,E,18,23800000.0
"Budhanilkantha, K'",4.5,5,3.0,SW,14,31000000.0
"Tokha, K'",4.0,6,3.0,S,13,29000000.0
"Maharajgunj, K'",8.0,5,3.0,S,15,56000000.0
"Maharajgunj, K'",9.0,5,3.0,SE,20,67500000.0
"Samakhusi, K'",3.75,6,3.0,E,13,37500000.0
"Samakhusi, K'",4.75,6,3.0,E,13,35000000.0
"Imadol, L'",3.0,5,2.5,E,20,22000000.0
"Imadol, L'",3.0,5,2.5,E,13,19500000.0
"Lubhu, L'",3.0,5,2.5,S,20,17000000.0
"Imadol, L'",3.0,6,2.5,S,16,17500000.0
"Imadol, L'",3.0,5,2.5,SE,13,17500000.0
"Naikap, K'",6.0,11,2.5,S,11,22000000.0
"Narephate, K'",3.0,5,2.5,E,13,22000000.0
"Nagarjun, K'",3.1,5,3.0,N,15,17500000.0
"Tokha, K'",4.0,4,2.0,E,12,21000000.0
"Imadol, L'",3.0,4,2.5,S,13,17000000.0
"Imadol, L'",3.0,8,2.5,S,13,17000000.0
"Imadol, L'",3.0,10,3.0,S,13,22000000.0
"Tarakeshwar, K'",4.0,2,1.0,NE,13,11500000.0
"Imadol, L'",3.5,4,3.0,S,13,19700000.0
"Baniyatar, K'",4.0,6,3.0,E,20,29000000.0
"Hattigauda, K'",5.5,6,3.0,E,13,45000000.0
"Golfutar, K'",7.0,4,3.0,W,30,36000000.0
"Hattigauda, K'",5.5,5,3.0,NW,13,35500000.0
"Bharyang, K'",2.75,3,3.0,SW,13,24100000.0
"Budhanilkantha, K'",7.5,5,3.0,E,20,40000000.0
"Thaiba, L'",3.0,3,3.0,S,20,20000000.0
"Imadol, L'",3.1,5,3.0,W,13,18000000.0
"Gongabu, K'",3.2,4,2.5,N,13,26000000.0
"Dhapasi, K'",3.5,5,3.0,E,13,25500000.0
"Chapali, K'",3.5,5,3.0,E,15,68000000.0
"Mandikhatar, K'",3.0,6,3.0,W,13,18200000.0
"Bhangal, K'",3.1,6,3.0,SW,12,19900000.0
"Baluwatar, K'",6.0,5,3.0,NE,13,60000000.0
"Ekatabasti, K'",4.0,7,3.0,SW,13,29900000.0
"Ekatabasti, K'",5.0,7,3.0,SE,13,29900000.0
"Dhapasi, K'",5.0,4,3.0,NE,20,33500000.0
"Balkhu, K'",4.5,3,3.0,E,20,23000000.0
"Swayambhu, K'",3.1,5,3.0,NE,13,20600000.0
"Manohara, K'",4.0,5,3.0,W,26,26000000.0
"Budhanilkantha, K'",7.0,4,3.0,SE,15,45000000.0
"Guheshwori, K'",4.0,8,3.0,NE,16,28500000.0
"Imadol, L'",2.3,2,1.0,E,13,11000000.0
"Imadol, L'",3.1,4,3.0,E,20,19200000.0
"Ekatabasti, K'",5.5,5,3.0,E,13,36000000.0
"Sitapaila, K'",3.1,4,3.0,N,13,18000000.0
"Tokha, K'",4.0,6,3.0,E,13,23000000.0
"Mandikhatar, K'",3.14,6,3.0,SE,13,19900000.0
"Samakhusi, K'",4.0,7,4.0,E,14,40000000.0
"Bhangal, K'",3.5,5,3.0,S,13,21500000.0
"Dhumbarahi, K'",8.0,7,3.0,E,13,62000000.0
"Budhanilkantha, K'",5.5,4,2.0,E,15,32500000.0
"Golfutar, K'",7.0,4,2.0,E,15,35000000.0
"Budhanilkantha, K'",4.2,4,2.0,E,14,31000000.0
"Sukedhara, K'",3.3,4,2.0,E,18,32500000.0
"Mandikhatar, K'",3.1,4,3.0,E,15,20000000.0
"Golfutar, K'",4.0,4,3.0,E,30,32500000.0
"Budhanilkantha, K'",5.0,10,3.0,N,15,22000000.0
"Budhanilkantha, K'",6.0,4,3.0,E,33,35000000.0
"Banasthali, K'",5.0,7,4.0,S,16,37000000.0
"Imadol, L'",3.0,2,2.0,W,5,6500000.0
"Ekatabasti, K'",4.5,7,3.0,E,13,27500000.0
"Golfutar, K'",3.0,6,3.0,E,13,18000000.0
"Kusunti, L'",5.2,4,3.0,NW,13,38500000.0
"Mulpani, K'",4.0,4,4.0,E,22,35000000.0
"Pepsicola, K'",2.5,4,3.0,SE,13,13500000.0
"Kapan, K'",2.05,6,3.0,E,12,32500000.0
"Satdobato, L'",10.0,3,2.0,E,20,70000000.0
"Shantinagar, K'",9.2,4,3.0,E,20,70000000.0
"Imadol, L'",2.3,3,3.0,NE,10,13500000.0
"Imadol, L'",3.0,2,1.0,NE,12,12000000.0
"Mandikhatar, K'",5.0,6,3.0,E,13,27800000.0
"Golfutar, K'",10.0,6,3.0,E,20,56000000.0
"Budhanilkantha, K'",8.1,6,3.0,SE,15,44500000.0
"Banasthali, K'",3.0,8,3.0,S,10,19000000.0
"Kadaghari, K'",2.2,3,1.0,N,4,7500000.0
"Imadol, L'",3.3,7,3.0,S,13,22500000.0
"Baneshwor, K'",7.0,7,2.0,SE,10,50000000.0
"Balaju, K'",3.0,7,4.0,N,13,25000000.0
"Kaushaltar, B'",7.2,5,3.0,E,15,30000000.0
"Bansbari, K'",5.0,2,3.0,S,13,28000000.0
"Bhangal, K'",3.5,5,3.0,E,13,21500000.0
"Budhanilkantha, K'",5.0,7,3.0,E,20,25500000.0
"Banasthali, K'",5.3,5,3.0,N,20,39500000.0
"Chabahil, K'",5.1,2,1.0,S,12,18000000.0
"Sitapaila, K'",3.0,3,3.0,E,14,22000000.0
"Maharajgunj, K'",6.5,5,2.0,E,15,62500000.0
"Dhapasi, K'",8.0,6,3.0,SW,20,45000000.0
"Kapan, K'",5.0,6,3.0,E,14,22000000.0
"Tikathali, L'",4.0,3,2.0,W,13,17000000.0
"Budhanilkantha, K'",4.0,10,4.0,S,30,30000000.0
"Thaiba, L'",4.0,4,3.0,E,13,19000000.0
"Tarakeshwar, K'",2.2,1,1.0,NW,10,12000000.0
"Harisiddhi, L'",3.0,8,3.0,N,20,15500000.0
"Samakhusi, K'",4.0,5,3.0,E,15,44000000.0
"Bhangal, K'",4.5,6,3.0,E,20,28500000.0
"Samakhusi, K'",5.0,11,4.0,N,13,30000000.0
"Maharajgunj, K'",6.5,5,3.0,E,15,65000000.0
"Dhapasi, K'",6.2,6,3.0,W,32,35000000.0
"Anamnagar, K'",5.0,5,4.0,E,12,33000000.0
"Samakhusi, K'",3.0,9,3.0,S,13,22500000.0
"Samakhusi, K'",4.0,6,3.0,W,13,27500000.0
"Imadol, L'",4.0,6,3.0,SE,13,23800000.0
"Swayambhu, K'",4.0,10,3.0,S,12,23000000.0
"Nakhu, L'",1.1,4,3.0,SW,16,26500000.0
"Budhanilkantha, K'",8.1,5,2.0,E,13,41000000.0
"Budhanilkantha, K'",4.5,6,3.0,E,13,25500000.0
"Pepsicola, K'",1.1,6,3.0,S,30,32000000.0
"Gothatar, K'",2.2,8,3.0,W,13,14000000.0
"Kadaghari, K'",3.0,5,3.0,E,12,17000000.0
"Imadol, L'",3.0,2,1.0,NE,13,10000000.0
"Imadol, L'",3.2,9,4.0,NW,33,30000000.0
"Kadaghari, K'",5.0,11,2.0,W,15,22000000.0
"Kadaghari, K'",2.2,7,2.0,N,13,13200000.0
"Imadol, L'",3.2,5,3.0,N,13,19500000.0
"Kapan, K'",4.0,11,3.0,E,13,26500000.0
"Kapan, K'",4.0,11,3.0,N,13,25500000.0
"Naikap, K'",6.3,5,3.0,S,15,29500000.0
"Imadol, L'",2.2,4,3.0,S,13,15000000.0
"Imadol, L'",3.0,4,3.0,SE,10,19000000.0
"Imadol, L'",3.3,4,3.0,S,20,23500000.0
"Imadol, L'",3.0,5,3.0,NW,11,18000000.0
"Imadol, L'",3.1,3,3.0,S,13,18500000.0
"Tokha, K'",4.2,7,3.0,SE,10,24500000.0
"Sanepa, L'",3.0,2,1.0,W,13,4800000.0
"Baghdol, L'",1.0,4,2.0,W,20,19500000.0
"Nakhu, L'",4.0,4,2.0,E,16,26500000.0
"Budhanilkantha, K'",3.0,2,3.0,W,12,15000000.0
"Bazar, K'",3.0,3,3.0,E,20,40000000.0
"Manamaiju, K'",2.2,4,3.0,E,10,13500000.0
"Imadol, L'",3.0,3,1.0,N,14,11000000.0
"Maharajgunj, K'",9.0,5,3.0,N,13,70000000.0
"Bhangal, K'",3.5,5,3.0,E,14,17900000.0
"Bhangal, K'",7.0,5,3.0,SW,15,34500000.0
"Basundhara, K'",7.0,7,3.0,E,20,41000000.0
"Koteshwor, K'",1.5,7,4.0,E,26,18500000.0
"Hattigauda, K'",6.0,9,5.0,S,14,36500000.0
"Bhangal, K'",3.5,5,2.0,W,13,21000000.0
"Kapan, K'",3.5,2,1.0,N,12,7500000.0
"Imadol, L'",3.3,2,1.0,E,13,13000000.0
"Tokha, K'",3.1,5,3.0,S,12,17800000.0
"Budhanilkantha, K'",3.5,5,3.0,NE,12,21800000.0
"Basundhara, K'",3.1,4,2.0,S,15,23000000.0
"Kadaghari, K'",4.0,5,3.0,W,12,29000000.0
"Dhapasi, K'",1.0,3,2.0,N,20,70000000.0
"Shantinagar, K'",6.2,6,3.0,N,10,42500000.0
"Pasikot, K'",4.0,5,3.0,W,20,30000000.0
"Jhamsikhel, L'",1.9,2,1.0,E,20,12000000.0
"Kirtipur, K'",4.2,6,3.0,S,12,25000000.0
"Gurjudhara, K'",4.1,6,2.0,SE,11,17000000.0
"Sanepa, L'",4.0,4,3.0,N,13,30000000.0
"Bhangal, K'",4.0,6,3.0,NW,15,24000000.0
"Bhangal, K'",4.0,6,3.0,SE,14,24000000.0
"Imadol, L'",3.0,5,3.0,E,13,21000000.0
"Tokha, K'",4.0,5,3.0,S,26,27500000.0
"Nepaltar, K'",4.0,11,3.0,N,13,24000000.0
"Bhaisepati, L'",4.2,3,3.0,SW,18,28500000.0
"Budhanilkantha, K'",10.0,4,3.0,E,15,62000000.0
"Basundhara, K'",6.0,6,4.0,S,15,42500000.0
"Hattigauda, K'",4.0,5,3.0,E,30,24500000.0
"Basundhara, K'",8.0,6,3.0,SW,15,45000000.0
"Baluwatar, K'",4.0,5,3.0,S,15,34000000.0
"Jorpati, K'",7.89,4,3.0,E,12,21500000.0
"Joranku, K'",3.0,5,3.0,W,8,15900000.0
"Gurjudhara, K'",3.1,2,1.0,W,10,8500000.0
"Budhanilkantha, K'",5.0,4,3.0,NE,15,30500000.0
"Sukedhara, K'",3.0,6,2.0,N,14,21000000.0
"Tikathali, L'",3.2,6,3.0,E,12,22500000.0
"Budhanilkantha, K'",3.3,3,3.0,E,20,33000000.0
"Sukedhara, K'",6.0,5,2.5,S,15,40000000.0
"Kapan, K'",3.0,2,1.0,S,10,10600000.0
"Bhaisepati, L'",5.5,4,3.0,E,15,19000000.0
"Basundhara, K'",5.0,5,3.0,S,14,39000000.0
"Budhanilkantha, K'",10.0,4,2.0,S,13,39000000.0
"Banasthali, K'",10.0,4,3.0,S,12,70000000.0
"Budhanilkantha, K'",8.31,5,3.0,E,12,35000000.0
"Makalbari, K'",3.2,2,1.0,SW,12,10500000.0
"Kapan, K'",3.0,3,3.0,N,10,12500000.0
"Khumaltar, L'",4.0,6,3.0,S,14,19500000.0
"Kalanki, K'",6.1,7,3.0,E,14,38000000.0
"Sitapaila, K'",7.0,4,3.0,SE,20,29500000.0
"Bouddha, K'",3.1,10,3.0,S,20,22000000.0
"Dadhikot, B'",4.0,12,4.0,SE,20,22500000.0
"Sitapaila, K'",3.5,3,3.0,S,13,18000000.0
"Sukedhara, K'",6.3,9,4.0,E,12,34500000.0
"Tokha, K'",3.0,2,1.0,N,13,11500000.0
"Basundhara, K'",5.0,2,3.0,N,14,37500000.0
"Bhangal, K'",4.2,4,3.0,S,26,32500000.0
"Balkot, B'",7.0,2,1.0,E,13,25000000.0
"Budhanilkantha, K'",7.0,4,3.0,S,20,57500000.0
"Dallu, K'",3.1,8,3.0,W,20,29000000.0
"Budhanilkantha, K'",3.1,7,2.0,N,15,17800000.0
"Golfutar, K'",4.0,5,2.5,SW,15,29000000.0
"Tokha, K'",3.1,4,2.0,W,13,14200000.0
"Kapan, K'",5.0,2,1.0,S,11,15000000.0
"Baniyatar, K'",3.1,6,3.0,S,10,16500000.0
"Tokha, K'",7.5,6,3.0,W,15,53000000.0
"Tokha, K'",8.0,6,3.0,SE,12,43000000.0
"Baniyatar, K'",4.0,10,3.0,N,16,35000000.0
"Nakhu, L'",4.2,4,2.5,NW,14,25500000.0
"Imadol, L'",3.5,5,3.0,S,13,16500000.0
"Sukedhara, K'",5.1,10,3.0,E,14,31800000.0
"Sukedhara, K'",3.1,3,2.0,SW,24,19000000.0
"Bhaisepati, L'",6.5,5,3.0,N,16,44500000.0
"Hattigauda, K'",5.0,5,3.0,S,15,32000000.0
"Golfutar, K'",4.1,5,3.0,NE,12,28500000.0
"Basundhara, K'",4.3,5,3.0,E,12,26000000.0
"Nagdaha, L'",3.2,4,2.0,W,15,9500000.0
"Sitapaila, K'",5.0,6,3.0,N,13,25000000.0
"Thankot, K'",4.0,5,3.0,S,16,17500000.0
"Goldhunga, K'",2.5,3,1.0,W,10,6500000.0
"Kadaghari, K'",3.0,3,1.0,NE,13,12500000.0
"Imadol, L'",3.5,2,1.0,E,20,14200000.0
"Budhanilkantha, K'",3.2,2,1.0,W,12,12800000.0
"Jorpati, K'",3.0,9,5.0,E,36,39000000.0
"Budhanilkantha, K'",4.0,10,3.0,S,13,27500000.0
"Jorpati, K'",3.0,9,3.0,SW,10,16500000.0
"Budhanilkantha, K'",5.0,5,3.0,SE,13,32000000.0
"Dhapasi, K'",3.1,4,3.0,E,13,17000000.0
"Budhanilkantha, K'",3.2,3,2.0,S,13,13000000.0
"Kaushaltar, B'",3.5,10,4.0,E,20,19500000.0
"Sitapaila, K'",5.0,4,3.0,S,20,23000000.0
"Jhamsikhel, L'",3.0,5,3.0,S,20,35000000.0
"Bhaisepati, L'",10.0,5,3.0,SW,13,70000000.0
"Dhapasi, K'",4.0,3,2.0,E,20,23500000.0
"Imadol, L'",3.3,7,3.0,SW,13,22500000.0
"Khumaltar, L'",10.0,5,3.0,S,20,60000000.0
"Bharyang, K'",3.5,5,3.0,W,12,22700000.0
"Basundhara, K'",3.5,9,3.0,SE,12,19800000.0
"Raniban, K'",6.0,7,3.0,E,14,33500000.0
"Budhanilkantha, K'",4.5,6,3.0,W,13,25000000.0
"Samakhusi, K'",4.2,10,3.0,S,20,34500000.0
"Bhaisepati, L'",8.0,4,3.0,S,16,39077000.0
"Khumaltar, L'",1.78,6,4.0,SW,13,37500000.0
"Chundevi, K'",4.0,8,4.0,SW,14,31000000.0
"Ekantakuna, L'",3.0,5,3.0,W,22,27000000.0
"Dhobighat, L'",8.0,4,3.0,E,20,40000000.0
"Budhanilkantha, K'",4.0,4,3.0,W,13,21500000.0
"Jorpati, K'",3.2,4,1.0,E,12,12000000.0
"Tikathali, L'",3.1,10,3.0,E,10,14500000.0
"Kapan, K'",4.0,7,3.0,S,16,24000000.0
"Kapan, K'",4.0,11,3.0,S,20,20400000.0
"Mulpani, K'",3.1,7,5.0,SE,14,16000000.0
"Tikathali, L'",3.2,4,1.0,W,10,9000000.0
"Basundhara, K'",2.3,3,3.0,SE,12,19500000.0
"Kapan, K'",3.2,4,3.0,E,13,17000000.0
"Kapan, K'",3.2,1,3.0,W,13,20000000.0
"Pasikot, K'",3.2,6,3.0,N,12,17500000.0
"Bhangal, K'",4.0,4,3.0,E,13,25000000.0
"Bafal, K'",4.5,4,3.0,W,13,26500000.0
"Dhumbarahi, K'",4.1,8,3.0,S,13,32500000.0
"Makalbari, K'",3.1,7,4.0,SW,14,21500000.0
"Mhaipi, K'",7.0,8,4.0,NW,15,38000000.0
"Dhapasi, K'",4.3,7,4.0,N,12,25000000.0
"Dallu, K'",3.0,15,4.0,N,20,24000000.0
"Tokha, K'",3.2,8,4.0,W,20,17000000.0
"Gongabu, K'",4.3,5,3.0,N,16,26000000.0
"Kalanki, K'",3.0,3,3.0,SW,12,13500000.0
"Budhanilkantha, K'",4.0,6,3.0,E,20,22800000.0
"Basundhara, K'",1.0,3,3.0,E,12,26000000.0
"Sukedhara, K'",4.0,6,4.0,S,12,27500000.0
"Mandikhatar, K'",3.13,4,3.0,E,12,22500000.0
"Hattigauda, K'",6.5,5,3.0,W,15,30000000.0
"Baluwatar, K'",6.0,6,3.0,NE,12,51500000.0
"Sitapaila, K'",1.0,11,3.0,W,20,15000000.0
"Basundhara, K'",9.6,11,3.0,S,14,45000000.0
"Sukedhara, K'",5.0,11,3.0,E,15,33000000.0
"Dhumbarahi, K'",7.0,12,4.0,E,13,40000000.0
"Bhangal, K'",3.1,9,3.0,S,13,18200000.0
"Budhanilkantha, K'",1.17,5,3.0,E,13,19200000.0
"Budhanilkantha, K'",3.5,12,4.0,E,13,17700000.0
"Budhanilkantha, K'",6.0,10,3.0,W,13,29800000.0
"Budhanilkantha, K'",3.5,9,3.0,NW,13,21000000.0
"Budhanilkantha, K'",6.0,6,3.0,SE,13,34000000.0
"Chandol, K'",1.75,6,3.0,SE,14,40000000.0
"Budhanilkantha, K'",3.0,10,3.0,SW,13,16800000.0
"Dhapakhel, L'",3.0,3,3.0,S,10,12500000.0
"Balaju, K'",3.2,5,2.0,NW,13,14200000.0
"Satdobato, L'",3.0,5,3.0,N,16,20000000.0
"Sundarbasti, K'",3.2,5,3.0,E,13,19500000.0
"Swayambhu, K'",3.1,4,2.0,S,18,21000000.0
"Samakhusi, K'",3.0,6,4.0,N,10,22500000.0
"Chabahil, K'",4.0,5,3.0,SW,12,37000000.0
"Ramkot, K'",3.0,4,3.0,E,20,19000000.0
"Sitapaila, K'",9.0,5,3.0,E,12,45000000.0
"Tarakeshwar, K'",4.0,6,3.0,S,12,16500000.0
"Gongabu, K'",4.2,10,5.0,W,10,29000000.0
"Kadaghari, K'",3.2,6,3.5,SE,13,36000000.0
"Pepsicola, K'",3.2,10,3.0,E,13,24000000.0
"Kadaghari, K'",3.0,4,1.0,E,13,12000000.0
"Joranku, K'",3.2,3,3.0,S,10,15000000.0
"Sitapaila, K'",5.0,4,3.0,E,13,20000000.0
"Imadol, L'",3.0,4,3.0,SE,13,16000000.0
"Gongabu, K'",2.2,9,4.0,N,9,31000000.0
"Samakhusi, K'",2.2,5,3.0,S,16,20500000.0
"Bharyang, K'",4.0,4,3.0,E,12,26000000.0
"Lazimpat, K'",4.6,3,3.0,S,20,17500000.0
"Dhapakhel, L'",4.0,4,3.0,S,13,25000000.0
"Budhanilkantha, K'",4.0,3,2.0,SW,18,28500000.0
"Lubhu, L'",5.0,4,2.0,SE,13,14500000.0
"Sundarbasti, K'",5.0,6,3.0,SE,13,27500000.0
"Chabahil, K'",4.5,10,3.0,W,20,35000000.0
"Syuchatar, K'",3.0,5,3.0,N,20,20000000.0
"Tripureshwor, K'",8.5,3,4.0,SE,13,25000000.0
"Balkhu, K'",9.0,7,3.0,S,10,49500000.0
"Kirtipur, K'",6.0,4,2.0,SE,20,18000000.0
"Hattisar, K'",3.0,6,3.0,W,20,43500000.0
"Lokanthali, B'",7.1,14,3.0,E,14,35000000.0
"Bharyang, K'",6.0,3,2.0,NW,20,70000000.0
"Kalanki, K'",7.0,8,3.0,E,14,41500000.0
"Thapathali, K'",4.0,5,2.0,E,14,40100000.0
"Mulpani, K'",3.0,5,3.0,N,10,16500000.0
"Dhapasi, K'",5.0,4,3.0,W,15,26000000.0
"Harisiddhi, L'",7.1,8,3.5,E,10,33000000.0
"Hattigauda, K'",7.0,4,2.0,E,13,55000000.0
"Jhamsikhel, L'",2.0,2,1.0,E,20,12500000.0
"Bhaisepati, L'",1.9,3,4.0,NW,28,13000000.0
"Lokanthali, B'",7.0,6,3.0,NE,18,35000000.0
"Sitapaila, K'",2.5,4,2.0,NE,13,12000000.0
"Budhanilkantha, K'",8.0,5,2.0,E,12,27000000.0
